duration,protocol_type,service,flag,src_bytes,dst_bytes,land,wrong_fragment,urgent,hot,num_failed_logins,logged_in,num_compromised,root_shell,su_attempted,num_root,num_file_creations,num_shells,num_access_files,num_outbound_cmds,is_host_login,is_guest_login,count,srv_count,serror_rate,srv_serror_rate,rerror_rate,srv_rerror_rate,same_srv_rate,diff_srv_rate,srv_diff_host_rate,dst_host_count,dst_host_srv_count,dst_host_same_srv_rate,dst_host_diff_srv_rate,dst_host_same_src_port_rate,dst_host_srv_diff_host_rate,dst_host_serror_rate,dst_host_srv_serror_rate,dst_host_rerror_rate,dst_host_srv_rerror_rate,label
333,icmp,private,S0,15693,87,0,0,0,2,2,0,3,0,0,3,0,0,1,0,0,0,491,358,0.7559429637978975,0.8626728012254289,0.6439368576313357,0.8711567595836217,0.2786745814724957,0.7152674860491681,0.04967201330347431,233,27,0.2611779218839371,0.9792626932513488,0.02762631435388738,0.08574270277633439,0.6686573520909587,0.5934695565697239,0.003304066241588166,0.021374218027514387,satan
291,icmp,eco_i,RSTO,41218,12,0,0,0,5,3,0,2,0,0,2,0,0,1,0,0,0,365,290,0.9927417606561614,0.6432607136075051,0.6070675182977956,0.781380145879525,0.23801913672159924,0.5968201010310916,0.09327672904145494,185,11,0.29925802729492,0.8698430763612421,0.10267108057014804,0.06859068226598829,0.5666703608649676,0.7062393737840189,0.03545561072591244,0.027957216235196515,guess_passwd
3,tcp,finger,SF,1154,4789,0,0,0,1,0,1,0,0,0,0,0,0,0,0,0,0,8,14,0.02414100662908927,0.009607713217210068,0.01900408884921532,0.005463719933085931,0.8555433031658407,0.08173633017992205,0.028674392475714718,158,226,0.9628418460510262,0.07650339979434917,0.5245141492930121,0.02969765085697681,0.018242157857997994,0.01693003426414988,0.035847245308964895,0.024131690978107835,normal
0,udp,smtp,SF,1251,2530,0,0,0,1,0,1,0,0,0,0,0,0,0,0,0,0,28,3,0.030713129366202886,0.022010157274543907,0.0758255782004861,0.01292659458953991,0.8698716091489267,0.07209685900600826,0.0216338810135708,223,251,0.8302289878656258,0.14448163941067033,0.8891119327934387,0.026300963694954896,0.016968601307112825,0.019582923404470272,0.024011107403059492,0.019990959167061614,normal
4,tcp,finger,SF,195,2211,0,1,0,0,0,0,0,0,0,0,0,0,0,0,0,0,6,10,0.060227485534779295,0.06258432873769863,0.0014975605936593972,0.09027264787666993,0.9398737359724091,0.16370347805089233,0.09095212563051536,104,254,0.9076086423195351,0.08597699136443178,0.9357759067136271,0.04111606780970959,0.015710797616322377,0.0281708311415704,0.021706352970837384,0.0025871011695502545,normal
447,tcp,private,RSTO,31732,69,0,1,0,5,3,0,2,0,0,3,0,0,2,0,0,0,497,262,0.6232634210036664,0.9788797261002794,0.9375000707539182,0.8929353490142806,0.1506569640023694,0.8375382128580877,0.07470863392197864,185,12,0.20647840203887477,0.9614353708949837,0.11298569816729971,0.04743821564773887,0.5630476700806801,0.8892951035320633,0.008204073449091088,0.03653895039197016,smurf
23,icmp,eco_i,REJ,25680,211,0,1,0,5,3,0,2,0,0,1,0,0,0,0,0,0,481,173,0.8304898718882204,0.8987653166854168,0.953803805244676,0.6308178103923341,0.10356504744137837,0.7859982538608831,0.09013676440564006,56,35,0.08510380623252978,0.9336119567045497,0.12371284096149261,0.07486916307744314,0.6085418848139394,0.8201539581867398,0.036348765758787635,0.016492526350586834,guess_passwd
3,tcp,smtp,SF,1767,2627,0,1,0,1,0,1,0,0,0,0,0,0,0,0,0,0,11,13,0.044045234521626675,0.04325784299581542,0.03827105435976298,0.0017293024414783088,0.9142232203744318,0.14043139905649688,0.09428396785279079,228,143,0.8011059612203411,0.1849696923212707,0.7718385618168451,0.061149674429448776,0.01797173750042317,0.0404032677962652,0.010206273978509746,0.01961692537054325,normal
133,icmp,telnet,RSTO,38227,228,0,0,0,7,4,0,2,0,0,2,0,0,0,0,0,0,331,198,0.8480913356052608,0.8186014474594587,0.9740337220932548,0.7445693635326651,0.2291257487135618,0.7782607728570212,0.02009282655734931,121,14,0.26192885260767157,0.7627153845784329,0.0829684342340416,0.08159951295516771,0.5150829428527701,0.623875445245692,0.04650796664840696,0.017315546331203108,smurf
2,tcp,http,SF,1418,4469,0,1,0,1,0,0,0,0,0,0,0,0,0,0,0,0,25,8,0.08745055991131784,0.04924998486780927,0.07924668810386103,0.011906128738229917,0.8516816817134626,0.09994037193925671,0.06448016528344996,191,174,0.9343104391837613,0.06287692844688442,0.548662821439821,0.06590126278649572,0.036105776999664746,0.039085343500576304,0.03772950839154276,0.022985618166799972,normal
297,icmp,telnet,S0,27924,178,0,0,0,3,2,0,4,0,0,3,0,0,0,0,0,0,261,184,0.889079331651222,0.7074280424572166,0.9044658813799562,0.9754720861208566,0.28862898600431136,0.8066764396079099,0.06175224550669062,149,15,0.24366774775662817,0.4517867644052637,0.2652250043169446,0.029542292572012255,0.6389638494104133,0.5380109299247045,0.013249187206244184,0.03979886609899701,smurf
338,tcp,private,S0,24014,229,0,1,0,4,1,0,3,0,0,3,0,0,0,0,0,0,214,394,0.7219512795686095,0.9600695077755169,0.9248259864144273,0.8007550268338699,0.2347749902067621,0.5028422874085015,0.05638729386748196,189,33,0.10125798668588624,0.8769624017053248,0.27045281981093056,0.0801643732725707,0.5913354773748312,0.8109117454127759,0.02590905260649556,0.02590115836170962,portsweep
3,udp,finger,SF,977,4233,0,1,0,0,0,1,0,0,0,0,0,0,0,0,0,0,26,16,0.029462110578767353,0.033694773157161906,0.02715653705440776,0.07187607817481521,0.8875831714010161,0.10965155622939377,0.0829473665192289,103,99,0.7651212924331678,0.10304713630477363,0.565422370804663,0.03719397880434755,0.01430337021756663,0.010245718010271338,0.0002905747583875351,0.020102718043317577,normal
101,tcp,telnet,REJ,45680,177,0,1,0,7,4,0,1,0,0,3,0,0,1,0,0,0,485,216,0.7218063905984081,0.9416905404233298,0.9417656684101456,0.9754451873368236,0.12124388271008651,0.6879822588069784,0.03974656488918935,79,17,0.0916384431153404,0.45528556214975835,0.2255554349837376,0.04210994751816878,0.8186596243952815,0.5295224713729827,0.01564764937742761,0.01087279926794329,satan
3,udp,http,SF,1414,1917,0,0,0,1,0,1,0,0,0,0,0,0,0,0,0,0,20,4,0.08006718199594208,0.029109816369737498,0.015312311146835678,0.09559842693402017,0.8501813958927498,0.09794117699297289,0.028260631100217894,78,247,0.98793742847306,0.1691982832980634,0.5814971393930783,0.05001527927368299,0.03956908698224254,0.035034486596680445,0.017210644890138283,0.028778267765122274,normal
419,tcp,private,S0,12530,105,0,1,0,3,1,0,4,0,0,1,0,0,2,0,0,0,365,401,0.6080846068240159,0.6963845613787749,0.9566904591466701,0.8159871638779764,0.15766129253175395,0.716527911709742,0.07335483696717353,207,11,0.18413983820854846,0.9770936923134672,0.004313350195322652,0.0022990632344067953,0.6839630394429135,0.8012165534473459,0.04627292842827228,0.03698412189880022,guess_passwd
159,tcp,eco_i,REJ,27349,116,0,0,0,4,3,0,3,0,0,3,0,0,1,0,0,0,437,492,0.7070885774308997,0.6611300431110949,0.7424762548756263,0.8212682647637085,0.19245355592742613,0.9235519719097854,0.006585686395020329,111,33,0.04379948902755695,0.7431150348920366,0.15769735390980438,0.025245599605671867,0.6914388078188273,0.7904221856078768,0.010614250241957385,0.04052969003009487,smurf
2,udp,finger,SF,1905,2143,0,1,0,0,0,0,0,0,0,0,0,0,0,0,0,0,7,14,0.0350367094714948,0.08184989038768745,0.027441062465575997,0.033438950082052186,0.96539096387916,0.11943161738096011,0.09860512943372299,137,62,0.7371795239659049,0.03444370220435078,0.8747535690500043,0.04343127427606507,0.04264127685702335,0.013007234609989878,0.035415392732718036,0.03268414300732234,normal
0,tcp,finger,SF,1672,2448,0,0,0,0,0,0,0,0,0,0,0,0,0,0,0,0,4,10,0.018393445246901976,0.08081848100379248,0.04243652894349939,0.0854240725193773,0.8741475759370143,0.006656313975930162,0.04407667087014271,250,154,0.7032448404636873,0.07772643123578762,0.9743279300786067,0.08526192490484263,0.02115619668973695,0.04398149295004411,0.0027342192531129906,0.01287954970944995,normal
0,tcp,http,SF,169,4968,0,0,0,0,0,0,0,0,0,0,0,0,0,0,0,0,8,17,0.021611205508217116,0.016491540860861353,0.011445269716988983,0.011548587362294895,0.8369966189509805,0.1554870320034927,0.013810976118487285,147,138,0.8673446647158053,0.05928752503264892,0.8252792828596189,0.05002960560508554,0.01989720587101477,0.02883660241342752,0.04402059934913502,0.034327256517735855,normal
484,tcp,telnet,S0,41481,71,0,0,0,6,2,0,4,0,0,3,0,0,2,0,0,0,418,496,0.7604989459245128,0.6283581078832566,0.9703713816561872,0.7531765985729942,0.2367990909747923,0.9559621557740315,0.09509370843353451,126,4,0.28910027282253653,0.6938376062391967,0.028162605176369225,0.005932046928912438,0.5915213176683107,0.9850609956901414,0.028688232061087438,0.027686674975264725,portsweep
122,icmp,private,S0,7319,256,0,1,0,4,1,0,3,0,0,1,0,0,1,0,0,0,216,188,0.8476750189409598,0.6699354135829241,0.8823083879815836,0.9503525742084882,0.16050713436590136,0.6465170155364747,0.01394370883599031,235,5,0.25086601921275986,0.4505164541580718,0.13981159183453593,0.058666730243989246,0.8164373302701183,0.7124154720310132,0.045204627575919205,0.014216617505526658,smurf
54,tcp,eco_i,RSTO,17769,293,0,0,0,5,2,0,2,0,0,1,0,0,2,0,0,0,255,265,0.7908324301730392,0.8991493058053881,0.6041808609666497,0.8074401665593621,0.22209335026264967,0.6741758151187547,0.006231200018367345,213,11,0.023433483897797536,0.4009940980453446,0.2452731924758857,0.09768554437214122,0.8319997691682821,0.5250790799888021,0.03430207610131937,0.039922670232653015,satan
145,tcp,private,S0,24608,226,0,1,0,3,3,0,4,0,0,3,0,0,1,0,0,0,286,226,0.8148766607101552,0.9316483892657268,0.9951175540988857,0.8208672259408024,0.2263707369237387,0.6352300259096383,0.04419504246988845,149,8,0.07510442023485762,0.9593086420610163,0.21036812065943797,0.06936083521208147,0.5540892303825644,0.7251058801832766,0.017299927102739705,0.019597376788903966,smurf
364,tcp,private,S0,18545,241,0,1,0,6,4,0,4,0,0,3,0,0,1,0,0,0,508,497,0.9429305958990752,0.8316411782986923,0.6472987653221177,0.9637606161891906,0.11416600980575206,0.783316544869932,0.02565464424346906,100,35,0.29766100369532406,0.9776285970261472,0.27759220140926116,0.07014171225840013,0.8195221691406147,0.8448343403405958,0.03581169212532768,0.012976445723557295,smurf
4,tcp,smtp,SF,1808,2213,0,0,0,0,0,0,0,0,0,0,0,0,0,0,0,0,1,25,0.02945493537899925,0.057048298480440254,0.09500531556754879,0.03215591093867818,0.9334688047607895,0.19898454613069974,0.005665021929982039,146,74,0.9626317081263894,0.1817412339042071,0.9603436003929431,0.0992851358644337,0.04938499902165038,0.040928563759228785,0.001093746664390083,0.026584592893935277,normal
200,tcp,telnet,REJ,33898,25,0,0,0,4,3,0,3,0,0,1,0,0,2,0,0,0,454,371,0.6393279895580063,0.9398833905398701,0.6465694116112484,0.8904852293677408,0.2210256828620671,0.8097796012502786,0.00894908763731117,245,31,0.2886535771494743,0.719450577469658,0.2208062161969795,0.004396031941730084,0.5175002554888395,0.9915591220827443,0.01716622805927729,0.02854073934062215,smurf
300,icmp,telnet,S0,40247,91,0,1,0,6,1,0,1,0,0,3,0,0,1,0,0,0,443,213,0.6825692182217757,0.772380078643636,0.9031013536726857,0.7210968843816961,0.13951963101486417,0.9064563996037185,0.04478985376884355,81,14,0.18662745377498322,0.6226823799358051,0.22181756092480606,0.016688479284517888,0.9194326568630085,0.6243434598555175,0.0030983446407187257,0.038236619092731815,portsweep
92,icmp,private,RSTO,25619,199,0,0,0,4,3,0,1,0,0,1,0,0,0,0,0,0,311,206,0.75006308993385,0.6213736975282146,0.692848788374779,0.7895371445650127,0.24672690166469569,0.7094391278117791,0.018021335147106823,132,38,0.2667403238220603,0.9825864401288943,0.21321586203586293,0.042190297037894176,0.6932312372666433,0.5030102126493328,0.023841898834157185,0.0068309123632636195,smurf
437,icmp,eco_i,S0,18652,268,0,0,0,3,3,0,2,0,0,3,0,0,1,0,0,0,285,389,0.8903571392199268,0.8940904693061256,0.7061062657349927,0.6043461966312734,0.14088002833329372,0.8661536928056792,0.08913970061319593,234,4,0.24930314278052412,0.4827538590739321,0.04735268390515494,0.002877061880178511,0.9042321687428589,0.6631642756771841,0.03691288168816847,0.018997857789860396,smurf
70,icmp,eco_i,S0,31702,90,0,1,0,7,4,0,4,0,0,1,0,0,1,0,0,0,262,441,0.7633637794403019,0.6789177751827102,0.9320112771903115,0.7075022733594961,0.20645115288762814,0.8087525167905636,0.09777886794600828,186,22,0.028761926343343267,0.5536543005834161,0.026354758623203477,0.038151248137759275,0.9821949721515428,0.5785279057053605,0.005822980604934663,0.03256710618807407,guess_passwd
4,icmp,http,SF,1142,2814,0,0,0,0,0,0,0,0,0,0,0,0,0,0,0,0,28,29,0.09125825476973021,0.007508938063319093,0.06291979388295943,0.03966739474634016,0.9676352029524156,0.061024612618821666,0.09589621696516361,111,158,0.8557759989358603,0.18055635098376266,0.8463631018917672,0.08079036763148519,0.0338439289171114,0.045625328752739266,0.007698833952443868,0.04719210636818519,normal
52,tcp,eco_i,REJ,23348,219,0,1,0,5,4,0,3,0,0,2,0,0,1,0,0,0,280,233,0.9614522716344565,0.9116316513371903,0.6200335254463352,0.9066081815702406,0.2064964748397278,0.715709287037713,0.02960234709793972,249,35,0.1920949475564757,0.9238575356735211,0.10865688438748257,0.008843409430613526,0.710227489960739,0.5560154693408594,0.029302258288000444,0.03072721123177425,satan
310,tcp,private,S0,7124,201,0,1,0,7,1,0,1,0,0,3,0,0,2,0,0,0,251,508,0.7442432810609997,0.7104698111848686,0.7637217046591578,0.8049233849153,0.28224037198684554,0.577432955967361,0.06550648821908749,180,11,0.07146993211778536,0.7446629281253088,0.06221750854505109,0.09930714913245442,0.6742188375011824,0.9317623958813774,0.007275996572533444,0.011637147564785889,portsweep
0,tcp,finger,SF,1187,3170,0,0,0,0,0,0,0,0,0,0,0,0,0,0,0,0,17,5,0.0555614525690352,0.08891976853146673,0.03490826074898701,0.053682840120214764,0.9717936659237342,0.11937874029476273,0.04847292546671642,189,171,0.9448185389109873,0.09643496915336634,0.8736432647275634,0.08478694085299282,0.019036525914242226,0.008383433486844566,0.0017422027743498048,0.00200477592147425,normal
4,udp,smtp,SF,1869,4309,0,1,0,0,0,0,0,0,0,0,0,0,0,0,0,0,24,8,0.04047432486712671,0.06943830137535509,0.06267730756752142,0.09527841495754502,0.8474207703597847,0.07373102883101938,0.0001724644256319019,62,71,0.7467837889199541,0.05064168369833855,0.5762250340376298,0.06775903409082219,0.016202979996132384,0.026838841363030524,0.030219269357221214,0.015712148901238728,normal
2,udp,http,SF,1390,3424,0,1,0,0,0,0,0,0,0,0,0,0,0,0,0,0,1,8,0.026229116071881477,0.026616181836401177,0.05557121327413968,0.011236987409269117,0.8004816287633926,0.19845398573446582,0.005816689132329933,173,139,0.9204108737162123,0.10784972978807428,0.779276396087165,0.03256119604017939,0.004736362453323229,0.03296740474484193,0.00024417200006238707,0.010964097558509356,normal
0,tcp,smtp,SF,446,3250,0,1,0,0,0,1,0,0,0,0,0,0,0,0,0,0,17,13,0.033544592594926106,0.0225242302699612,0.03795915366721813,0.02211614192073046,0.8928013728268204,0.15733913977235003,0.07313375496437635,105,120,0.9546558944607249,0.08777174703767635,0.5733721212722402,0.09677741304742828,0.013907931612156916,0.028214956104324913,0.049401238427320575,0.048471389413777745,normal
346,tcp,telnet,RSTO,43826,176,0,1,0,7,4,0,4,0,0,3,0,0,0,0,0,0,236,305,0.6694555856354436,0.702840762558068,0.9383121803798392,0.7586837165177819,0.06068138661571223,0.5129013052285835,0.08410147302395798,121,1,0.18015552539204255,0.6833089453528494,0.14690788512417788,0.07277685510404809,0.5654394115147457,0.5226846618647192,0.00859838235914756,0.02159486394379542,neptune
1,udp,smtp,SF,258,3044,0,0,0,1,0,1,0,0,0,0,0,0,0,0,0,0,10,21,0.07418209135729177,0.00972126377849395,0.02846504331228087,0.034390819546492105,0.9227891726276901,0.10990170949247949,0.025059853641543364,154,64,0.9814892474553366,0.156287457497484,0.9181976796178777,1.978078267101946e-05,0.03940872628224534,0.032831279375964945,0.0330080091668655,0.02787640449321805,normal
433,tcp,eco_i,REJ,30090,277,0,1,0,4,3,0,4,0,0,3,0,0,1,0,0,0,269,263,0.7436799078011735,0.7623591413178128,0.8817373029238096,0.9304850053812371,0.2588938776658681,0.6140665434325241,0.05828525423770101,203,17,0.13840387946800656,0.5814640901673038,0.047218244283995944,0.059615502937977495,0.9540766387091143,0.5449388027838333,0.0486081333631406,0.020257991212237644,guess_passwd
1,tcp,finger,SF,743,1442,0,0,0,0,0,0,0,0,0,0,0,0,0,0,0,0,22,5,0.034502798684261475,0.033241513390778354,0.05018048150760679,0.029576486514118108,0.8409443885082086,0.039016079824235966,0.09669350405079175,130,165,0.7314394599440595,0.06503826268555268,0.6033833648397342,0.06684318774590477,0.04774373634625968,0.02515278165997636,0.0046553321064062405,0.04886043565741952,normal
53,tcp,private,S0,40148,297,0,1,0,6,3,0,2,0,0,3,0,0,1,0,0,0,287,186,0.9930650771356271,0.9504103344193665,0.7545978434910795,0.6474110891529875,0.15083840861495562,0.7101475180441162,0.09005545415569338,90,35,0.2971748957587308,0.5914620390514114,0.050491931774332366,0.04847366321877347,0.9187773798982217,0.8039480973513324,0.012482807536397267,0.047315970436600505,satan
135,icmp,eco_i,S0,7196,280,0,0,0,7,1,0,4,0,0,1,0,0,1,0,0,0,486,327,0.7364358218460498,0.6439120669016815,0.6335822301502906,0.9828104806820362,0.10071729468743383,0.5276682276330429,0.09288746871592157,251,16,0.2480369727967543,0.6724574005009625,0.11321260659649716,0.0448951135279468,0.629215080107877,0.9200963917576644,0.03124136555925046,0.007414599320828919,guess_passwd
214,tcp,eco_i,S0,14824,188,0,0,0,7,2,0,1,0,0,1,0,0,2,0,0,0,300,295,0.8336323007064365,0.7248896689867119,0.616160622702096,0.8717481842025534,0.07069608765028887,0.8293906363159352,0.052012760327188205,189,16,0.045229889109847786,0.7146954990356578,0.27571956560108263,0.09076730004351181,0.6153797990970404,0.5607655499864304,0.0004224190757966817,0.005993396393178297,smurf
4,tcp,finger,SF,205,3239,0,1,0,0,0,1,0,0,0,0,0,0,0,0,0,0,6,12,0.023589225418204074,0.06659147006024933,0.05779455714096254,0.09083371498543003,0.9311110224777732,0.12502201289369413,0.09398798208543054,132,50,0.9241240266793197,0.1772092088889753,0.8245117028629247,0.09495438475079024,0.018004981523751653,0.030250977997723763,0.04963346807246954,0.018234716196773044,normal
2,tcp,finger,SF,1213,3789,0,0,0,1,0,1,0,0,0,0,0,0,0,0,0,0,10,23,0.013870760315880927,0.010823043683686818,0.05985697922971579,0.09470626418914287,0.8118280644011653,0.1764099103007408,0.05104252496476197,75,216,0.937789741888261,0.18422053269145314,0.9413714738107932,0.01881812186687595,0.002830760231588259,0.04551992874657276,0.027729856509655267,0.02302515078848314,normal
0,tcp,smtp,SF,1630,1108,0,0,0,0,0,0,0,0,0,0,0,0,0,0,0,0,21,13,0.005429108774791258,0.02675326983665324,0.022269101895928647,0.000966305376024823,0.8798188999544327,0.16190599136180442,0.014089086176888012,251,118,0.7197925832720228,0.17741185672749582,0.5596610047055854,0.08289241307856099,0.04604854739921292,0.045106386167582294,0.006285360190322065,0.008428302982594633,normal
3,tcp,finger,SF,1160,4612,0,0,0,1,0,1,0,0,0,0,0,0,0,0,0,0,22,6,0.07108876827294898,0.06394069902916004,0.05843924473886134,0.0038920530786573427,0.9458526558329465,0.0893948004652883,0.029769439027588475,184,92,0.856820673631572,0.10627582451827432,0.5487811981407963,0.08312603284579195,0.016355726697254935,0.023869210677035582,0.02652998408499596,0.044399296534710385,normal
244,tcp,eco_i,REJ,5694,146,0,0,0,5,4,0,4,0,0,3,0,0,1,0,0,0,347,485,0.8907375953319521,0.6827217058056878,0.8431477226007702,0.6872044648179134,0.1222304043311682,0.7673374291134292,0.030981071611619327,216,18,0.06146293312884643,0.5419857008249338,0.1046114985179274,0.02183237586887691,0.9917653910331627,0.5585229347582372,0.004578788988094451,0.048707298533669695,smurf
2,tcp,finger,SF,1273,2623,0,1,0,0,0,1,0,0,0,0,0,0,0,0,0,0,17,16,0.09643240868848629,0.09375623209065953,0.07349430985905413,0.05414499605548907,0.8319047867791959,0.09416909871983481,0.030934733874665856,254,129,0.7047827316900075,0.10455876874385284,0.9435981304682399,0.08597142142737163,0.0499561498085996,0.040417425451580224,0.047824642535307355,0.005141757579338735,normal
0,tcp,smtp,SF,1170,4885,0,1,0,0,0,0,0,0,0,0,0,0,0,0,0,0,6,12,0.014775344507210741,0.0345697030650858,0.028029043159685588,0.06325084961536467,0.8667827107561606,0.03250663764338113,0.010795928499490237,61,111,0.9446361809576952,0.05530324795413025,0.6417937857209552,0.06250713107588964,0.020671939740977037,0.005418762593422688,0.007655397603197851,0.024687644865340086,normal
324,icmp,private,REJ,36086,119,0,1,0,4,2,0,4,0,0,3,0,0,2,0,0,0,205,352,0.6252833811426036,0.9964720596611452,0.6600159689309335,0.7253881615146707,0.29334990319671556,0.6622534141632882,0.05874048685553932,151,34,0.230720087838348,0.763079780085888,0.06438987923337733,0.02348051622524724,0.6381802178257108,0.9191171618582792,0.039929451285426604,0.007043198173405868,guess_passwd
148,icmp,telnet,S0,8573,81,0,1,0,7,4,0,2,0,0,3,0,0,0,0,0,0,268,323,0.6033980552674336,0.7529412628354706,0.6204920610820271,0.9917451820357954,0.2823016737294735,0.5379475196894357,0.07624162691729436,84,33,0.11826383318586275,0.9406893864748102,0.01788474863207835,0.03303480902107726,0.6731751456746673,0.5035507145572375,0.043770201922248175,0.03916855017039089,smurf
4,udp,http,SF,194,1882,0,0,0,1,0,1,0,0,0,0,0,0,0,0,0,0,15,14,0.060100055093567806,0.04307969247440557,0.09747593335456102,0.09729051002113627,0.918479534498363,0.007237915524115013,0.05085428092774855,181,70,0.9659568682576132,0.07613475292676311,0.7985743714508609,0.006439577411570186,0.03498301779925496,0.011217711519054818,0.00832028735237851,0.01890788978160617,normal
4,tcp,smtp,SF,864,1657,0,1,0,1,0,0,0,0,0,0,0,0,0,0,0,0,6,5,0.06620882682570119,0.07225288223332409,0.012506402308116216,0.022281982356387564,0.9583549841410384,0.0026744266241082617,0.08394709492122664,101,198,0.911058293558009,0.13369607956688265,0.6407496280273752,0.05936778629416548,0.030691490421824136,0.011114667009526891,0.02118123624933295,0.006647623445475221,normal
3,tcp,finger,SF,1751,4308,0,0,0,1,0,1,0,0,0,0,0,0,0,0,0,0,13,22,0.0474382132911368,0.051589040044433356,0.008014720987054169,0.03583967343058016,0.9691089285108009,0.025466687901329443,0.06043041635501925,188,233,0.7886933261834776,0.0010520246567466086,0.6178982040123282,0.012912367972018847,0.03336920424803804,0.04762613054586445,0.025442492781078865,0.04575970788967475,normal
4,icmp,http,SF,1332,3875,0,1,0,1,0,0,0,0,0,0,0,0,0,0,0,0,2,7,0.09518324486974689,0.07626708585475125,0.03545126561783568,0.0808932487590801,0.9962794665664223,0.16912627366392433,0.04235301948939185,181,252,0.9769940662904992,0.06133883958603044,0.9412115488269417,0.01297419898170561,0.03881996854332667,0.02651659838010072,0.004825024145689638,0.041149726478336146,normal
3,udp,finger,SF,1758,1492,0,1,0,0,0,1,0,0,0,0,0,0,0,0,0,0,23,29,0.06816108483374057,0.059432284478732327,0.005878966156701604,0.08189428485310085,0.9700109462245893,0.023437104566919678,0.01857041730663156,194,197,0.7351868543250376,0.09099436014163312,0.7875851746561163,0.010495986351913645,0.03960179102317973,0.04582230512954722,0.008034519395867374,0.04518107201140787,normal
407,tcp,eco_i,S0,30163,118,0,0,0,5,4,0,3,0,0,3,0,0,0,0,0,0,233,317,0.7123767713412752,0.7511159857982584,0.954252318516929,0.897964637292668,0.007335665521821976,0.5598327268840282,0.09576242210153021,163,36,0.10726724551455144,0.4109514167349771,0.060599838128366085,0.001087095844232433,0.6645913220960131,0.9659656389638116,0.04392973252218282,0.03266848518579532,portsweep
1,tcp,finger,SF,971,4955,0,0,0,1,0,1,0,0,0,0,0,0,0,0,0,0,20,29,0.05371871543270334,0.01384027990162019,0.09765430134530637,0.09420677336713595,0.9057628981900679,0.022610529206501084,0.050918278286192165,112,74,0.9992611507633105,0.09375956457162234,0.8026591121397562,0.051956937816255024,0.04841607220016764,0.04706057170641969,0.021999402907989227,0.03796245770542047,normal
2,tcp,smtp,SF,1122,3500,0,1,0,1,0,0,0,0,0,0,0,0,0,0,0,0,27,16,0.009184801608002958,0.072803424137837,0.07067485835975892,0.08344040447135034,0.9568032001913817,0.1970091751370436,0.029137985830025415,76,224,0.8619775732281363,0.07800072394263502,0.6378906231951778,0.01685363112420898,0.03868658274865458,0.02318755476229984,0.00010703824961526554,0.0397884569813441,normal
1,udp,smtp,SF,1936,1849,0,1,0,1,0,1,0,0,0,0,0,0,0,0,0,0,13,11,0.007726603025365365,0.03826555038141371,0.09057570318298429,0.07422330710244272,0.9802017258341417,0.07295734835843984,0.050060422476008726,55,155,0.8380809542241265,0.08588601556605746,0.9399328216556426,0.0486672142106845,0.007509539752895223,0.01835860818148216,0.04407845015246571,0.017148294148747984,normal
1,udp,smtp,SF,1437,976,0,0,0,1,0,0,0,0,0,0,0,0,0,0,0,0,14,14,0.05952156885166496,0.053441895224184605,0.08379796982340677,0.05538624813062414,0.9375773731186905,0.0022858210463098327,0.07055162609377362,115,197,0.8423237381018931,0.03999271058391736,0.7159481732478475,0.01831211274791248,0.03531695014753865,0.036302958472709757,0.03501357364148486,0.049452358344043976,normal
99,tcp,private,S0,45275,79,0,1,0,2,2,0,4,0,0,1,0,0,1,0,0,0,272,427,0.7369615581603176,0.9844683278898322,0.7965725888156052,0.6723003098006664,0.12028053231777053,0.8233836418711531,0.02185291433752239,225,35,0.02211699384402298,0.48773945987944445,0.2924275369333739,0.005409767293730283,0.8492536000693607,0.5688596899214596,0.047627739243824074,0.021983390222893542,portsweep
3,tcp,finger,SF,1149,2559,0,0,0,0,0,0,0,0,0,0,0,0,0,0,0,0,4,13,0.08282250273143216,0.08631515301608475,0.06485696333643778,0.07262085234239567,0.8668651724488255,0.12372031547108474,0.016617018853563006,54,151,0.8894550249535382,0.014309609714715066,0.576189515929137,0.0008883801626070498,0.046649248548343604,0.022077245634251542,0.019753786184305407,0.031128057899403816,normal
3,tcp,smtp,SF,486,2641,0,0,0,0,0,1,0,0,0,0,0,0,0,0,0,0,29,23,0.0866170430817744,0.05526613561036467,0.03528094362278596,0.04341487843603728,0.9857207276445665,0.19169991060482558,0.0005488396134590402,180,227,0.8192713626884037,0.12863487267794624,0.7316417636026179,0.04985321322835275,0.007782569231303088,0.0013454575618675247,0.014039374207985284,0.03544320211679705,normal
53,tcp,eco_i,REJ,13249,297,0,1,0,5,2,0,3,0,0,1,0,0,1,0,0,0,499,322,0.9828697395421386,0.7381355559045616,0.663624880699231,0.7949084682949222,0.023673115457952976,0.883270625682649,0.06181365822222287,87,32,0.299228373190597,0.7435350830287246,0.020462741441215116,0.09418730834043114,0.8897120305992289,0.7612979629312453,0.01856543993596708,0.0002686439895061843,satan
493,icmp,eco_i,REJ,35747,82,0,1,0,3,1,0,2,0,0,3,0,0,1,0,0,0,287,284,0.7815893002112009,0.6913629808976466,0.8958645434859935,0.6889518722241327,0.21125809260907108,0.8571532848144798,0.04175758039536823,176,33,0.16592374357525252,0.9933285228843508,0.16727802812592615,0.028468943255270884,0.6592645634380526,0.5809128039028404,0.013819863020961477,0.016023031518975585,smurf
2,tcp,smtp,SF,1082,2866,0,0,0,0,0,1,0,0,0,0,0,0,0,0,0,0,10,29,0.005548598652431469,0.0754952132081979,0.022973152661279375,0.03945700102883103,0.9763905043512311,0.17608585515652753,0.06745391512484858,156,145,0.7244769077851649,0.16856067738437006,0.6280125493035431,0.0317569327905435,0.005292667319455275,0.00033045376589799783,0.048125172693689995,0.047823108234561845,normal
1,tcp,finger,SF,988,956,0,1,0,0,0,0,0,0,0,0,0,0,0,0,0,0,27,20,0.038491244720104345,0.024777941443969456,0.08877110870419853,0.06478892016631599,0.9510643970668968,0.05625072283831578,0.00277840959071618,137,157,0.705272185092753,0.11920677587788216,0.6579809101397658,0.043572505233507655,0.041897547218821635,0.009971393647017891,0.020475883154063308,0.01136543123125896,normal
293,tcp,eco_i,REJ,8714,59,0,0,0,5,2,0,3,0,0,3,0,0,2,0,0,0,335,336,0.7576350671121383,0.6254427024143804,0.8978093315823845,0.8792523144392668,0.1514907651258764,0.7187149968909321,0.044275316485965735,249,39,0.007127006480843389,0.694855924036453,0.005490759058638805,0.0029978643284362064,0.9918177403826383,0.6184885728926878,0.00837335069511072,0.0010245417160001935,satan
191,icmp,telnet,REJ,16400,162,0,0,0,5,2,0,1,0,0,3,0,0,1,0,0,0,264,507,0.6681860760073757,0.8816758738832858,0.7160134777953981,0.8463029153670247,0.07891274679408646,0.8855058113201902,0.03849616619579254,86,31,0.10306549629529047,0.8292623406733108,0.04096265378103977,0.018378647456855246,0.9827867714853893,0.7300589308818283,0.03049851027027972,0.013859886344292433,smurf
2,tcp,smtp,SF,1230,4959,0,1,0,1,0,1,0,0,0,0,0,0,0,0,0,0,22,8,0.06488469339936108,0.02641406635814547,0.02550767613423324,0.06581937453298799,0.876277991473616,0.08626086622399486,0.007605156081931564,95,180,0.9482923073150706,0.19708423690642407,0.5996343080325968,0.02350275052338311,0.0051028359436834595,0.0015430485782783943,0.009087217309934203,0.026470705080977167,normal
0,icmp,http,SF,1440,1480,0,0,0,1,0,0,0,0,0,0,0,0,0,0,0,0,19,10,0.03845640671309203,0.09576123259217423,0.08388935193078519,0.06859876565745174,0.872319604461506,0.00943491130302292,0.022546763764267466,203,100,0.9290691291422732,0.12793366202567066,0.7137753033785887,0.0042386232858316,0.0161644769521006,0.03413833918134077,0.035028773058078354,0.03444724731738743,normal
358,tcp,eco_i,REJ,16601,143,0,1,0,2,2,0,3,0,0,1,0,0,2,0,0,0,271,367,0.686861055843048,0.6100208963749805,0.8169337323010514,0.6529621056834433,0.12862154368970888,0.9484096544282856,0.028388049055722044,165,1,0.13452340935443122,0.6132421083557182,0.06764062091450529,0.038749705458809736,0.878591933178509,0.554841398489701,0.005783354633928717,0.03827713116367637,portsweep
2,tcp,smtp,SF,1622,1345,0,0,0,0,0,0,0,0,0,0,0,0,0,0,0,0,18,29,0.08105606101181795,0.005933116572496744,0.08996927516962538,0.07066792164758175,0.8529430435378814,0.18517261305744312,0.065045662764669,116,113,0.8806921220286054,0.1313261863256336,0.6748387529386548,0.059429454787530006,0.0076762950588435686,0.04882420658258685,0.02485278463068387,0.0019300802350528112,normal
0,tcp,http,SF,1396,2342,0,0,0,1,0,1,0,0,0,0,0,0,0,0,0,0,15,26,0.03256948097375844,0.03263580127925758,0.0013847645973967928,0.03850003786718436,0.9513504522256762,0.0903034120458665,0.07966936135108804,72,248,0.9149061883992822,0.1544564167837298,0.7923533606926711,0.07609287725664986,0.006612765925182885,0.04807297948742717,0.009103834809442329,0.01447426993317163,normal
0,udp,http,SF,1059,4727,0,0,0,0,0,0,0,0,0,0,0,0,0,0,0,0,21,10,0.06950633899149783,0.04916095893179955,0.005591541837462733,0.014571976173337876,0.9656086323456217,0.053260023544908955,0.017039554323513208,189,156,0.7733512954403601,0.1256952393865835,0.9670481361031665,0.047227528817768975,0.02145984310670936,0.007336686049074188,0.006536718448552321,0.036248362230980824,normal
41,tcp,eco_i,RSTO,7344,106,0,1,0,5,2,0,3,0,0,1,0,0,2,0,0,0,254,234,0.8343674091879854,0.7339101238528738,0.9312888527175731,0.9044560435794359,0.010391419494394049,0.5110746666334041,0.040390965311928484,173,17,0.12120346177768251,0.5699942326980203,0.18514886117443394,0.06446185067264217,0.5234911188571922,0.6517132185120155,0.025024135541605676,0.03679667236625942,neptune
462,tcp,private,REJ,43672,17,0,0,0,4,1,0,2,0,0,2,0,0,0,0,0,0,254,246,0.7096085420900936,0.9486376429524562,0.678026151748647,0.9794352183537758,0.04737468156708084,0.9197633306845139,0.06655920737031236,226,16,0.2771233711317588,0.7985501277507641,0.01162176690543062,0.028203957577506347,0.589055748165105,0.9901654810390381,0.02106342537586997,0.011430407423752405,guess_passwd
2,icmp,finger,SF,1167,1392,0,0,0,0,0,0,0,0,0,0,0,0,0,0,0,0,24,4,0.07101669404986964,0.028874103523980288,0.019468169686195094,0.0808717871762248,0.9909546659095408,0.06876397688016203,0.07096004594987197,59,238,0.7735994038850192,0.04262430275667442,0.9674641124089288,0.09090735845464855,0.002698661584274764,0.004093463624138638,0.027866866291389687,0.022764248629045903,normal
0,udp,smtp,SF,603,2632,0,1,0,1,0,0,0,0,0,0,0,0,0,0,0,0,13,9,0.09263916341645574,0.033211751831222026,0.012538473906995529,0.009147023552697853,0.9875413884287527,0.09459581703441344,0.04377838382851388,165,236,0.8494577060314943,0.11595670123239968,0.8971645198715741,0.02408926060510813,0.0031509303847822192,0.006361388935558033,0.03751576467487517,0.0018649335091970255,normal
445,tcp,private,S0,9289,243,0,1,0,3,1,0,3,0,0,2,0,0,0,0,0,0,273,427,0.8572152900834955,0.9883143764974215,0.8797370916683069,0.9932460376975749,0.28522386517599924,0.8293440685251863,0.08003843249126157,107,15,0.05172343106478402,0.858217087709755,0.048019323397062365,0.025920297984581477,0.6622213952927206,0.7588794025221859,0.04782152338309328,0.00352801939542034,guess_passwd
225,tcp,eco_i,S0,10241,217,0,1,0,2,1,0,4,0,0,2,0,0,2,0,0,0,236,155,0.6813789887068271,0.8212258697063068,0.6658521132792865,0.6689645858784927,0.09096228667722904,0.8159210708782606,0.015875289201289566,137,29,0.016658868558070018,0.4106083829188726,0.03625133842867979,0.04874574693374059,0.5379822115787144,0.5754252575202767,0.02989472897636297,0.022591829839494072,satan
1,udp,http,SF,744,3044,0,0,0,0,0,1,0,0,0,0,0,0,0,0,0,0,3,19,0.08583426720925291,0.05456408740142225,0.04948958143935435,0.05266309332452249,0.8335382428938914,0.10119822676217201,0.05630723231419946,212,120,0.8979018119235587,0.040541074689216264,0.9213322471810184,0.028216314636981654,0.038453693184806056,0.04582710655469551,0.01564695297100644,0.013776394039807916,normal
3,tcp,smtp,SF,1132,3154,0,1,0,1,0,1,0,0,0,0,0,0,0,0,0,0,11,13,0.02095964483267765,0.048554240885513744,0.08207116841117433,0.011787547075695994,0.9587164023663937,0.19945945529754883,0.07094863887213264,149,70,0.7458617146422343,0.0025935110857772115,0.8349335437956223,0.045935477965323206,0.02252178902945017,0.01566613396501857,0.02343024719000373,0.04575351698613218,normal
355,icmp,private,REJ,9681,47,0,0,0,7,1,0,4,0,0,1,0,0,1,0,0,0,235,504,0.7495386402621789,0.7178930808394988,0.9630981409546477,0.797961832939111,0.1437030178115668,0.9987525496437697,0.06030619463638701,218,8,0.1972568764442866,0.7501639746838693,0.13872555346368393,0.017507905869611883,0.723549858541191,0.7546292962129477,0.04748868936855819,0.00021712669336810265,portsweep
115,icmp,telnet,RSTO,48908,199,0,0,0,2,4,0,4,0,0,1,0,0,2,0,0,0,283,246,0.7714754404904809,0.667092892978472,0.7641277788594054,0.8931292769840278,0.23642236082995288,0.94421116458394,0.07158899845200836,220,34,0.19320244762020874,0.9040885701923314,0.26114759292464435,0.05683518971152188,0.8051630119022484,0.9442806840436859,0.018759635364359956,0.03131833411392975,neptune
223,tcp,telnet,S0,20400,269,0,1,0,7,3,0,4,0,0,2,0,0,0,0,0,0,240,184,0.9944153773559558,0.6093188652830276,0.6293462300404212,0.8282084263264723,0.13313129552013062,0.6601289362349754,0.03001335581347805,54,37,0.0863951089482752,0.5331629799146237,0.16759966117840064,0.022485447213791733,0.5876768254311779,0.7185346944469522,0.03007843606839329,0.049301923383864056,satan
255,tcp,private,REJ,37373,50,0,0,0,5,1,0,4,0,0,1,0,0,0,0,0,0,460,258,0.7040621244119858,0.953692406738735,0.6767554186106552,0.7247627347807727,0.2932728652690883,0.9142393962984762,0.09579768754376011,168,36,0.10142997547102577,0.5498204343572436,0.08389580399276811,0.031534509439151315,0.8815687255770666,0.8798686141832588,0.042518712377688804,0.03974579017118231,neptune
2,icmp,finger,SF,576,2736,0,0,0,0,0,0,0,0,0,0,0,0,0,0,0,0,6,27,0.04316502081012527,0.011943294144623695,0.0002871311094812978,0.05362355350220967,0.942099899329681,0.003255036533094469,0.09497258265947518,57,168,0.9029104384352092,0.1377076517577914,0.8843554638326692,0.0036199687675437134,0.02000353340134522,0.04345238050917419,0.015089690653797744,0.044563985998150125,normal
3,tcp,finger,SF,1521,1920,0,1,0,1,0,1,0,0,0,0,0,0,0,0,0,0,24,6,0.04739342140923939,0.013837069289360349,0.06694507935619436,0.03213054528851047,0.9148273613623243,0.15677872296312118,0.01630485344913293,99,162,0.7690900590277298,0.09141827432151657,0.5517336962922874,0.03608950914599272,0.04548087058700727,0.004534772483551186,0.042738225807208985,0.04084268727943144,normal
133,icmp,eco_i,S0,23658,47,0,0,0,6,2,0,4,0,0,1,0,0,1,0,0,0,274,377,0.7525621764647773,0.8754681348278268,0.9103604383404942,0.7091055784858743,0.20957796843497423,0.6084426088965869,0.010220679259885769,220,4,0.12602681590964593,0.6042810650537829,0.11205568858577128,0.070049882548795,0.6211990977433677,0.9532523302404112,0.02171898757449985,0.034094271486796536,smurf
108,tcp,telnet,S0,5262,91,0,0,0,7,3,0,2,0,0,3,0,0,0,0,0,0,430,270,0.7396107855024792,0.9350490871621328,0.6952652026809998,0.6821425365373726,0.268351414964112,0.6078090695467124,0.08997558913540184,194,10,0.014289293315782714,0.5251372699562318,0.24551296907893655,0.09482097366824804,0.9587911852148414,0.9456350159645353,0.01737879550864461,0.0460865077549237,guess_passwd
0,tcp,smtp,SF,1256,2366,0,0,0,1,0,1,0,0,0,0,0,0,0,0,0,0,22,19,0.09043577000916413,0.04296290959984418,0.01395092043862064,0.0897321769137301,0.9050917303899007,0.14605805359658322,0.010576773376032711,65,127,0.8387579354719155,0.12177392356986633,0.9662216157846211,0.01995706619010559,0.046642956743979884,0.021385604826345706,0.04838940250440714,0.03127390926085449,normal
4,tcp,finger,SF,857,2852,0,1,0,1,0,1,0,0,0,0,0,0,0,0,0,0,24,13,0.06133592364083679,0.05450347457431102,0.06639938234160749,0.06712804288995956,0.8786226566018379,0.11622296289478669,0.0607541776620828,57,217,0.9962659868489343,0.02803766492712985,0.8275718973224783,0.07874442167386926,0.032847591766063264,0.04232475308479448,0.028274958623249136,0.031110138053925547,normal
2,tcp,smtp,SF,249,1574,0,0,0,0,0,0,0,0,0,0,0,0,0,0,0,0,4,8,0.035318782972096084,0.09686504733772262,0.03740907132587359,0.07867558721562373,0.8464492315984941,0.15574874277241466,0.09769523743930777,168,156,0.8629120775033283,0.061999949933897014,0.6157091082978566,0.08804526970506577,0.012407251773888779,0.047866653434769424,0.017582827299852274,0.019448344916484495,normal
445,icmp,private,S0,40289,251,0,1,0,7,1,0,1,0,0,1,0,0,2,0,0,0,369,246,0.6335299591849177,0.9914853529426106,0.9874292122360924,0.629063499760307,0.2579961289697982,0.8439972280800379,0.022021256673703794,201,25,0.29293277662976164,0.4564950578988424,0.08240413627832863,0.0060118263644867165,0.5514764700651105,0.5614385397344643,0.013412047894333201,0.017516311975728737,neptune
3,tcp,smtp,SF,1015,3243,0,1,0,0,0,1,0,0,0,0,0,0,0,0,0,0,2,5,0.04903984172596335,0.09487724052052124,0.039190967666635414,0.0019694353598634254,0.869860963887539,0.16323865381407068,0.00850594796707751,229,50,0.7556649489140445,0.04356891479964911,0.5674206638241173,0.057396176316967897,0.026918069147514406,0.01736151451148554,0.03599451518547085,0.03319303020941331,normal
332,tcp,private,REJ,36742,122,0,1,0,2,1,0,2,0,0,3,0,0,2,0,0,0,248,311,0.7335077396231339,0.6111449406944974,0.6679386447981593,0.8865728412058416,0.07820696587328603,0.9598958716695598,0.03529475069797985,104,2,0.29139782862438457,0.41066255905233995,0.13261536709262564,0.0032153608586669713,0.5722426524120754,0.9305390092429041,0.036947941463547955,0.04286284664480708,neptune
3,tcp,smtp,SF,541,947,0,0,0,1,0,1,0,0,0,0,0,0,0,0,0,0,23,19,0.04267297995769125,0.08730309138836238,0.047984448037739186,0.08762271108395037,0.904912488070456,0.010765080488322322,0.06671247705022934,213,190,0.8268284095068689,0.08965352824240352,0.6755000935578721,0.011320851693607237,0.046331390967530126,0.010459255486001812,0.012505005086395899,0.01524365878937698,normal
141,icmp,telnet,S0,44511,26,0,1,0,5,3,0,2,0,0,3,0,0,1,0,0,0,225,211,0.7472359494015499,0.9208986010376236,0.8737120657574935,0.7607708673390967,0.1550816852823522,0.8666732521446032,0.08083472758356645,144,26,0.01418383924720279,0.9077244787367709,0.2633530581816106,0.04793891511050942,0.9430833649037875,0.7641518908953958,0.045541937328848446,0.010979480216442484,guess_passwd
316,tcp,eco_i,REJ,23967,163,0,1,0,2,1,0,1,0,0,3,0,0,1,0,0,0,369,227,0.9283941597613802,0.7071613152355405,0.6350587512573866,0.9935939811285115,0.2336690795159719,0.9103929129417212,0.08074926336255411,186,25,0.18759245668943947,0.9393494614851908,0.09283119782262389,0.0529244519518045,0.7385590576578624,0.9971149340707046,0.02185449808813731,0.033435783135748874,guess_passwd
1,icmp,finger,SF,1656,1622,0,1,0,1,0,0,0,0,0,0,0,0,0,0,0,0,5,26,0.00302192037513499,0.06868982555187365,0.04379035824256632,0.010648989757868689,0.8411923275456294,0.17443354245218579,0.06566378128155882,100,137,0.7386511685430858,0.03984488301414013,0.5121727683275974,0.07858279591800935,0.046278383871944107,0.00724993614966964,0.0049961522317570235,0.03443369959802756,normal
0,icmp,finger,SF,947,4650,0,1,0,1,0,0,0,0,0,0,0,0,0,0,0,0,3,28,0.04079245943813421,0.0832283484910809,0.06909031808875248,0.0021804777780519923,0.8856334382813571,0.17785048001648351,0.0975851033915114,67,84,0.7003114471516412,0.13390422968953294,0.5892347049170318,0.022810928376793816,0.047652161156311684,0.01084770074829079,0.00047814711141571655,0.046676694356289426,normal
3,tcp,smtp,SF,1331,2537,0,0,0,1,0,1,0,0,0,0,0,0,0,0,0,0,17,16,0.06310281447330454,0.04205680100373125,0.05991459275877076,0.006729384773115555,0.9245718340043866,0.049247048536741535,0.07719254270044859,122,154,0.8167090778616573,0.16883292794804614,0.8574187273591012,0.05960276909424516,0.03813104731455333,0.019699341483615875,0.010944933230097716,0.0014155675068517838,normal
399,tcp,telnet,REJ,37764,183,0,1,0,6,2,0,3,0,0,2,0,0,1,0,0,0,410,482,0.6174427503755092,0.612334702924963,0.7394030074601874,0.8149451700747997,0.13571743619457388,0.8548419021605413,0.05193732298684026,98,31,0.2351830568227694,0.40933322873680567,0.058165620389901806,0.0924374166011983,0.6005812694147956,0.9492262831033871,0.02894441721280799,0.03438687669233704,portsweep
4,tcp,smtp,SF,1974,2589,0,1,0,1,0,0,0,0,0,0,0,0,0,0,0,0,15,15,0.08887877663650384,0.04346042841186101,0.05568670679399423,0.0728298865340659,0.9916849607492935,0.09205386882721056,0.07842423529390329,200,210,0.7068292364556163,0.0677853689687432,0.5468765399298118,0.05104666400468277,0.01953910062796387,0.04466921020484571,0.04805254539020559,0.012387130195378904,normal
129,tcp,eco_i,REJ,46225,185,0,0,0,5,1,0,3,0,0,1,0,0,1,0,0,0,250,215,0.8898906571876117,0.8762295866416678,0.6967949202011496,0.9858853926597969,0.05762385836782878,0.5674333665668081,0.044238553657958535,103,0,0.24325788586058467,0.9689682471418557,0.10900935407183926,0.04531115042103191,0.7682442737895245,0.9184612585168411,0.023076235655540536,0.015865036026730957,portsweep
4,udp,smtp,SF,1922,1057,0,1,0,1,0,1,0,0,0,0,0,0,0,0,0,0,4,7,0.059563741801024,0.09797738744497417,0.023337169871566324,0.07786078026260798,0.9349338362511548,0.04030391598774896,0.06591334331178952,94,242,0.8556266274891529,0.1395806114687615,0.5190245163677558,0.0011409995285753705,0.007264814322404684,0.023031966822108015,0.03797256711300963,0.048010631198848366,normal
73,tcp,telnet,REJ,6708,248,0,0,0,6,1,0,3,0,0,1,0,0,0,0,0,0,323,348,0.8412591732997224,0.6632861102702752,0.6422057712216879,0.8961161595417639,0.2587056868254741,0.6035119055694775,0.02540909810456713,215,17,0.2347924358500394,0.5204102146580014,0.15790856844455967,0.018766693911037104,0.5383500891638311,0.631541632063445,0.04349282070513751,0.0015582131729713789,satan
1,tcp,smtp,SF,533,1445,0,1,0,1,0,1,0,0,0,0,0,0,0,0,0,0,15,21,0.04429088313208297,0.08811653206259396,0.039915562997655266,0.0033428312711904387,0.9872192934661099,0.1777014114524331,0.007391262986190384,192,217,0.936059470281156,0.17988494151553025,0.5922419805702466,0.035887980186433646,0.030542623637954375,0.0437665544929178,0.014793990256308282,0.0472541576794699,normal
4,udp,finger,SF,1401,918,0,1,0,1,0,0,0,0,0,0,0,0,0,0,0,0,23,9,0.01647061404908643,0.05814069762923163,0.08659941050245247,0.07084201459833854,0.8519919373449818,0.17642099253353472,0.050679874686560517,111,127,0.9399362513907414,0.044602907905354774,0.8155049429712009,0.021302879004260922,0.03844095062550493,0.030733335050371194,0.011954340896760507,0.03810141154590848,normal
4,tcp,finger,SF,845,3840,0,0,0,0,0,1,0,0,0,0,0,0,0,0,0,0,27,1,0.061523005053529214,0.09674133136983626,0.05863847463004998,0.06009512443497661,0.9904144758667994,0.10907585531438152,0.021216729921615232,252,96,0.9727147421680193,0.1518623354203582,0.6090312422695521,0.013891794452301365,0.023321997343471897,0.044760219739695836,0.007816525475334525,0.04073190618115484,normal
4,udp,finger,SF,1225,2172,0,1,0,1,0,0,0,0,0,0,0,0,0,0,0,0,15,27,0.07259615728988199,0.08490656486374067,0.04930716083141704,0.029832976513274812,0.8438348279306452,0.18392801452525795,0.06884242655190152,113,86,0.9877494472000516,0.017887205826658037,0.5515163512353691,0.006071984000912245,0.03130378086743743,0.025859126471239408,0.02144504861506126,0.037994459053484,normal
328,tcp,telnet,REJ,11138,44,0,0,0,4,4,0,4,0,0,3,0,0,0,0,0,0,211,234,0.8280782859238887,0.6554330103885283,0.8134196832020024,0.9255810311302355,0.03558635846858736,0.8806440263382744,0.09986495119147942,189,20,0.1177901680970096,0.40202928727382886,0.2259801568644556,0.09673195895489756,0.568103428669025,0.766744507645504,0.0336301020233344,0.04304583623822029,portsweep
1,icmp,http,SF,1498,3012,0,1,0,0,0,0,0,0,0,0,0,0,0,0,0,0,22,20,0.039795056627027474,0.011418440406452013,0.05179917725540955,0.014445139951927323,0.8915565880427039,0.1488680518025308,0.05239352179902536,61,85,0.7856123431869878,0.03518953741751085,0.7728432013538461,0.01942713573265993,0.04314348344386648,0.042192869959152154,0.02704731199644463,0.03244734486782242,normal
2,udp,http,SF,919,1190,0,0,0,1,0,1,0,0,0,0,0,0,0,0,0,0,21,21,0.0006878011034333054,0.07195749946958623,0.026100610880259657,0.056904177715843524,0.9122352842327904,0.0017009461021221474,0.039667259892507724,93,64,0.8827557861255753,0.11586931320226009,0.5000624532685969,0.0131237492809408,0.03628139329498269,0.0308391373771104,0.03537750184041093,0.027461568406961297,normal
125,tcp,private,REJ,28206,181,0,1,0,2,1,0,1,0,0,1,0,0,0,0,0,0,276,442,0.7213234490736471,0.9266319974455305,0.9428936319064053,0.9728371926332918,0.12704469446437713,0.8075484580601816,0.08638627717744891,150,0,0.11435426680315436,0.43823658143602373,0.14993923995079286,0.021282452791836493,0.5405826264912004,0.9320640257415693,0.0091560866278797,0.04369701737778941,satan
15,tcp,private,REJ,31380,67,0,0,0,4,4,0,4,0,0,2,0,0,2,0,0,0,409,349,0.7430718403412684,0.7584106201851079,0.9025382874570657,0.7806924081100143,0.20183851637428704,0.9288052926871615,0.021827465998832365,95,31,0.13672243700569484,0.8257909137181549,0.22300392111150558,0.07238104618236194,0.9628253512757702,0.7261385619184648,0.017326897917100532,0.012615070788793132,satan
122,icmp,eco_i,RSTO,16428,18,0,0,0,4,4,0,3,0,0,1,0,0,2,0,0,0,465,312,0.8383520561513086,0.9866254850133491,0.9718340798938082,0.8739843212900922,0.22002913673221772,0.664654706272101,0.0813805880130889,106,38,0.16110200021535426,0.46833313896883627,0.1724592584855194,0.005517647655295533,0.9212095392786088,0.9980732472632151,0.014366563480665819,0.025783353065995697,portsweep
278,icmp,private,REJ,9613,87,0,1,0,7,2,0,3,0,0,1,0,0,0,0,0,0,416,282,0.7334688370061617,0.8973529909843219,0.8610461494340589,0.7482242449044424,0.24636516273237288,0.878806282360574,0.09356595121872974,241,12,0.15396664218008604,0.5126550766432759,0.2210494264828825,0.0568734861735542,0.9602062236458537,0.6120723920796854,0.0006119979346270122,0.02627962620409965,portsweep
3,tcp,smtp,SF,292,2582,0,0,0,0,0,1,0,0,0,0,0,0,0,0,0,0,2,13,0.033210118784100476,0.045331936897800684,0.03748031208174473,0.09465464445440089,0.9485724441698552,0.02218662648964478,0.02367988819299918,163,162,0.9504558137590667,0.013915953614763832,0.8269535048449262,0.010869462604075364,0.04417126962703223,0.020380768841119952,0.035638917179670875,0.0492334046381253,normal
1,tcp,http,SF,161,1246,0,0,0,0,0,1,0,0,0,0,0,0,0,0,0,0,16,9,0.05065447783230054,0.035840729250209556,0.0731648090210932,0.03203789596374804,0.952784101362926,0.15958505059167785,0.0884565028321187,238,166,0.8550265725479377,0.11802911853612418,0.7564335993917313,0.0632931736499356,0.018887962353338252,0.0038098398919921787,0.028540098460509446,0.03323809704015953,normal
209,tcp,private,S0,16030,240,0,0,0,5,1,0,3,0,0,1,0,0,0,0,0,0,331,325,0.8044961042215173,0.8684956209692694,0.835516325402422,0.995130064575988,0.2145546829748076,0.924405309665564,0.0064085223531431205,194,1,0.21893257055014184,0.8278239433497627,0.11553624367738037,0.048907223302222996,0.5980019544432535,0.7661575723888941,0.011399056709643246,0.004390008928118078,neptune
415,tcp,eco_i,S0,23891,21,0,1,0,2,2,0,4,0,0,3,0,0,0,0,0,0,424,181,0.686135473922587,0.6815603549078145,0.7400386267811409,0.9378292997419158,0.21986413403605348,0.8143640281723894,0.05922288399539734,75,36,0.0760258381644085,0.8276882122065701,0.2891120128060665,0.07687055556533724,0.9928142893326042,0.7611459249603884,0.03944925773043535,0.005736542327687145,neptune
446,tcp,telnet,S0,32717,249,0,1,0,5,3,0,1,0,0,3,0,0,0,0,0,0,373,259,0.6259224138870869,0.8814999890950297,0.8638621356239913,0.8996104801629208,0.15377769933452354,0.9851319437821022,0.04542964249933615,160,32,0.030354982783969753,0.6916196231163514,0.15393872108730472,0.09405320980443553,0.7568239698081209,0.7902680959248514,0.04811755889714617,0.005532306443294494,smurf
385,tcp,eco_i,REJ,27675,294,0,1,0,4,3,0,3,0,0,1,0,0,2,0,0,0,408,372,0.9670491328324469,0.9604751870847394,0.6571403548693743,0.6643964502095104,0.26149912574390227,0.6797998642683527,0.06049739986704869,75,33,0.17757084931187372,0.5165100895335324,0.03838672654611458,0.04272715545981087,0.7782501273907058,0.5707964247721383,0.016780112401803954,0.04584264081921946,smurf
3,icmp,finger,SF,1972,2585,0,0,0,1,0,1,0,0,0,0,0,0,0,0,0,0,25,12,0.06658537063562052,0.024150845224714303,0.06361719330853711,0.0997691305959671,0.8219049458564145,0.16399405312714613,0.047104685204475555,205,167,0.8434385971303443,0.030515122912004512,0.6441595940435582,0.07837223941965654,0.041463032173224564,0.038469628249293744,0.04386337414786393,0.049954703939881856,normal
135,icmp,eco_i,S0,47787,192,0,0,0,7,1,0,4,0,0,1,0,0,1,0,0,0,241,311,0.9627585093684858,0.7519454303037373,0.6940735794211902,0.8770051867322826,0.007351137127220841,0.8389665203492166,0.09413061836193687,203,37,0.15663571383415012,0.43648557307693236,0.06296321968312284,0.017277872540603312,0.9022976983677728,0.572793046136166,0.036583581703836326,0.014788530935520933,guess_passwd
2,tcp,http,SF,622,1324,0,1,0,0,0,1,0,0,0,0,0,0,0,0,0,0,5,3,0.09806402751425881,0.07586008971462595,0.02735493135264974,0.09822048746373079,0.811708057254277,0.06873421625695342,0.066737058001214,50,132,0.9270152280470613,0.10064576999110186,0.8533545820296751,0.025947562133320192,0.041668781655853436,0.0008381386181883833,0.0057442045334426765,0.03644723958078381,normal
85,tcp,private,RSTO,10710,179,0,1,0,2,3,0,4,0,0,1,0,0,1,0,0,0,238,209,0.7155550832705,0.9972773992633872,0.6107838057512405,0.6848619440702937,0.1311821266302886,0.5082430199781975,0.028936998328589328,149,12,0.05270181788675445,0.4350306964847029,0.203682403620735,0.06580732549036719,0.7292459018957942,0.9398114245736877,0.0042051493563131535,0.009906845398373321,satan
378,tcp,private,S0,34847,81,0,1,0,6,1,0,1,0,0,1,0,0,0,0,0,0,500,229,0.8961903446138824,0.6461386897474207,0.7118359797541405,0.9658665600683338,0.035783038928883924,0.7902529122285522,0.011235883461712504,85,28,0.19506599174287248,0.6483390040111761,0.12265759457106737,0.028832088972188308,0.6229052661706205,0.6936723620407936,0.0114714347988146,0.0010229608413122205,guess_passwd
2,udp,finger,SF,1212,3669,0,1,0,0,0,0,0,0,0,0,0,0,0,0,0,0,11,26,0.08266487389902877,0.07882190419997233,0.07235348838965486,0.031777144253950305,0.8867852413620528,0.11307901979400817,0.081894754985111,153,228,0.9365222867405119,0.0292255751117136,0.6334872918026515,0.01601976794963561,0.035188903655690426,0.046888335932366965,0.000581232513019142,0.00883096729623244,normal
3,tcp,http,SF,1607,4494,0,0,0,1,0,0,0,0,0,0,0,0,0,0,0,0,13,6,0.02250236296846524,0.03914486635868403,0.013665197007797648,0.042201926223988974,0.9070988188068687,0.056916716654324566,0.06294995922020512,149,67,0.787490306961555,0.14557026523990815,0.6781447091596218,0.07006559205023549,0.04595142781696092,0.032122031877071536,0.0234889500501488,0.027544650958178388,normal
1,tcp,http,SF,1320,575,0,0,0,1,0,1,0,0,0,0,0,0,0,0,0,0,12,17,0.03156969058381931,4.169169031038589e-05,0.056347880155606024,0.08445559893615288,0.8234098541695248,0.17024426161387418,0.09249160178216781,162,115,0.9438840233881161,0.0685565777862325,0.5859543479145745,0.0708194753615026,0.04527909148776477,0.020921850196400082,0.04576906070705406,0.038963911485987435,normal
2,tcp,finger,SF,1864,2016,0,0,0,0,0,0,0,0,0,0,0,0,0,0,0,0,24,20,0.044228236512263874,0.022102219394416825,0.03894449072026212,0.05213802064412296,0.8275108235149142,0.015635186608939877,0.08046978276476723,217,88,0.7744852422040684,0.04806104656298649,0.562443672555325,0.05927949448321963,0.04865303072856494,0.037484185612097425,0.011679540263439188,0.03915724978872349,normal
282,tcp,telnet,S0,9898,0,0,0,0,6,4,0,4,0,0,2,0,0,0,0,0,0,415,241,0.8846870064741583,0.7713596487982084,0.6433902364046454,0.6334014332027463,0.21787071329788027,0.755409363604105,0.019440734886640488,62,21,0.11814621660206842,0.9472404945859537,0.2723162209753114,0.022729611047194,0.9389603958888422,0.5791440927116871,0.0024328393491713897,0.02183967324396102,smurf
2,tcp,http,SF,612,3259,0,1,0,0,0,0,0,0,0,0,0,0,0,0,0,0,13,2,0.027680328739104712,0.006112940236009179,0.031138274426865564,0.07693404509215888,0.8185446675352733,0.03500797761936236,0.04576855795588136,73,67,0.9072022459129289,0.19037365996349037,0.713568488368691,0.021189834990199566,0.04015796624657816,0.030100548015120507,0.008467561269132546,0.028398838189103687,normal
371,tcp,eco_i,REJ,24570,136,0,0,0,6,3,0,1,0,0,2,0,0,1,0,0,0,465,287,0.7257140403606379,0.8236061020792693,0.7933094380868853,0.6037214934910294,0.23542426693216373,0.8864705051672708,0.05101913972786862,97,17,0.2159667395421095,0.5995846284945693,0.22558241460753478,0.006748152928812557,0.6189944328172436,0.8400290031867095,0.04504929232806004,0.044777597217785674,neptune
0,tcp,http,SF,1548,3437,0,1,0,1,0,0,0,0,0,0,0,0,0,0,0,0,28,2,0.08959035179758841,0.011660404556851656,0.007199576613846315,0.038991403264354345,0.8511423507203751,0.0477781900468933,0.042864700348780184,221,64,0.7370327061401324,0.06852207623238049,0.5676852298939215,0.013819718803980209,0.018293430704349366,0.003058317224520202,0.025047608369263202,0.0208355635204288,normal
355,icmp,telnet,S0,35677,152,0,0,0,7,3,0,4,0,0,1,0,0,2,0,0,0,237,492,0.939973963162648,0.6638104691558953,0.7240936067715642,0.9877501738249502,0.2999730491081493,0.9571206437637685,0.08181567744020936,116,21,0.04891998781738292,0.6392239591048459,0.09960696902596036,0.08866915579274806,0.6079600067145295,0.7227978803162813,0.0020889857738040254,0.010685360607449373,satan
2,icmp,http,SF,796,3941,0,0,0,1,0,1,0,0,0,0,0,0,0,0,0,0,15,13,0.07533686139505455,0.06460117239708396,0.05094986051377748,0.08971098439566533,0.9893109776036509,0.17064543505978927,0.06330956327448,119,246,0.7320399468770397,0.16747919796111266,0.5632471844978196,0.030020629103650987,0.02479182105166683,0.015427725612787914,0.025521316765240266,0.044279670626347974,normal
4,tcp,smtp,SF,745,4344,0,1,0,0,0,0,0,0,0,0,0,0,0,0,0,0,1,8,0.06853152424192423,0.0032328865844832746,0.03567924125332549,0.04348217234964861,0.9838465392605541,0.18909491514833343,0.045965524349403486,67,157,0.8478226495045695,0.1593195301347703,0.5748339755373457,0.0201368676905498,0.03330473700607996,0.03759999322207473,0.03764744921499672,0.00821207120757388,normal
158,tcp,telnet,RSTO,38952,127,0,1,0,3,1,0,1,0,0,3,0,0,2,0,0,0,510,459,0.7414735106068837,0.860074079741503,0.9120484547470356,0.9393600473773474,0.18131136662960481,0.7818113951911869,0.043137572166923016,112,30,0.18847517964205435,0.6235311730292078,0.08623166324092071,0.08698833829051061,0.989966259029737,0.9751782002506273,0.029048057226040924,0.01269360372922922,smurf
0,tcp,finger,SF,803,1641,0,0,0,1,0,0,0,0,0,0,0,0,0,0,0,0,1,4,0.08792382188999776,0.06003263920177168,0.07078013985918528,0.04556968600211837,0.9588077809287658,0.01910082614643891,0.010563380953339353,52,129,0.8779477601696253,0.17174228465274374,0.8126846142311595,0.08063084993068552,0.04923214317485423,0.004760675799630976,0.001432781451001275,0.03307953472827337,normal
297,icmp,telnet,S0,24318,15,0,1,0,3,3,0,4,0,0,1,0,0,2,0,0,0,378,151,0.7285847403680495,0.9352596846675159,0.8293208195420637,0.7362872168768666,0.1592368351585459,0.8787464458278915,0.016530693650700246,104,7,0.1494679176371202,0.7291378361270643,0.03533084580600008,0.09448877541949563,0.8209248885153865,0.9017724624875428,0.031646709576967545,0.029908286610276724,neptune
3,tcp,finger,SF,1826,1574,0,0,0,1,0,0,0,0,0,0,0,0,0,0,0,0,27,24,0.03445048516775469,0.06674289755844626,0.012316058587288948,0.0369424284754481,0.8425626100402803,0.14465766716304077,0.04247571176956018,117,119,0.7523388548698958,0.08627729396341016,0.8757390873895929,0.012654375353301063,0.015693575332802533,0.024338248505391753,0.0008423071303479302,0.005230433750833968,normal
458,icmp,telnet,S0,28021,268,0,1,0,7,1,0,1,0,0,3,0,0,1,0,0,0,471,201,0.758553949126706,0.7636017675173856,0.635086770197721,0.6247404197918359,0.06000754809058225,0.9909305676208527,0.00499215837381668,212,19,0.21419292507921564,0.6834166399083853,0.2525981969938026,0.04374095366962062,0.9648383226727757,0.7573196750751299,0.0022403237238218464,0.029299173684521635,guess_passwd
460,tcp,telnet,S0,35751,220,0,0,0,7,3,0,3,0,0,1,0,0,2,0,0,0,295,282,0.7126960273652557,0.8600358072013865,0.8041666860239824,0.6329740972696307,0.08469933652829918,0.7556906117225477,0.09086987495230624,194,37,0.25457704429750555,0.7142594047160713,0.022140651099187992,0.060086786169361285,0.6068112379358094,0.638651996891517,0.042539178294123056,0.023584976276411346,portsweep
325,tcp,private,REJ,6695,197,0,1,0,7,4,0,3,0,0,2,0,0,0,0,0,0,370,235,0.6616702551224839,0.7933299653071821,0.6620595359603776,0.9781199068074578,0.21398238659068441,0.872339264650691,0.007102054547443637,139,0,0.09325576736720011,0.800894702994098,0.003375233729680438,0.0959672251936908,0.835609504138702,0.7641768817023686,0.032529660079919004,0.014193837531002052,neptune
269,icmp,telnet,S0,13720,269,0,1,0,7,2,0,3,0,0,1,0,0,2,0,0,0,457,171,0.9414797851725794,0.8397615384712288,0.8689874255701965,0.6231070013934766,0.17990781971517095,0.6984302809809314,0.02655211096323137,98,20,0.04822618178512804,0.8409139607117725,0.00796360707028928,0.014800873284012805,0.6200546271258824,0.9352190554404143,0.038991415774577716,0.030688677079878542,satan
332,icmp,eco_i,REJ,13995,210,0,0,0,7,2,0,2,0,0,2,0,0,2,0,0,0,272,216,0.8626290425763279,0.619120758768245,0.6020782107894739,0.8990069184166971,0.05156929724375109,0.865635304639987,0.06177466155148025,201,32,0.13932579721387942,0.753923267530134,0.2113178769675882,0.00873048880023557,0.7618076722460067,0.5200386972901541,0.03440719232253992,0.041131327022533026,neptune
4,tcp,smtp,SF,582,2290,0,0,0,0,0,1,0,0,0,0,0,0,0,0,0,0,24,25,0.020120449812587284,0.07209621638267112,0.05270980891724625,0.02224454173916747,0.8338906359214358,0.07002499165863711,0.02021001047329072,195,237,0.8718165305902037,0.17952999814633164,0.862500606804778,0.0265792750868431,0.014009697568548897,0.0490447995168101,0.015929849569355566,0.039234427638521564,normal
253,tcp,eco_i,S0,25612,142,0,0,0,5,3,0,2,0,0,2,0,0,0,0,0,0,361,204,0.6834453966935861,0.8668083819777574,0.727919164736861,0.9898702795527793,0.13910731197757684,0.7275226608881303,0.038290944584367104,53,4,0.2554448658400859,0.9769606525156853,0.010409727567304216,0.031918304746138514,0.7646715123095995,0.9813274258609694,0.046445836304302886,0.04300682440290256,satan
266,tcp,private,RSTO,31093,47,0,0,0,2,3,0,4,0,0,2,0,0,2,0,0,0,308,215,0.9037489304633634,0.6247445900913159,0.8507169536597317,0.8736806084964268,0.21465004222380799,0.6979744262943202,0.08795656225266552,225,11,0.009523756967622721,0.9873858170295714,0.16991070189868615,0.01976710181811683,0.5299339733246684,0.9066579830115807,0.0341983258169049,0.03979970473431521,satan
2,tcp,smtp,SF,802,1623,0,0,0,0,0,0,0,0,0,0,0,0,0,0,0,0,14,27,0.022552345828308486,0.041393180817618384,0.08634919175632179,0.04563109796052035,0.8786453319202017,0.035534352397589196,0.09191859438916,50,249,0.7400251511254562,0.1527656724905042,0.7670752041002735,0.06557938491000377,0.015174833659456505,0.002900260190295628,0.034939482805704254,0.00951023820898695,normal
0,tcp,smtp,SF,597,3234,0,0,0,0,0,0,0,0,0,0,0,0,0,0,0,0,22,23,0.040502672650097785,0.03365436758874231,0.07960670996017168,0.07688172932641589,0.9215715825699782,0.16531595894802065,0.01762221652065158,122,152,0.9477243374317462,0.039198854428084864,0.9301502017353704,0.014816444505179105,0.01008511262012622,0.03210059726552796,0.034698768361929914,0.010907390793651868,normal
1,tcp,finger,SF,1263,3782,0,1,0,0,0,1,0,0,0,0,0,0,0,0,0,0,1,13,0.09204004729600596,0.065716975842417,0.08780292726865746,0.05345519493545236,0.9859532999254976,0.1193921411081107,0.05277281761259972,51,203,0.9408421161202517,0.09125904526208187,0.8188087331230038,0.04669127271231922,0.016565389623280736,0.005682904249235033,0.016525766430038426,0.012944283132959434,normal
4,tcp,http,SF,298,1409,0,0,0,1,0,1,0,0,0,0,0,0,0,0,0,0,26,13,0.044835775732845876,0.0005599438864240636,0.03270376922533811,0.03835518969340236,0.9898260332153219,0.027862065528306102,0.012083462598579698,173,171,0.808385752486734,0.16079234237260717,0.5740478628726382,0.09776830477298781,0.02077810377221926,0.04111740935270263,0.04442795203510505,0.024983773560963582,normal
4,icmp,http,SF,1527,4326,0,0,0,1,0,0,0,0,0,0,0,0,0,0,0,0,6,29,0.012267346961198411,0.07992163802511802,0.0449457160513994,0.05980800591118203,0.9623934644176967,0.10686932805781013,0.0007949684301122306,226,230,0.9306064455412943,0.06644871147340785,0.61641632108902,0.02455488196226161,0.0006785044444275802,0.048074212221002444,0.03362371468233606,0.013792365742843971,normal
22,icmp,telnet,REJ,30732,61,0,1,0,7,3,0,3,0,0,3,0,0,1,0,0,0,343,201,0.9785764853219835,0.6791975195183495,0.9174792401695717,0.9607069413291903,0.0688767351439415,0.7469456720049397,0.08822170863049728,120,35,0.2182487984973851,0.8398608086420137,0.2194649847414353,0.008841187664357942,0.7880637142697655,0.8463389653117304,0.04835465356952234,0.013521353148304695,satan
443,tcp,telnet,S0,41514,174,0,0,0,2,4,0,4,0,0,1,0,0,1,0,0,0,270,409,0.9497966745380106,0.9820692722523499,0.937284365431397,0.9269104735677346,0.06891284628281408,0.5927283344140164,0.048605952593335236,124,24,0.2524755295794023,0.7372837209034399,0.26647460344330226,0.0206594900032582,0.5372341838123766,0.7348415228921911,0.01382461198747726,0.029941514921902165,satan
0,tcp,finger,SF,1902,2754,0,1,0,1,0,0,0,0,0,0,0,0,0,0,0,0,17,3,0.046510192846409594,0.06505134021327537,0.07903145097440284,0.0026889640310256203,0.9677765523928576,0.19804815477106164,0.054724699880936395,190,239,0.8353255888475429,0.09072361084012764,0.826745234474042,0.06370303058028788,0.013054863900857812,0.026604049651609885,0.01596525489748421,0.04922022356374082,normal
3,tcp,http,SF,1023,3855,0,1,0,1,0,0,0,0,0,0,0,0,0,0,0,0,19,20,0.031074026777645692,0.06808225924932079,0.08684994925258765,0.01967698234992146,0.9853877590714454,0.0756775202504803,0.09990594347350251,104,56,0.7453076819894355,0.19287358039448357,0.542080970343918,0.0672642864924813,0.04036292074165179,0.0068591604702176075,0.029329895577789197,0.009166168836500866,normal
409,icmp,telnet,S0,48411,170,0,1,0,4,2,0,4,0,0,2,0,0,1,0,0,0,507,426,0.9449726299811453,0.7808821864848803,0.6944998842818532,0.7488620207109338,0.13257978299068174,0.7256190258905713,0.027106014808587098,65,1,0.24373566089913484,0.8514456637831681,0.2728613734091975,0.006804631835833331,0.6544876542294111,0.6620115278620503,0.04577592573771301,0.021181635340276873,satan
6,tcp,eco_i,S0,41619,275,0,0,0,3,4,0,1,0,0,3,0,0,2,0,0,0,499,340,0.7398115344695961,0.9610243861597433,0.888607894365622,0.7479397222220012,0.11689942588847049,0.5005698690450321,0.09410103377188257,229,37,0.15348948149940725,0.851151163239514,0.2829575341286568,0.045474549012861604,0.5144969084051579,0.5918126078134318,0.013446464059600649,0.02778345073869023,guess_passwd
121,icmp,telnet,S0,44626,145,0,1,0,5,2,0,2,0,0,2,0,0,2,0,0,0,208,393,0.6937162705821112,0.6005660593317032,0.7282192231647524,0.7405663463582801,0.15676772153704746,0.6964231238710747,0.021687730702224597,81,4,0.2885261298047962,0.4936741214005542,0.2626476687425288,0.06692130326475308,0.5644632703735011,0.8643239907270142,0.0242863166168538,0.006459713903018205,neptune
0,tcp,finger,SF,822,2642,0,0,0,0,0,0,0,0,0,0,0,0,0,0,0,0,13,1,0.08758166328973778,0.04986678334288609,0.008148398013846637,0.07355653719592323,0.8400988304872312,0.1410906441878929,0.04384175768663881,66,200,0.7151513095572551,0.05106169499520877,0.8989656567678097,0.06636185651121598,0.04750196038278954,0.008578638777497066,0.013267270787287334,0.03969617491735006,normal
3,tcp,smtp,SF,1422,3984,0,1,0,1,0,0,0,0,0,0,0,0,0,0,0,0,10,22,0.050614815564059515,0.019514422053831505,0.02669717853461734,0.09254488677038575,0.9450809020705236,0.12967053314192914,0.07244718330730275,222,171,0.9006624443898904,0.043334342858928614,0.9919227974624298,0.06344667611590807,0.013661085072708351,0.01491514614597752,0.015241541211441868,0.013872961688527941,normal
8,tcp,telnet,S0,44699,218,0,1,0,6,2,0,1,0,0,2,0,0,1,0,0,0,305,251,0.6156453914592807,0.941338189973837,0.7541249943352137,0.9772456469182962,0.2092843693689908,0.6169564930194258,0.08016222875906581,141,21,0.16748721160383775,0.45412973253866923,0.1967334717246711,0.0029650662919803563,0.5801973878760884,0.6070911235275274,0.02771598373266981,0.009089655777194172,smurf
0,udp,http,SF,475,4463,0,0,0,0,0,1,0,0,0,0,0,0,0,0,0,0,7,27,0.06817893419696484,0.03178400337341488,0.05000677268066126,0.005522577635524728,0.9152896039440445,0.19169556281869116,0.03576779333770224,232,58,0.7196450193983165,0.16378202816401108,0.6983292761010654,0.06145304926431803,0.021691377024784693,0.028323144565708027,0.03270767868666254,0.034931896936392585,normal
2,tcp,http,SF,928,2302,0,1,0,1,0,0,0,0,0,0,0,0,0,0,0,0,4,2,0.012816227064571051,0.018428706223489022,0.04618127344629326,0.020685236170151534,0.9049149666542669,0.1060279203460888,0.07455703960009395,234,98,0.7204020070958659,0.03612446384489796,0.9334555451880588,0.06777075596130526,0.01118832898955528,0.015750186027383102,0.02426713892463749,0.02761692047745929,normal
2,tcp,finger,SF,1548,2686,0,0,0,1,0,1,0,0,0,0,0,0,0,0,0,0,28,3,0.016663614302847442,0.07528858036578309,0.08774625257433229,0.061087278890344855,0.8051955119893122,0.16581037832456363,0.020670399959602983,160,188,0.9905699253935469,0.1134573811189486,0.9429476297700649,0.02473352067173882,0.012099463655226168,0.043992451807195194,0.049810309079721726,0.0035352559448242394,normal
3,tcp,smtp,SF,1090,2122,0,0,0,0,0,0,0,0,0,0,0,0,0,0,0,0,21,15,0.011670369167885941,0.06730262637118271,0.09852959232362493,0.018420771426073203,0.8253732235603676,0.013510686346533985,0.005175567238779011,114,209,0.8955943645178568,0.07321055534992171,0.579230756362134,0.03789312726644106,0.020161137137468255,0.007580692688673624,0.030535862023480714,0.015894441433678942,normal
206,tcp,eco_i,S0,30819,142,0,1,0,5,1,0,2,0,0,1,0,0,2,0,0,0,234,333,0.854981713415321,0.9006335086898432,0.7166929360238982,0.8259152284151329,0.17740905724680817,0.7656974095161221,0.0747222097878956,173,8,0.1468272204703283,0.8611543383930433,0.10347272183285193,0.09404713000370657,0.5175789372437931,0.7417570482001834,0.019756614047009104,0.015968208290222847,guess_passwd
4,tcp,http,SF,1310,2023,0,1,0,0,0,1,0,0,0,0,0,0,0,0,0,0,18,13,0.033288262541404656,0.0848615496290637,0.014036100145675846,0.03394252489533416,0.9474043824651066,0.1856115191971137,0.038808235011371234,69,136,0.9883207878774598,0.16684703696580847,0.7831256317674056,0.03082401723280184,0.04197631801279336,0.04177395769001562,0.03699825967721667,0.0024450339561637394,normal
1,udp,finger,SF,455,4292,0,1,0,0,0,1,0,0,0,0,0,0,0,0,0,0,12,1,0.04166694109625484,0.01292510889476195,0.03280782204074197,0.006518445795863071,0.8231042387351876,0.08981862727223755,0.06126214787935487,233,239,0.9768195048310209,0.02067080922580329,0.5386720011278895,0.09690789782144965,0.048202071484674806,0.011898579785687547,0.004496214505718343,0.01395675508060334,normal
314,icmp,eco_i,RSTO,39533,88,0,1,0,2,1,0,2,0,0,1,0,0,0,0,0,0,407,372,0.910257375331842,0.9938894088225586,0.9952997106123895,0.7169624178497529,0.1879993647290785,0.5034494188967956,0.0645937361744546,207,16,0.05188811609225421,0.5779474440326136,0.11156984276158695,0.09786139557672914,0.8382346669257597,0.5502198367053072,0.038111845493669895,0.007258863739375315,guess_passwd
2,tcp,http,SF,185,952,0,0,0,1,0,1,0,0,0,0,0,0,0,0,0,0,9,21,0.06584334261832758,0.08332450388013245,0.06606588151171319,0.05373520809075544,0.9025645682401855,0.03774235961422867,0.08497198158986585,63,233,0.74179757782141,0.0202412254880481,0.5667492095615856,0.02252850437077768,0.013649256242915398,0.04159320905582498,0.03091055628325558,0.04481253613043156,normal
0,tcp,http,SF,100,4200,0,1,0,0,0,1,0,0,0,0,0,0,0,0,0,0,28,24,0.06459475709168853,0.028990662821547577,0.055003745271109905,0.046301534973632964,0.9785245419618938,0.08328103096825945,0.01343285458188941,254,107,0.7159752005419415,0.06547684017614921,0.7032799174050677,0.04646359499442313,0.013348217216771041,0.042980806312915724,0.03255500083506115,0.023276928299478906,normal
3,udp,smtp,SF,1721,4031,0,0,0,1,0,0,0,0,0,0,0,0,0,0,0,0,18,27,0.03499992327079726,0.05253869328518468,0.09689124835222857,0.027679274397464572,0.9956909660957008,0.03572572378924845,0.011995563131168242,201,205,0.7683596737929731,0.04931610561594529,0.6392955067974263,0.0066462305138005225,0.021426480865482718,0.02204231538781224,0.02910385532370119,0.007263109486171759,normal
0,udp,http,SF,1438,4217,0,1,0,0,0,1,0,0,0,0,0,0,0,0,0,0,1,19,0.01216902873740895,0.07994657824269527,0.020875548899907028,0.09545248613841384,0.965775778375257,0.09819596766765591,0.012666135391104161,128,193,0.7070984060602793,0.13100405891923392,0.6034252041677961,0.044147605389663794,0.022472659714294366,0.01661170754812973,0.00851154432995997,0.04435469119441732,normal
291,tcp,eco_i,S0,43957,24,0,1,0,4,3,0,4,0,0,3,0,0,1,0,0,0,345,273,0.6551699633138323,0.7645021397106284,0.7434359697915902,0.7071019002363925,0.10912135809414827,0.6263083485709252,0.003435728396859972,209,12,0.04935602490173004,0.5134134663743449,0.14862400873051979,0.09503025160361454,0.52058953467683,0.9904105734091766,0.032926056497435616,0.022114109609738197,guess_passwd
219,icmp,eco_i,S0,35203,243,0,1,0,5,4,0,4,0,0,2,0,0,1,0,0,0,200,422,0.8746854375023723,0.9703707126466292,0.8866674365579275,0.9694589499094688,0.24810598086425742,0.6500218668378135,0.05293314219542253,92,20,0.04868168141197675,0.7253499971568942,0.21744849985549927,0.05987654267602055,0.9829138456041322,0.8712544929057108,0.032229065589987185,0.03407254210722228,satan
100,icmp,private,S0,37199,30,0,1,0,4,3,0,2,0,0,3,0,0,2,0,0,0,490,154,0.6392469707671737,0.9974630769529936,0.6935935247758127,0.6466345655680379,0.28037143700281314,0.7596499290690252,0.07026430761868001,235,1,0.2643124536745805,0.703614903738121,0.14783686106408947,0.06443469609477989,0.9101351918447131,0.9928545377035998,0.03494783033260222,0.011723648735160519,smurf
4,tcp,finger,SF,1995,3014,0,0,0,1,0,0,0,0,0,0,0,0,0,0,0,0,18,14,0.06020878260016921,0.0655373450046628,0.07987287392284881,0.09644537107931075,0.9533696385815912,0.023658724493120144,0.07495666625861319,223,229,0.7688021885306517,0.047183152498923554,0.6169096371305389,0.013410759650791238,0.00012307417122796595,0.015631618628996903,0.013818673237202407,0.014128239766719793,normal
482,icmp,eco_i,S0,36016,266,0,0,0,2,2,0,2,0,0,2,0,0,1,0,0,0,433,348,0.9261539985114235,0.6103292179929103,0.6116707027802767,0.711558765855448,0.24664422677642822,0.6475892002321357,0.0873250932634735,187,29,0.17575955565560913,0.4056414467218257,0.10452367301817458,0.04485386819113535,0.7132013159203695,0.9144209419183705,0.012356547411037528,0.028977717780384795,smurf
404,tcp,private,S0,7687,297,0,1,0,5,1,0,2,0,0,1,0,0,0,0,0,0,225,395,0.970155198786633,0.9355179031229283,0.7531275966158462,0.8581658083466448,0.11019988815636,0.8057597281092672,0.0012481678219650738,198,35,0.24866137314826758,0.7598832364924157,0.15127853382804482,0.027514379708076,0.8801626631817674,0.9081337901552033,0.0348121214661641,0.01647239736860954,smurf
4,tcp,smtp,SF,1633,1031,0,0,0,0,0,0,0,0,0,0,0,0,0,0,0,0,19,4,0.017455238357527127,0.01860043703327412,0.06319589765938644,0.06422976865257292,0.9948194449892406,0.07045584592535022,0.04864712706366821,114,221,0.7265022459668911,0.18152491550389666,0.7672907337336281,0.052152637895212295,0.02857745073892249,0.039027251601943085,0.011272179528738546,0.03272392545969255,normal
488,icmp,eco_i,RSTO,42552,287,0,0,0,5,4,0,1,0,0,3,0,0,0,0,0,0,223,495,0.9296433364827767,0.8333206903018755,0.9543862415950887,0.86611350598564,0.25178170992062343,0.9395841009201717,0.09094746124941654,115,2,0.2349141196524612,0.7531641423219044,0.26682393587627456,0.04462165419215778,0.5981586093305254,0.6901501962743306,0.01610610369952357,0.029676568196551054,portsweep
213,icmp,eco_i,RSTO,24606,271,0,0,0,4,2,0,3,0,0,2,0,0,2,0,0,0,451,287,0.8793159541660742,0.9674486556542661,0.7094999999987144,0.8731629451514644,0.16129869716891054,0.8135651091741127,0.04036880612240164,71,20,0.28726712948623273,0.8794631287232609,0.23417617110537056,0.026759147585953637,0.7125308206151411,0.7361291510068013,0.0023987042356049485,0.04904990301698915,portsweep
26,tcp,eco_i,S0,5086,251,0,0,0,7,4,0,2,0,0,3,0,0,1,0,0,0,217,212,0.6626740282456328,0.8249663473289044,0.932031264026622,0.6364991870297572,0.2734002339592288,0.8870074775198002,0.0319835617543496,95,33,0.2220004547009548,0.6864656468647874,0.25535665875318964,0.0578276448121984,0.8548314887029156,0.738789338971813,0.025458828794367207,0.04834078349054699,smurf
380,tcp,private,REJ,15455,256,0,1,0,7,2,0,1,0,0,2,0,0,2,0,0,0,292,219,0.7982924357086192,0.8936346509593823,0.8380757374535,0.6588109807192845,0.10356433492753984,0.6990321856511427,0.0642794287991708,170,25,0.0707751396588617,0.8522212568980675,0.2659703686142901,0.08247695110482386,0.8989302868930864,0.651060848679781,0.008532425701002716,0.04950856939041635,guess_passwd
2,tcp,smtp,SF,815,4516,0,0,0,1,0,1,0,0,0,0,0,0,0,0,0,0,6,23,0.08845149873666747,0.08117740782411575,0.05056558896402157,0.05742714699195859,0.8167001830851857,0.06568562069095055,0.07074797624354177,154,135,0.865865786431705,0.1545737922695604,0.9271777777704227,0.0567829206341983,0.042264295732247985,0.024917220161938276,0.02944285352804384,0.0021603840208216265,normal
316,icmp,eco_i,S0,22502,87,0,1,0,6,3,0,3,0,0,3,0,0,1,0,0,0,237,448,0.8176191243492813,0.8387847203012291,0.8453033914125521,0.772650288150346,0.11207627717501252,0.7416805871157992,0.06395972693547712,114,19,0.18212569189047034,0.8693382108546259,0.24958057754215157,0.09070560666400941,0.8051865558190245,0.7783193179213874,0.018735910365257714,0.02947974997668378,smurf
2,icmp,smtp,SF,335,719,0,1,0,0,0,0,0,0,0,0,0,0,0,0,0,0,26,9,0.0837210214861655,0.07468576231363655,0.051001618235343965,0.02827507059853085,0.9184557049644039,0.0013991883618746038,0.0927896593814353,122,104,0.941376842087243,0.14641778128941313,0.5705199223414226,0.09904456183130278,0.030804908658105673,0.019164675650794757,0.03165998823074704,0.030431291261492573,normal
29,tcp,eco_i,S0,17631,174,0,1,0,3,4,0,4,0,0,1,0,0,2,0,0,0,290,181,0.7842472096011275,0.7627002464760559,0.8062033219004681,0.6891523014624836,0.23602169939333367,0.5926005408106201,0.023124626711987364,132,29,0.10942177090035593,0.5465692694387957,0.06609681416486435,0.011588407804309676,0.8344042021491853,0.9019924739929022,0.002321203007680711,0.0003584551430313943,portsweep
2,tcp,smtp,SF,1318,1489,0,1,0,0,0,1,0,0,0,0,0,0,0,0,0,0,22,10,0.09575924341941718,0.03686217310426012,0.038066292770164094,0.011090838506346923,0.8945000176560839,0.0672934831753454,0.018103687777325708,89,79,0.7275180328466078,0.03893899817916793,0.5501100188729723,0.07855035569753578,0.022531779505685558,0.04425488035615302,0.0009755132667702171,0.028679651205949126,normal
214,icmp,telnet,S0,48383,195,0,1,0,6,3,0,3,0,0,1,0,0,0,0,0,0,287,379,0.7579254270073221,0.9558291067142506,0.9603482260985192,0.6831748524466801,0.09550517761796647,0.9154456672133179,0.09897563706854468,224,27,0.04609023263355507,0.9538609736131027,0.027528625546846573,0.024203664074126042,0.6496216844205498,0.7348791328199988,0.019752021429534545,0.03579994685328503,neptune
2,icmp,http,SF,1323,3146,0,0,0,1,0,1,0,0,0,0,0,0,0,0,0,0,5,2,0.002592622809094414,0.09079331228185929,0.09688137242631573,0.06549353268423558,0.8038433609113225,0.013184277803131384,0.02810474143872277,210,171,0.8871401084276416,0.10004150556154189,0.608248081353211,0.0615743145528579,0.03935376860647105,0.03275065908009627,0.0016725455704140635,0.005195791204411543,normal
4,tcp,finger,SF,1955,2089,0,1,0,1,0,0,0,0,0,0,0,0,0,0,0,0,20,14,0.05834935514695763,0.03882586950124513,0.055552290710583534,0.030534594922873595,0.883012160323229,0.01310552675296004,0.060820851130695235,183,90,0.9550053636441869,0.1403950404414961,0.8158670579163028,0.08036765068866004,0.04418517600353661,0.044543429861862056,0.03434084959811957,0.024840223325432804,normal
0,tcp,smtp,SF,1894,4807,0,0,0,0,0,0,0,0,0,0,0,0,0,0,0,0,15,4,0.027713031234139374,0.07292409788431715,0.08957944968462817,0.04393822325679943,0.9467043175551993,0.0848995781382212,0.09651168616279841,114,113,0.76527261452243,0.1229244359633122,0.9982671189628431,0.05181849401446684,0.021376570732370988,0.02640076402060812,0.034762792651467096,0.025267850151756883,normal
48,tcp,telnet,RSTO,43954,288,0,0,0,7,3,0,4,0,0,2,0,0,1,0,0,0,460,246,0.6831405456278572,0.7041687327002402,0.9762588542129567,0.7222765579267543,0.09299702643866155,0.6904876684947123,0.054170140482253375,202,28,0.11127480544147778,0.8780518719976267,0.18771080415108515,0.058523999769252155,0.5629388436341546,0.6646389192352982,0.04891525569288959,0.035644036326165564,portsweep
268,icmp,telnet,REJ,19799,166,0,0,0,7,1,0,3,0,0,1,0,0,2,0,0,0,307,290,0.6792951908158211,0.8060722186598223,0.8627636745591108,0.8526432483635531,0.10797738902797058,0.9408718848334873,0.040690139144491634,205,14,0.12451875727092762,0.48548375918374503,0.14858056212598422,0.050220761186409835,0.7259959416103132,0.6995318279035301,0.04197354276414907,0.010787412455778373,neptune
3,tcp,http,SF,1981,4651,0,0,0,1,0,0,0,0,0,0,0,0,0,0,0,0,9,26,0.035748817539812086,0.020190721853143613,0.05017159168522074,0.09708326498571355,0.8825887060465812,0.15849453311175543,0.08107652169822539,102,225,0.8294762039714995,0.047452963200149446,0.6759198464898131,0.03324459988987425,0.03782345244501693,0.04712808502503184,0.026255606683033533,0.02963724270958138,normal
3,tcp,smtp,SF,488,4601,0,1,0,1,0,0,0,0,0,0,0,0,0,0,0,0,11,12,0.04547927573170499,0.09651482716283151,0.029168809146740072,0.027113671789274842,0.932327173638103,0.018964600260789014,0.07054421098520003,78,71,0.895822927629822,0.029015686383948136,0.5365596684098848,0.06059339962234746,0.0010919462008436576,0.049007527043087196,0.03862822701460898,0.02454829925147069,normal
0,tcp,http,SF,1478,4992,0,0,0,1,0,1,0,0,0,0,0,0,0,0,0,0,14,5,0.013763478513236938,0.07556965094242524,0.0034571663318231473,0.048014246882872536,0.9396193416698824,0.006330036142974782,0.024025199377527885,100,167,0.7880022482786405,0.01478818581343504,0.9354820425398214,0.04537812343456108,0.0007179602021884058,0.01809967710714286,0.016121116859895875,0.04136309122419583,normal
234,icmp,telnet,REJ,26238,52,0,1,0,4,4,0,2,0,0,3,0,0,1,0,0,0,234,202,0.848869139135964,0.7853581796464842,0.7245721688505431,0.8159493278589998,0.1664951376542104,0.8619055471688857,0.013447680913629268,202,17,0.1554872183753704,0.9443729801907538,0.2011259339262767,0.0935217356404427,0.8730245776348186,0.5157392608111995,0.04740648910213774,0.025011900013639145,portsweep
4,udp,http,SF,457,2274,0,0,0,1,0,1,0,0,0,0,0,0,0,0,0,0,27,10,0.06316683855799358,0.07693299595181524,0.0854331031644593,0.016295724578730443,0.8429638729450991,0.006385895664177466,0.05177470129619597,149,63,0.813064503921405,0.11920983611161982,0.7722660987409695,0.007627067030716384,0.034631252319048275,0.03828289725473347,0.04768568100988177,0.04742328801368095,normal
244,tcp,eco_i,RSTO,40725,2,0,1,0,5,4,0,1,0,0,2,0,0,2,0,0,0,309,501,0.788276390178939,0.7270056104484933,0.6791336222655859,0.6530684524132261,0.07212380621310698,0.9925675435373194,0.05883752971221734,128,5,0.2714150510748846,0.4676273034658471,0.1738300117376582,0.012102633991142609,0.7778832079246826,0.6776335600433405,0.0017301328722910847,0.04193359441613795,satan
308,tcp,telnet,S0,38634,181,0,0,0,4,2,0,4,0,0,1,0,0,1,0,0,0,331,442,0.8317560728113601,0.6133347099585253,0.7134207325260336,0.7569851789274626,0.27662999133217286,0.8372897711204006,0.07933180458135015,205,19,0.19027901940265887,0.5896308298720266,0.06482729068884009,0.0015526257917141241,0.6919222497908093,0.5076345299803855,0.01502978416542371,0.011707663707708565,satan
380,tcp,eco_i,REJ,24770,228,0,1,0,6,2,0,3,0,0,2,0,0,0,0,0,0,411,419,0.6072217067132427,0.9682232849674728,0.8118011825133994,0.676163319073149,0.06976230459717526,0.6132922302818946,0.08799815531315147,138,3,0.287408961551124,0.9542227289057956,0.08562150220261769,0.019059060249129692,0.5235720234109627,0.581202290617721,0.002877785088370344,0.005563569457215739,neptune
0,tcp,finger,SF,1710,4088,0,0,0,1,0,1,0,0,0,0,0,0,0,0,0,0,3,8,0.005539206171529765,0.02605693164254759,0.012204779975345414,0.05494094913401387,0.9107638283308118,0.009555910094984266,0.05712190773337057,112,83,0.9585170101160532,0.19553493330058333,0.5047615158477428,0.02481168805635673,0.02986279022248675,0.028095156466831896,0.036020229573199974,0.010079143161570782,normal
3,tcp,smtp,SF,286,2875,0,1,0,0,0,1,0,0,0,0,0,0,0,0,0,0,7,14,0.0037866116643128223,0.028647718139397996,0.08405764334382779,0.018019417370894998,0.9147962127888538,0.06387320470144064,0.008623291636769548,145,188,0.8130105005080703,0.059168926156175576,0.866552651961849,0.07375485173242352,0.03310182286790207,0.017615849736023627,0.04136812599735979,0.049352763951342825,normal
455,icmp,telnet,S0,35225,58,0,1,0,2,4,0,4,0,0,1,0,0,0,0,0,0,430,501,0.9569133461151569,0.9674363359774159,0.7864349680302469,0.6450952700235068,0.2662491772647352,0.9579509997302393,0.09420649496551835,248,17,0.21104130214723518,0.9011695581808261,0.01905226800429244,0.08579380084155429,0.6535070087221815,0.6453099637462986,0.0273863424952169,0.023411277843577983,smurf
4,tcp,finger,SF,828,2364,0,0,0,1,0,0,0,0,0,0,0,0,0,0,0,0,8,22,0.07234095031624597,0.006507762717751587,0.022168249022254085,0.029927837212207042,0.9253989679881021,0.0923248732378693,0.08348119291439021,218,145,0.9208303297217846,0.07745833441719333,0.7136508689156951,0.032414601440480875,0.0005558855206031666,0.035588516445789746,0.01564238868502015,0.016473399540400085,normal
382,icmp,private,S0,47285,1,0,0,0,3,3,0,1,0,0,2,0,0,0,0,0,0,496,504,0.9609609059937118,0.6948287809968822,0.6107072786275061,0.9376808252905802,0.2320721682707249,0.727495800047132,0.023824632691182814,175,13,0.04823462280271224,0.8400106371325071,0.2033187944966132,0.024531404740660234,0.7546415190193185,0.7478972012074216,0.02743863893523206,0.04397900620704126,portsweep
1,udp,finger,SF,671,2427,0,0,0,0,0,0,0,0,0,0,0,0,0,0,0,0,24,1,0.050573368718435555,0.01739875590696015,0.06063942805090216,0.09302420183009658,0.8898252247073859,0.1475609075628684,0.07181030554376715,202,101,0.7981483203183926,0.1309603363925911,0.6246892374599269,0.09837223383651236,0.028342354006998933,0.04545667423375205,0.037592622133110015,0.0304955518567003,normal
412,tcp,telnet,REJ,43981,113,0,0,0,3,2,0,1,0,0,1,0,0,0,0,0,0,287,340,0.8530292062909981,0.6847421834481409,0.8889263123412097,0.8981960000502667,0.22725191197369068,0.7924258677632037,0.05366237902784025,167,22,0.2694458028884773,0.5094472354521707,0.15886151316446626,0.006861639265998066,0.5962820422659268,0.5135532291487137,0.01769896671513139,0.01843598058308557,guess_passwd
383,icmp,eco_i,REJ,18795,82,0,0,0,3,4,0,4,0,0,3,0,0,0,0,0,0,209,445,0.6988101999006999,0.8246247219415337,0.776418681174027,0.7391589691881597,0.24971968582035234,0.775109556422241,0.06182102631607969,249,16,0.1848809561448491,0.6950142676771198,0.23785072077981068,0.03821144899749417,0.9258490821988532,0.6867959411277431,0.00725160807048656,0.03131702451869483,neptune
1,tcp,finger,SF,1923,3448,0,0,0,0,0,1,0,0,0,0,0,0,0,0,0,0,14,8,0.06055916435947739,0.05533982076178892,0.022988748454639697,0.058876669962021816,0.8356077816726524,0.15300999511659066,0.04504457901439035,120,80,0.7860078110745842,0.1084639197778603,0.7690001506562567,0.013540648685019363,0.020336985955349177,0.01486165500087372,0.04647830048165871,0.002929153507822002,normal
4,tcp,smtp,SF,1827,3256,0,1,0,0,0,0,0,0,0,0,0,0,0,0,0,0,15,28,0.027053962868541604,0.04155941976017066,0.07738955250878553,0.058413958044251174,0.8044112134620098,0.0292270811842172,0.003545413240775064,204,154,0.7076952750907015,0.02917210912717645,0.7375866004233528,0.03313672954987075,0.016838574582518036,0.037577108466405294,0.010456391356993638,0.02133506297629047,normal
2,tcp,http,SF,861,2985,0,0,0,1,0,0,0,0,0,0,0,0,0,0,0,0,21,4,0.03643570713351794,0.05674065746467732,0.08033495334226995,0.00544404273944078,0.9980447334178604,0.11981569379086698,0.06373101825116259,231,250,0.8123933284748384,0.1069547111461636,0.6829388919054734,0.00590567758405477,0.032778996217440994,0.030789590513755412,0.024140184213247554,0.0004624465841817915,normal
0,udp,finger,SF,371,2440,0,1,0,0,0,0,0,0,0,0,0,0,0,0,0,0,2,24,0.04377683670655096,0.006867798554917004,0.06199706806164247,0.0018132650459765976,0.9602715425032367,0.006101015338127836,0.045506743105151015,150,197,0.948993590548667,0.025245084761792505,0.8715204730814936,0.08575730693978238,0.048308437838906655,0.03130549830115833,0.03592566133453072,0.02287886908998493,normal
2,udp,finger,SF,157,3709,0,1,0,1,0,0,0,0,0,0,0,0,0,0,0,0,19,7,0.05721633031474585,0.02029197830615336,0.07242425757268992,0.07442737173155829,0.8375182237640958,0.04159441396129507,0.061049448147023115,233,145,0.7198645958830407,0.11989067262980142,0.8631660080139952,0.08148091184926064,0.04682713411855862,0.005573100573877199,0.04472312407759616,0.041460503417453234,normal
2,udp,http,SF,395,2270,0,0,0,0,0,1,0,0,0,0,0,0,0,0,0,0,14,25,0.06297877747249185,0.03730147670777341,0.04416227863618305,0.043641629369003745,0.91145986924289,0.12164437949570142,0.02061535869060216,81,72,0.936638146801233,0.09036445668650726,0.9265517983653462,0.09288109813723278,0.02767803616516872,0.039377782171407805,0.03317047741665574,0.03697444046871154,normal
373,icmp,eco_i,REJ,5654,163,0,0,0,7,1,0,2,0,0,1,0,0,0,0,0,0,439,475,0.7437893928285355,0.8513307387415985,0.8673579646597509,0.9667134227785692,0.11048100325240318,0.8236903605980233,0.014986439595249324,250,27,0.24165444093390676,0.4326005977567341,0.21055425682827206,0.018517808655426096,0.9076050280702073,0.9217290024234099,0.02285196765655287,0.0317370319444385,satan
132,tcp,eco_i,S0,20141,113,0,1,0,5,4,0,2,0,0,3,0,0,2,0,0,0,402,320,0.952062267903802,0.8965968863429863,0.6881324673345915,0.8550526900368478,0.22927204040717217,0.8777884295805686,0.015518700466484249,222,27,0.05049910654276487,0.6787470878476112,0.2860446329503213,0.06899674808236965,0.8979936213715982,0.9250425861085936,0.005726899694623717,0.03774265079027923,smurf
280,tcp,eco_i,S0,38891,45,0,1,0,6,4,0,4,0,0,2,0,0,1,0,0,0,363,272,0.7625964708521578,0.83419579251411,0.8986160538383843,0.6065553173215222,0.13591980890395292,0.5774546291624314,0.026123118092596966,96,21,0.0852508120161007,0.4078959360958176,0.13631751335869655,0.05376283320981873,0.9457787885312259,0.9559663434438468,0.023479488170331266,0.03217867806545803,portsweep
0,tcp,http,SF,128,1355,0,1,0,0,0,0,0,0,0,0,0,0,0,0,0,0,26,2,0.063222953708832,0.0038225445282740744,0.07728257144974784,0.09195320647852825,0.8238866173584612,0.1856463592204661,0.08685001619617433,141,192,0.8732678650355536,0.11155583494169877,0.6078098383816164,0.011843908528424641,0.023576739238784727,0.04348127931283798,0.040364647875694604,0.004306742240327683,normal
3,tcp,http,SF,1103,4835,0,0,0,0,0,1,0,0,0,0,0,0,0,0,0,0,6,9,0.047499745071437394,0.06888085745134483,0.0010245360383479452,0.07031854149056545,0.8820994125241977,0.004548292687834588,0.023256223355248976,104,221,0.7268024674686636,0.04674093285565202,0.6907827410864387,0.024493131235079558,0.037099363452199954,0.014005177557724442,0.04861106453842751,0.020344081222785762,normal
256,tcp,telnet,RSTO,26579,253,0,1,0,2,1,0,4,0,0,1,0,0,1,0,0,0,297,499,0.9802388718853753,0.7049722426683824,0.6237120746221866,0.6661453651451675,0.04472681385624944,0.8332724955850992,0.02022941937905394,199,28,0.2661399046019817,0.7082062297359105,0.05841560403768826,0.05928546001010504,0.5249085049242287,0.8070753988694069,0.0056052141724486195,0.0011255914863843586,portsweep
95,icmp,private,S0,30519,280,0,0,0,6,1,0,3,0,0,3,0,0,0,0,0,0,405,321,0.9206361568074628,0.7431613796988905,0.881966290910587,0.9882923376964711,0.05174892336620281,0.5566480499881802,0.03142590640135832,87,36,0.16533984968565976,0.796264686405349,0.23585300896954806,0.012862047397679944,0.5774351840373707,0.7214554033442689,0.042023302740890556,0.003266453343132414,smurf
358,tcp,eco_i,S0,31624,6,0,1,0,5,1,0,3,0,0,3,0,0,1,0,0,0,470,457,0.9679762920532351,0.8319137256780491,0.6642920375547113,0.7022103635991436,0.06656144802613369,0.7911236765621632,0.03997686081000001,87,31,0.08353029750942559,0.742671527210615,0.19611495286742084,0.017531315297813876,0.880385027823182,0.8497060310675296,0.024766168140238506,0.031751631150870825,guess_passwd
176,tcp,telnet,S0,46124,55,0,1,0,4,3,0,1,0,0,1,0,0,0,0,0,0,260,414,0.6999959718631242,0.6203843912618973,0.793809968079461,0.7101619677099652,0.030223293900491596,0.5073492491543388,0.017817132596784236,85,12,0.28940355946636687,0.7608271753600196,0.2302248104076513,0.004470352436649028,0.9096137721129363,0.9455358201395627,0.025120462026032325,0.009104062993152019,guess_passwd
345,tcp,eco_i,S0,42154,213,0,1,0,2,1,0,2,0,0,1,0,0,1,0,0,0,414,261,0.9827790099044434,0.6064384446374728,0.7043761302372936,0.7864245970522689,0.14334358085431703,0.8800383276016235,0.02342287663320447,58,18,0.22273765697698295,0.9773460139557457,0.14735272972028932,0.07286328552467729,0.8825700952462219,0.9346445767633771,0.022828357144519258,0.02600377734436864,guess_passwd
21,icmp,telnet,REJ,45208,36,0,0,0,4,1,0,1,0,0,2,0,0,2,0,0,0,221,482,0.7198250257821639,0.7368668700578512,0.8591374053189142,0.9158202961815965,0.10805341152952559,0.9317368769637713,0.0756454601282506,230,3,0.19949184124538727,0.6981734221604458,0.010670386265678,0.055757338910572454,0.9928021438202963,0.9769930567310366,0.00550639700622213,0.03948340118241767,neptune
30,tcp,private,RSTO,34723,170,0,1,0,6,3,0,2,0,0,2,0,0,2,0,0,0,501,400,0.8683172212788806,0.6636911290033589,0.8144932224936741,0.9533907783282642,0.09161507027276947,0.984704713326624,0.014228080243870678,181,39,0.13606860533470194,0.4457756997663199,0.11742960040773277,0.04092692683332492,0.976207277959597,0.7434734502213151,0.03255527559417785,0.030427597321986428,portsweep
2,tcp,http,SF,1650,4042,0,0,0,1,0,0,0,0,0,0,0,0,0,0,0,0,1,6,0.025050903608899514,0.009116953553275242,0.08383117521072081,0.058278190221095975,0.9053495893081913,0.11876124130508965,0.04467470352447276,158,185,0.8089917680374056,0.1122860231602536,0.6897602924638502,0.08753553544574787,0.032068138760891,0.04815094169531071,0.028904224849919044,0.029128175949665075,normal
270,tcp,eco_i,REJ,18030,103,0,0,0,6,2,0,4,0,0,1,0,0,1,0,0,0,397,337,0.7163024571839518,0.6092819678389813,0.6360509533381931,0.8347920178843807,0.14781508977093258,0.6185115830152863,0.015295147784890106,90,37,0.20227923004891465,0.9490756211439105,0.03907128697314318,0.010127869750558183,0.9034895774343858,0.618060958243812,0.038548155867724275,0.007327713058473334,portsweep
161,icmp,telnet,S0,30839,37,0,1,0,6,2,0,2,0,0,2,0,0,0,0,0,0,426,366,0.6643156812949793,0.9728777000875344,0.6135384454358112,0.7275978656349713,0.05730880378425565,0.8936847064319431,0.07267038664356115,146,36,0.2429232676326883,0.7077569672676756,0.12300889096808783,0.056281376228038464,0.8414683694751388,0.7288047620915832,0.01253178279410307,0.02367456834879449,neptune
0,tcp,smtp,SF,1486,3118,0,0,0,0,0,0,0,0,0,0,0,0,0,0,0,0,23,9,0.05821670682445784,0.0800449812318451,0.01150276024303666,0.06592858614193504,0.95598585210964,0.10135278793404655,0.03648682259757726,95,159,0.8824183007302966,0.009390649498294157,0.798429844154759,0.05824401608730741,0.0085000267122606,0.008184383297974746,0.026225140506823758,0.0216744511335368,normal
0,tcp,finger,SF,784,4476,0,0,0,1,0,1,0,0,0,0,0,0,0,0,0,0,4,16,0.016341657754026295,0.004314098309523984,0.08084494114928407,0.07764044634518033,0.9425151728698663,0.021508660174987895,0.07876934476661962,225,166,0.8117283174699108,0.14305230621435427,0.8509499539654439,0.04830984045554402,0.03161887172405183,0.01768758960464148,0.008333006478346894,0.010403563775087605,normal
4,tcp,smtp,SF,1433,3681,0,1,0,1,0,0,0,0,0,0,0,0,0,0,0,0,5,5,0.0146538972560332,0.028303248806263493,0.031716969465823884,0.004060834738816166,0.9668597773425371,0.19447030658799747,0.0501394800583469,241,59,0.7518041945736923,0.10488183835741319,0.9771447189344602,0.03817838938171922,0.03691577391407729,0.010716511040560695,0.04743294713588418,0.02453816872674395,normal
111,icmp,private,S0,29966,119,0,0,0,5,3,0,3,0,0,3,0,0,0,0,0,0,217,168,0.7039470876243641,0.887983567892688,0.7232599806156755,0.9313384737290816,0.2884395105144107,0.8279336678707748,0.06475366827977042,107,9,0.06440673575634026,0.8754152511680067,0.20144500728684755,0.041841169715508345,0.6582710464538819,0.9704440711690703,0.019942627583003865,0.0339326140476003,neptune
459,tcp,telnet,S0,23335,136,0,1,0,4,3,0,1,0,0,2,0,0,1,0,0,0,315,196,0.7005710380216291,0.6275128351705039,0.8432785176978823,0.9081707655677593,0.12158379865543623,0.8504526989143489,0.012864712129265866,164,3,0.0862723507661085,0.9803156345904541,0.28587770176235766,0.042708886942824945,0.6297321030306933,0.8935129905336108,0.048900169157875976,0.04718195140688274,guess_passwd
280,icmp,telnet,S0,30481,88,0,1,0,4,3,0,1,0,0,3,0,0,1,0,0,0,436,387,0.6422179040075601,0.6478042259452779,0.7452306845043386,0.6224154707282081,0.18141244209080287,0.909159572144592,0.04820786953483777,246,4,0.044877475849943546,0.8613023002630651,0.14359169845191222,0.09112534150643675,0.8980212097736415,0.5019623338265038,0.020609810059108655,0.0007751270362688968,portsweep
1,tcp,finger,SF,1247,550,0,0,0,0,0,0,0,0,0,0,0,0,0,0,0,0,9,13,0.08748990705564946,0.09126999907416816,0.08901625575970754,0.04244867674825103,0.9362163923867961,0.16507937434692946,0.030379952180706927,136,70,0.9656879859604919,0.010461005159521732,0.7127102141917684,0.02874185048352005,0.031068570541344005,0.008020595364146376,0.005087562566043891,0.03022048987296786,normal
311,icmp,telnet,RSTO,19785,111,0,1,0,4,4,0,1,0,0,1,0,0,1,0,0,0,441,289,0.7631677451426037,0.6888429637186764,0.6413824262453328,0.7493662722799266,0.08892547015899054,0.5261865421191889,0.06600348706293037,203,5,0.03237799570752837,0.4934014439331835,0.16837826781979223,0.046052345849429625,0.8113657088152845,0.8069956612474449,0.0018106775729941071,0.008442047911758926,portsweep
1,udp,smtp,SF,661,2465,0,1,0,1,0,0,0,0,0,0,0,0,0,0,0,0,17,28,0.08349444126529468,0.07771527494070096,0.009995471921130273,0.0898235829769718,0.9167130643800127,0.023950165441443794,0.04978094277362325,167,140,0.9048655360764583,0.03275454531834905,0.9474546409577833,0.09150787726144635,0.041871640049582964,0.04372498256143072,0.00719372125039266,0.013816961066812405,normal
345,tcp,eco_i,REJ,43978,54,0,1,0,4,3,0,3,0,0,2,0,0,0,0,0,0,388,163,0.7849626369694394,0.7515048592981087,0.6124218953576952,0.7316823760307665,0.22791970235953174,0.8542698044654027,0.02193875532811508,229,6,0.19002982256817605,0.6980630484892694,0.062302991224061875,0.060650318917313,0.8434067117829235,0.6169088941052505,0.001717512822976347,0.045829038208897305,smurf
1,tcp,smtp,SF,571,4614,0,1,0,1,0,0,0,0,0,0,0,0,0,0,0,0,9,12,0.05068269662175498,0.020471995933541244,0.09015743271655693,0.026721716318183056,0.9555265210036095,0.06857517585208246,0.07112377614746704,158,57,0.8559912729575649,0.025209935143116025,0.852016107298998,0.05233795739537353,0.04641249487780975,0.007681983299640688,0.01828287731522888,0.025788352493739022,normal
369,tcp,private,RSTO,33980,66,0,0,0,6,1,0,4,0,0,3,0,0,0,0,0,0,337,507,0.8746057971741997,0.7753530786996594,0.7849137496486074,0.820967660456776,0.15375991632071737,0.6000448782265694,0.0933442328402579,118,3,0.268773205336891,0.5296746805873093,0.0274295417575797,0.041627886272413775,0.7493436918573543,0.5906045320221507,0.03469053276534196,0.011532527505841612,portsweep
297,icmp,eco_i,S0,47695,151,0,0,0,7,2,0,1,0,0,2,0,0,2,0,0,0,215,458,0.8597629245634478,0.7971779966555231,0.6398473459190754,0.635408677236311,0.2624093655723372,0.5402167550967996,0.07240222856300405,210,12,0.0431883234999327,0.561167571070112,0.23332214424289266,0.05974197786393144,0.5667175604289946,0.8317633221258308,0.04699218761652769,0.03558435535328827,satan
3,tcp,smtp,SF,1918,702,0,0,0,1,0,0,0,0,0,0,0,0,0,0,0,0,16,11,0.05093898836159924,0.058067766850924046,0.061088977739374994,0.03322445154020879,0.8309368899317151,0.16722390694176423,0.06648007655149478,55,158,0.7710574232695435,0.011930026372550029,0.9254404048779518,0.026232693653997188,0.02919771588266596,0.029012007070167267,0.026611951032755182,0.03605920549254071,normal
4,tcp,http,SF,361,1750,0,0,0,0,0,1,0,0,0,0,0,0,0,0,0,0,20,15,0.07399435631818134,0.05986878105046502,0.03959925913803694,0.023577117297395866,0.9687371128403905,0.021838949454547476,0.09764885707090291,120,79,0.786923226570775,0.17289203856740717,0.8840051706851189,0.038583574828559376,0.01261588084046132,0.033758104383423214,0.04875566596895755,0.02728686240268205,normal
29,tcp,telnet,S0,44873,64,0,1,0,3,4,0,2,0,0,1,0,0,1,0,0,0,392,333,0.6237562441892813,0.8067255893425019,0.8263194436703497,0.6121572343631857,0.2632429933092658,0.8987560656484654,0.0233747354411923,220,19,0.05195502746691585,0.906785023835996,0.10418717438906884,0.03424008613878082,0.9758156712911714,0.8664701226302941,0.0023911716028363673,0.015558210766717352,smurf
211,tcp,eco_i,S0,37674,244,0,1,0,6,1,0,3,0,0,3,0,0,1,0,0,0,371,249,0.742276381962048,0.7440129205997066,0.9148326882628777,0.6976397925819424,0.12512398832670493,0.9771838360774725,0.09959767688157166,244,16,0.13997246679619704,0.8414682182851678,0.2902571425537745,0.06190626540748281,0.5392913223020612,0.6972688765645003,0.014303264232596364,0.0007456911343956208,portsweep
206,tcp,eco_i,S0,8792,170,0,0,0,2,1,0,2,0,0,3,0,0,0,0,0,0,449,253,0.9401219839906354,0.6981646278511674,0.6574246218530045,0.9015278224955441,0.13505136944257187,0.9670842556096039,0.0001977331014858419,213,22,0.27986581497933627,0.5277572445562208,0.27343155185114065,0.03672518907174329,0.8444392782082669,0.5257775762414387,0.04937635255672701,0.04727138364529832,smurf
3,tcp,http,SF,216,1459,0,1,0,1,0,0,0,0,0,0,0,0,0,0,0,0,14,17,0.061214987570951424,0.0030666978464029995,0.0256616745938542,0.07700925389590887,0.8520346177113896,0.0774843059382719,0.069492536113548,206,146,0.8559878879275675,0.19907560353082487,0.5977281550782998,0.0023840011762435,0.021959913839070356,0.03440388682426883,0.020284645604567816,0.015652900095335303,normal
2,tcp,finger,SF,1269,1043,0,1,0,0,0,0,0,0,0,0,0,0,0,0,0,0,7,20,0.006293001297054657,0.021597914907946283,0.03615699298426344,0.08634844432974528,0.9603743865727042,0.06556268860039019,0.009406060904015114,168,105,0.8024115587830382,0.1031653837924462,0.6975067019604461,0.02374049946732404,0.0009939541332659619,0.0323420984027717,0.03477391732404373,0.03281973941636642,normal
113,icmp,private,S0,7210,196,0,1,0,7,4,0,3,0,0,2,0,0,0,0,0,0,277,353,0.8892094841916892,0.913691766959076,0.6233822553121536,0.9650610311731016,0.05980450986266665,0.9362103504145945,0.04596772905875325,163,4,0.020871818461270262,0.7314181440359742,0.1126968389914535,0.004998047892624902,0.7602113432620782,0.7291999725456421,0.02611980796370448,0.004878059122087286,satan
120,icmp,eco_i,S0,24593,190,0,0,0,4,2,0,4,0,0,1,0,0,2,0,0,0,325,391,0.9941138328487444,0.7019606786166197,0.7060998263220997,0.8808851185604518,0.10762470067064284,0.916975941972689,0.09662189468838475,253,37,0.1414022021488129,0.706640023273887,0.29448703421244965,0.0546166088899504,0.693818788713297,0.9729743162035114,0.026418991690596555,0.004273046113903551,guess_passwd
180,icmp,eco_i,RSTO,34002,214,0,1,0,7,1,0,1,0,0,3,0,0,1,0,0,0,299,352,0.6960692918518675,0.9421927388822655,0.7422962420669681,0.7915145652992689,0.26018779711881596,0.624269473481949,0.04022290474096388,85,32,0.07237329801404985,0.6202805876127159,0.2712898590076543,0.015916262837254436,0.5858554093735586,0.6736795361152217,0.01770601050570425,0.030395885769458793,smurf
4,tcp,smtp,SF,1785,4001,0,0,0,1,0,1,0,0,0,0,0,0,0,0,0,0,9,7,0.08097691790479547,0.015539966623207314,0.056484235099790836,0.0045285225091636575,0.9007353774075355,0.1487910881543444,0.0010072944817398845,248,125,0.9203037224744179,0.014040156368310042,0.8659156928370211,0.015231706278163393,0.033201777538434694,0.022589999768231964,0.04003737646020769,0.00767635615213676,normal
1,tcp,smtp,SF,1559,2829,0,0,0,0,0,0,0,0,0,0,0,0,0,0,0,0,12,11,0.0051579544404472995,0.06533642866030319,0.01780482952575544,0.06579689644943214,0.9154883284889258,0.11360019503962729,0.08247351971256722,71,220,0.9125890794655421,0.08824222390952796,0.8755078540763573,0.031883182406806945,0.018809673430081504,0.011629679334489634,0.005416431489671675,0.03895617654501768,normal
31,tcp,telnet,S0,21676,282,0,1,0,5,2,0,3,0,0,1,0,0,1,0,0,0,393,306,0.6942370132501072,0.8440147038710988,0.8900230353757084,0.8155220534047191,0.14815810517223474,0.7378884527170794,0.08371008839004822,252,17,0.23780072699823757,0.993406063902113,0.15594694715162627,0.0684394595016957,0.7396067307110243,0.9537221927254305,0.031134780567722193,0.013841180411389459,portsweep
91,tcp,telnet,REJ,21813,260,0,1,0,7,3,0,1,0,0,2,0,0,0,0,0,0,454,431,0.7803035728442458,0.6299684904104885,0.902437368821149,0.6621678568362382,0.02292608439391004,0.7305470723720071,0.09813177694239794,154,14,0.025722359817300033,0.5484351840271657,0.040952905930938595,0.03776322233400362,0.7254756589621144,0.7943556378009835,0.004863085465099171,0.01558527419716117,portsweep
2,tcp,smtp,SF,230,2716,0,1,0,1,0,1,0,0,0,0,0,0,0,0,0,0,21,4,0.019297444176784386,0.01602724801830915,0.07519069747402168,0.042455603749384035,0.9898726100577971,0.14337374887993598,0.060717801408684685,167,149,0.9022312558867761,0.05005024414469379,0.7180362656226631,0.0755992906521959,0.0387465588964975,0.04464818849485136,0.046289649433061665,0.037068569020129345,normal
3,udp,http,SF,1526,802,0,1,0,0,0,0,0,0,0,0,0,0,0,0,0,0,21,29,0.02509096288749123,0.05840483554050318,0.09166599601957341,0.03568276726579737,0.8341288718765388,0.17310332126489358,0.045451706872499956,140,192,0.8516019493412477,0.19246717313602757,0.9871194905280705,0.018346606723001226,0.023867824742159024,0.036029284837047246,0.04016267638330681,0.0023557865395357593,normal
4,tcp,http,SF,1605,3418,0,1,0,0,0,1,0,0,0,0,0,0,0,0,0,0,12,24,0.05042103016788663,0.08774529147529556,0.003606270943972545,0.05993779677221475,0.9079000686643686,0.07599942608856061,0.0403996583181529,202,141,0.9762463914143842,0.14324959514386088,0.6165839666296227,0.01779968599360494,0.023049468732114015,0.02288373542871532,0.0373420720154971,0.006301254804910206,normal
131,tcp,private,RSTO,8363,215,0,1,0,6,2,0,2,0,0,3,0,0,2,0,0,0,248,451,0.9056150703726906,0.878520340492231,0.6554332785675917,0.8405048478808401,0.010730344223697596,0.8649922653648054,0.04678394313142671,79,34,0.049804948656444636,0.4367573840294621,0.020913718873238517,0.049142852894840106,0.9387397526353485,0.7491947842017668,0.01630729596851487,0.03172912228327144,smurf
344,tcp,private,RSTO,37433,178,0,1,0,3,1,0,2,0,0,2,0,0,2,0,0,0,390,252,0.607335578979028,0.7126124328774035,0.7801363828665913,0.6936964546888242,0.07763354661913252,0.9440151101800891,0.04673646983666894,126,33,0.2669493811970959,0.5688914682256233,0.08201686915015814,0.089930897901159,0.8669101464386614,0.7514752826549982,0.04259861093756687,0.04604622473531639,portsweep
468,tcp,private,REJ,6673,192,0,0,0,6,2,0,1,0,0,1,0,0,1,0,0,0,323,353,0.8720051773441865,0.6308822218469897,0.8797096069264115,0.8067439579535106,0.2172256771694389,0.5262789393350469,0.0534617140596427,175,26,0.131305972905326,0.7702238191143799,0.2748556578484654,0.021916091443398667,0.7206479472114838,0.7026235804332992,0.043114509851636534,0.009567375781375865,smurf
204,tcp,private,REJ,38122,69,0,0,0,2,2,0,4,0,0,2,0,0,0,0,0,0,229,326,0.9887185725662055,0.7135147200226644,0.976403731834696,0.7067867278315023,0.1649766959690019,0.8166124961535316,0.01150450385906835,250,39,0.09219952856497039,0.4126156360996027,0.14818468787122793,0.0020767341297064368,0.9451789208381547,0.8015636894783966,0.040149488601201815,0.046591955951783406,satan
35,icmp,eco_i,S0,49820,220,0,1,0,6,3,0,2,0,0,2,0,0,0,0,0,0,471,421,0.7113602726117885,0.7379887620673065,0.6376601400163762,0.819759312248933,0.24341633928593365,0.6547871577020985,0.0440553943145685,79,22,0.16464269979077223,0.5826456077966002,0.2339394950230695,0.03114296151931363,0.8906439279366138,0.6332458879285489,0.003464180204433881,0.0159865522885148,neptune
1,udp,http,SF,712,1327,0,0,0,1,0,0,0,0,0,0,0,0,0,0,0,0,28,22,0.030594299643057488,0.09633793497185213,0.00606149750075019,0.07622302636195206,0.9989196658216963,0.02826761858673159,0.05761975844218484,194,223,0.8501638426385604,0.17140266716018476,0.6028193275176001,0.08233589435743027,0.04098210873306161,0.009076618979574198,0.03789453898394721,0.027456092409568096,normal
430,icmp,telnet,S0,22123,204,0,0,0,5,2,0,4,0,0,1,0,0,0,0,0,0,387,482,0.98877205257078,0.8024842806693582,0.8507366216546707,0.6881096440547262,0.26222316144985613,0.9989426134446656,0.06530383829195918,201,35,0.23586803101682668,0.46024656634756844,0.19330533721376078,0.0009531153123940262,0.901278559832194,0.9911182109763202,0.043402681436236636,0.02175958652297636,neptune
430,icmp,eco_i,RSTO,41590,115,0,0,0,7,1,0,4,0,0,2,0,0,0,0,0,0,470,329,0.6157032486089318,0.6854327807172106,0.9009767019363081,0.6603858564222639,0.12878533653020938,0.8579676876396156,0.0858001198865108,120,38,0.06393225752382879,0.4876113946015992,0.22032877198962478,0.06121700584847303,0.7967991378077591,0.812868894104811,0.04465316094747651,0.0010668396102998245,smurf
298,tcp,private,S0,16929,128,0,0,0,3,4,0,4,0,0,3,0,0,2,0,0,0,387,208,0.6403267541583644,0.8604424461167387,0.6436779254313619,0.7303571435533888,0.16492897064647366,0.7023665406876586,0.052656082560571506,201,2,0.08036675741285265,0.5210282473706734,0.22236059728190247,0.046224050470201145,0.9835997736377893,0.6032817327288847,0.00745514845828631,0.030182332790382883,satan
291,icmp,eco_i,RSTO,10444,246,0,0,0,3,4,0,2,0,0,3,0,0,1,0,0,0,275,493,0.8329229312915658,0.742554906872287,0.7519383523947064,0.9946218963481824,0.0904012876196163,0.5695170496426736,0.041152533887166436,250,9,0.17040994223707226,0.955886500778534,0.17802330314915224,0.02019335548662432,0.7451973735935074,0.6509565134736521,0.016419826188654348,0.00985767027061283,neptune
0,tcp,http,SF,1092,3560,0,1,0,1,0,0,0,0,0,0,0,0,0,0,0,0,27,3,0.07521382723289238,0.024982467365181796,0.0955888907491328,0.018572844298954807,0.8313629804648874,0.12023350078961939,0.07137561134564273,141,77,0.8665897408653065,0.11221839714502813,0.9968526305072645,0.000903314982532244,0.01384671374679003,0.013282672769480676,0.0031457846945120993,0.032572409658382345,normal
3,udp,http,SF,600,4299,0,0,0,0,0,1,0,0,0,0,0,0,0,0,0,0,25,4,0.05099889295118646,0.05544498819965276,0.01085906169715677,0.027612986765266346,0.9201716242913546,0.05064312862066034,0.09813719102148061,50,111,0.8285931737479736,0.12341733925889738,0.6569002797077677,0.041904356038189886,0.019226114372406386,0.012110644366807678,0.010858382831140151,0.026088179255689493,normal
0,tcp,finger,SF,1758,4661,0,0,0,0,0,0,0,0,0,0,0,0,0,0,0,0,22,12,0.032341925796080806,0.07916881451773161,0.05186326753466863,0.09108513490430294,0.9775221054909609,0.05059757562177758,0.014000368898059334,205,179,0.7510739452654037,0.16451524825939998,0.5951780501237309,0.0713072884106904,0.04460373727185621,0.047940844464514965,0.02990275876820176,0.030670488633153165,normal
1,udp,finger,SF,243,3504,0,1,0,0,0,1,0,0,0,0,0,0,0,0,0,0,15,27,0.03436459257297643,0.08455199378782277,0.05324800794552212,0.0036851540610053136,0.906722103813581,0.08001099317747638,0.06544477164332296,219,65,0.7351898308659447,0.06502693253793938,0.9568940333224266,0.002231923115244816,0.03451246304971384,0.029185473586935587,0.04758834042369717,0.03272175282733063,normal
42,tcp,eco_i,S0,40116,124,0,0,0,6,1,0,3,0,0,1,0,0,2,0,0,0,391,231,0.977625473634367,0.9307339322053907,0.9517935109593172,0.8895281056075435,0.18981287294442106,0.8307294937009508,0.07142949960099793,133,32,0.12441184428078937,0.719257067817574,0.19957374259644703,0.034164495046020295,0.9899616695504543,0.8317886491647906,0.02375600802240665,0.012625952378050155,guess_passwd
2,icmp,finger,SF,1946,4126,0,0,0,0,0,0,0,0,0,0,0,0,0,0,0,0,8,2,0.08586731204838642,0.0903862195976022,0.04720389460532444,0.05437688218921786,0.871998558956026,0.025725559824257928,0.02045707527063778,245,239,0.9843022440626068,0.10407315395343814,0.613891753735768,0.03917544407175144,0.011362942352625105,0.016665621285807477,0.03886485522022153,0.04756468835446233,normal
110,icmp,private,RSTO,32623,98,0,0,0,4,3,0,4,0,0,2,0,0,1,0,0,0,314,176,0.792735562631804,0.6985354773374505,0.6597820883796551,0.9663066595621367,0.08911004525208459,0.8209156930066881,0.08694928233577937,108,36,0.1821362049362703,0.6436314255088018,0.15861246743724128,0.0840226975271226,0.6384703684859354,0.7601345613668602,0.020182634862547663,0.00042365986233969813,guess_passwd
3,tcp,smtp,SF,707,3533,0,0,0,0,0,0,0,0,0,0,0,0,0,0,0,0,7,25,0.09444808563227473,0.056504944625213105,0.024875952366363932,0.005678103404506841,0.8833026737351776,0.06672392189850873,0.09844224080159335,104,242,0.7116663968987627,0.14188285088841932,0.9144395007853799,0.06817087033294134,0.007081286882942495,0.03401844314854748,0.0350363580869201,0.019695383482125725,normal
356,tcp,eco_i,RSTO,14547,164,0,1,0,6,3,0,4,0,0,2,0,0,2,0,0,0,212,198,0.766383695582024,0.7424714095373823,0.6972370074037468,0.6255031563809548,0.00863379476749505,0.7475736148257974,0.07413164441104536,78,15,0.1078556505435251,0.8331303999962817,0.13990507890014187,0.010416566924371484,0.8867545183686161,0.7187353491623807,0.017813627645936032,0.015306450019152257,portsweep
3,tcp,finger,SF,716,4102,0,0,0,1,0,0,0,0,0,0,0,0,0,0,0,0,22,22,0.06331057370646355,0.06127421567003271,0.025454721178600915,0.03645762477430684,0.9889908272221445,0.10749494492794509,0.06430907691772417,228,238,0.7353931063319681,0.1645351052287463,0.590113717811926,0.011039123373735693,0.002938399958386007,0.037314171775785776,0.005914956404706868,0.04198939099840027,normal
440,tcp,telnet,S0,35797,7,0,1,0,7,4,0,2,0,0,1,0,0,1,0,0,0,492,185,0.9549081875731542,0.6220712153348313,0.6327817492473046,0.9185694793777572,0.2629468011750281,0.9017043425312787,0.045228751621329666,146,4,0.013191544919360754,0.5286369237337876,0.22420335697570468,0.08325199291748446,0.7618276382285738,0.8821288462605696,0.0016692258136864258,0.015992474790456502,smurf
404,tcp,eco_i,REJ,15006,234,0,0,0,2,1,0,2,0,0,3,0,0,0,0,0,0,462,483,0.8210358125597096,0.6265281478297245,0.6255092526041766,0.6540498326675008,0.1744318997528822,0.7653177098370714,0.054541191857920474,122,27,0.2394393486170664,0.8029845261540887,0.040733472302545135,0.005427728825743783,0.5864994722588293,0.5171768495757003,0.0357886292635566,0.041185823724427945,smurf
159,icmp,private,RSTO,42808,264,0,0,0,2,4,0,2,0,0,2,0,0,2,0,0,0,391,319,0.6324204612341551,0.8867704773716647,0.7702876572183937,0.8539245326871048,0.18239786571803523,0.9773078847752603,0.011747040668925735,74,7,0.0001669097303502065,0.8347093398678749,0.08643274041047541,0.02050280796062999,0.8128986685126727,0.5109938113218011,0.04685614768029146,0.040480407163058174,satan
217,tcp,eco_i,REJ,12093,241,0,0,0,6,1,0,3,0,0,1,0,0,1,0,0,0,425,426,0.8072892313463819,0.8100089859246202,0.7160788487921614,0.6149161905314912,0.123471320893664,0.8945223892885477,0.029667596013507713,159,9,0.11190356336580928,0.8619553293824886,0.021441482385475774,0.07608921974676777,0.8208957598815005,0.5772397731988674,0.016703048627791633,0.042983945743031396,satan
472,tcp,telnet,S0,23793,76,0,1,0,4,4,0,4,0,0,3,0,0,2,0,0,0,346,466,0.7678317950954102,0.900903061683058,0.6713423257119931,0.8087905469909593,0.265767065231504,0.9014036218751718,0.04480056865993126,176,3,0.17461356539469197,0.6747791211823897,0.2326550061387125,0.012578447627762602,0.6882702277868998,0.7923139057475383,0.0010475392465815303,0.024451170850522515,neptune
341,tcp,telnet,S0,23977,256,0,1,0,3,4,0,4,0,0,3,0,0,2,0,0,0,239,297,0.6761421512831842,0.763287149918301,0.6612076837565088,0.6324227965966057,0.27212578557555167,0.9583054006155622,0.08583532110131506,150,12,0.10775188511953236,0.9996451516127874,0.17473036842123,0.05573786907726446,0.7576606466295862,0.6794864978056765,0.012483898326844302,0.018925876012811062,portsweep
236,tcp,telnet,S0,45427,40,0,1,0,6,1,0,1,0,0,3,0,0,1,0,0,0,205,183,0.9379990334652497,0.746497025389826,0.9825966620574056,0.6559415960392163,0.07244948961789487,0.9084785393108046,0.06994201130105263,242,15,0.23520165550401406,0.5472118368097179,0.1857457540009319,0.053722662725995976,0.9771727236492904,0.6493844079344273,0.02277558991041055,0.004653996526146504,smurf
4,icmp,finger,SF,1047,2846,0,1,0,1,0,1,0,0,0,0,0,0,0,0,0,0,13,22,0.042290593435805504,0.08541473064063931,0.08851704332727336,0.08482755480042915,0.849900039406655,0.10956164742216352,0.052459976450862256,124,169,0.8061114742563076,0.18158828133714064,0.6488891340440768,0.07819790692061673,0.022890920690325618,0.04767906398368032,0.0031750393624995323,0.010659693854984931,normal
2,icmp,http,SF,1990,2948,0,0,0,0,0,0,0,0,0,0,0,0,0,0,0,0,2,16,0.018873255434296257,0.057053801468507415,0.07398739048329345,0.09352020913957292,0.8588761438446042,0.1156616903837347,0.025269412790170465,188,81,0.8666158754738984,0.14385152984390734,0.9635692885963267,0.04123168010720438,0.0385506163111387,0.01832996132057783,0.032139742031671976,0.025548252773982278,normal
40,tcp,private,REJ,7695,174,0,0,0,5,4,0,3,0,0,2,0,0,2,0,0,0,333,349,0.8398193848211681,0.982631811812516,0.70816618139849,0.7649769013652163,0.2243739872789641,0.7784871662074411,0.024734051739873388,187,15,0.25411879477490484,0.9335449014103891,0.13977177315704706,0.06418583322320481,0.8657108239145109,0.6955884662892319,0.0007333196651613194,0.019733512017362648,neptune
278,tcp,eco_i,REJ,12065,274,0,1,0,7,4,0,1,0,0,1,0,0,1,0,0,0,373,457,0.8893587604489677,0.6903153956140682,0.6034030359859467,0.6059079872836433,0.16739548742713173,0.8884609698645538,0.04363449313859639,135,5,0.2528720046106156,0.618987591148218,0.20157771238106895,0.034313525872661024,0.9730166002117767,0.7881900835377186,0.03703079187808608,0.02590067887407162,satan
4,tcp,finger,SF,1048,3710,0,1,0,1,0,1,0,0,0,0,0,0,0,0,0,0,29,12,0.05428742880953146,0.06520484832048667,0.05566698565548577,0.04891493882379894,0.8405406721839626,0.031578884387320996,0.02202814853085623,88,163,0.7293854458893968,0.08764689543779397,0.7699580101670216,0.006207679873680461,0.02990866499269289,0.021497881541680655,0.005817310094246692,0.014075457495783483,normal
4,tcp,finger,SF,1673,1601,0,1,0,1,0,1,0,0,0,0,0,0,0,0,0,0,4,28,0.018414018669340917,0.004272389658042919,0.0014747446901328789,0.02643216129849856,0.9850784391158353,0.05619561036594698,0.0024266988421632997,174,152,0.8316571495434961,0.02166029295378935,0.6569544075360962,0.03470598969443566,0.04724702941651662,0.04306461414919813,0.017292152237805166,0.03099102722896684,normal
327,tcp,private,REJ,18860,276,0,1,0,7,4,0,2,0,0,3,0,0,2,0,0,0,388,394,0.9539002793069459,0.91475260056544,0.8162071904056482,0.8485544945449253,0.05129457442136851,0.9656984470761176,0.002889683542699595,212,3,0.10267230478948981,0.6549691940111202,0.2769484742931695,0.037246659589582,0.5464037434721303,0.5195599211268089,0.008531560447900604,0.0022764922250719135,neptune
415,tcp,private,RSTO,9476,207,0,0,0,5,1,0,4,0,0,2,0,0,2,0,0,0,406,445,0.9111321920133103,0.9699363519377979,0.9418051892426115,0.8454940677756233,0.15176812935195383,0.528238581158665,0.06821705753849511,60,1,0.15650516464823075,0.736715060220889,0.1947600813913675,0.0868863194823873,0.849660669008554,0.530268114392888,0.02136812426245894,0.03976416629036272,portsweep
2,icmp,smtp,SF,1531,3722,0,0,0,1,0,0,0,0,0,0,0,0,0,0,0,0,25,4,0.03243399932036394,0.05092092897436206,0.07949175830914995,0.009011824367582888,0.9068770960116548,0.07568786637756356,0.013229389224499656,90,198,0.799992608743595,0.1381026265841409,0.6408777835255851,0.04272699227998514,0.02354083911419258,0.00019574529047033387,0.034800082286286387,0.006545051949847192,normal
1,udp,http,SF,840,3693,0,0,0,1,0,0,0,0,0,0,0,0,0,0,0,0,8,19,0.09298845439529657,0.007528376627828726,0.05315802109973148,0.08070011023955533,0.8670093462649515,0.13010901137118297,0.0924142810187282,62,159,0.8936447529573267,0.025638139950968822,0.5778659831763562,0.07960963160895763,0.0482820101098434,0.01604315307639897,0.04880285196788343,0.044675600001851355,normal
3,tcp,smtp,SF,521,705,0,0,0,0,0,0,0,0,0,0,0,0,0,0,0,0,24,17,0.0012256801865027202,0.0027664180906311953,0.08849700014156062,0.06830766011577799,0.9504697046596771,0.16724366183744732,0.022434339864625508,196,176,0.9325957641356584,0.18457695156976675,0.8178820644434989,0.09273155245090484,0.04655533793115609,0.0429290047040326,0.03682558666797361,0.04212852346521919,normal
261,tcp,private,REJ,27237,135,0,0,0,7,2,0,2,0,0,1,0,0,2,0,0,0,463,288,0.7814578226453094,0.8737050170963793,0.6622611797437145,0.9917295253248493,0.1488671093130798,0.9117138937772488,0.088018639382344,201,3,0.028397014434518728,0.49208329073400076,0.14416307718289606,0.05801241326393898,0.5060876804683585,0.8190086812297908,0.03682247981325998,0.02193351919122498,portsweep
0,udp,smtp,SF,271,1717,0,1,0,0,0,1,0,0,0,0,0,0,0,0,0,0,1,18,0.05540195020707105,0.043184800113469736,0.04072519392909919,0.08842100415650044,0.9409584685225884,0.017839083749488793,0.004857673782985761,240,151,0.8500531456831038,0.10089529237618587,0.9661954905913731,0.01548281002149251,0.047864103020390125,0.042413716197892845,0.035908472487080144,0.01147155528380523,normal
2,tcp,finger,SF,1386,3454,0,0,0,0,0,0,0,0,0,0,0,0,0,0,0,0,11,20,0.06260488772454097,0.035701729900060174,0.05285744299621767,0.08487327239916675,0.919747687125629,0.15558811975170606,0.003665539516823713,244,185,0.8838846713394912,0.004932812924853614,0.7413453951372408,0.00930202570243659,0.044652039428600084,0.012027847625640565,0.004180817968875872,0.033769308400432047,normal
100,tcp,telnet,S0,19026,48,0,0,0,3,4,0,3,0,0,2,0,0,1,0,0,0,304,393,0.9296254875228275,0.9253762986305023,0.8871995268574895,0.8974597169402831,0.07115007171178296,0.5354923051061096,0.0597948729013385,171,34,0.053036080242566154,0.537880802863119,0.12684450512997217,0.036726655529112806,0.8636840859890309,0.9647220107188562,0.01715835635814818,0.019393100564118016,satan
0,tcp,http,SF,957,3164,0,0,0,1,0,0,0,0,0,0,0,0,0,0,0,0,29,4,0.035023019656788626,0.05214871128191863,0.03691426821827686,0.03541645749660625,0.9598328724156502,0.04897412891064417,0.06903002034683745,194,75,0.872933032324211,0.1757073113225875,0.5725565401598796,0.011459436043001826,0.02115798423804008,0.04048428736381946,0.04905800753799061,0.010518503560520677,normal
4,tcp,http,SF,268,3428,0,1,0,1,0,1,0,0,0,0,0,0,0,0,0,0,9,4,0.019410169234877775,0.04887404993364373,0.04270154173370692,0.09728080535690575,0.9388617866592431,0.15533257778498855,0.022068509672910533,167,194,0.8326255030110629,0.09355295598689327,0.5293516986001681,0.026252060287466385,0.013459806028742466,0.02274747611708456,0.014073428550404705,0.04520901567156019,normal
153,tcp,telnet,S0,16825,294,0,0,0,3,3,0,4,0,0,2,0,0,0,0,0,0,389,414,0.7447359144653569,0.9973671487204218,0.8223152816274115,0.7239719171980867,0.013188310261370394,0.9440791778734519,0.0664243287957294,105,29,0.09588403107609066,0.7965137537555798,0.26677066948698985,0.0487871761795506,0.8234150715389208,0.6334969311644298,0.012279083139962222,0.018552423312507154,satan
3,udp,http,SF,502,2896,0,0,0,0,0,0,0,0,0,0,0,0,0,0,0,0,5,26,0.09765799901233341,0.028101260750152846,0.06999461854286364,0.035052064489731784,0.8880239673878358,0.09815690882238859,0.06612105789701188,202,199,0.9370140370425554,0.12404181974517599,0.8684419529910218,0.08643675331093843,0.014511590397517128,0.038304410021199504,0.01624941927726357,0.01748188984366203,normal
441,icmp,telnet,S0,10689,142,0,1,0,3,2,0,4,0,0,2,0,0,2,0,0,0,425,372,0.7227069182941959,0.6945324976386322,0.7098663438437646,0.9165462327265763,0.2816087527201533,0.7307457614917754,0.06045192319021863,243,8,0.2693998814671636,0.6387342676327706,0.23841536769994373,0.08042820855584738,0.6000247661542377,0.9022944245123519,0.01740257445647933,0.02522172658549598,guess_passwd
140,tcp,telnet,REJ,39053,181,0,0,0,3,2,0,2,0,0,1,0,0,0,0,0,0,449,396,0.7961802944014027,0.6016385478111547,0.7970195979848823,0.9811790801750981,0.08101787626675937,0.8983696912263559,0.026612273672910393,99,14,0.20993891063213402,0.5446228493579074,0.13837563510687992,0.08791996903436733,0.9099251527749648,0.5085929626961336,0.011718562191858552,0.0006913274282768612,neptune
359,tcp,private,REJ,22785,274,0,0,0,3,1,0,4,0,0,1,0,0,0,0,0,0,221,317,0.6468083555778024,0.6067841897071599,0.9626186992883711,0.7505433599199203,0.10978963903184533,0.8967450637526142,0.06628164173285038,142,25,0.24155463761396143,0.7198306043113094,0.23751331013844265,0.049576237269881474,0.8645090553913604,0.5663918496045084,0.016587307761908723,0.039753251552285304,smurf
4,tcp,finger,SF,770,3564,0,0,0,1,0,0,0,0,0,0,0,0,0,0,0,0,21,6,0.0599891425677295,0.09910298050260696,0.02320249538069996,0.04124298896182103,0.9948357743197525,0.016491103502193318,0.06587062087749485,206,175,0.9540753018143007,0.12580642629867844,0.8603696548236022,0.0637519980846249,0.044000992466592725,0.025595568865954023,0.013541036891187075,0.029514475163918252,normal
82,tcp,private,S0,40221,262,0,0,0,3,3,0,4,0,0,3,0,0,0,0,0,0,494,414,0.8020545607027103,0.6683512236369884,0.6189916135576906,0.8414693356607923,0.26367027134427024,0.9072197897084084,0.005400070471591501,128,27,0.07042384236587614,0.4765873715439285,0.19518514245003407,0.026196919728188973,0.8584647276964497,0.950755487456155,0.02869472150542417,0.04456950418552537,neptune
281,tcp,eco_i,REJ,37094,242,0,0,0,5,4,0,1,0,0,1,0,0,0,0,0,0,298,418,0.91037513193937,0.60623202422252,0.658738130419521,0.6933824343961836,0.0386331395272279,0.6414639296729826,0.05774732030644171,213,3,0.2663878293199777,0.5490469824630735,0.1784198528735592,0.0699141943319339,0.7215062711312191,0.966598943917215,0.014915364725909735,0.010891177328623165,neptune
229,icmp,telnet,S0,5617,153,0,0,0,7,2,0,1,0,0,3,0,0,0,0,0,0,355,492,0.7009677892205536,0.9818004977205255,0.6065459009098314,0.8832442944511614,0.14958940032096732,0.7907801200133164,0.06327836469032325,54,1,0.18458526793976618,0.4512744753377828,0.16022218818724512,0.09154187991661551,0.753518331891926,0.8309127155344085,0.04173985605331039,0.010800253068367205,portsweep
0,tcp,smtp,SF,507,3825,0,0,0,1,0,1,0,0,0,0,0,0,0,0,0,0,12,20,0.015907175482750224,0.05504905797749521,0.0738843045933042,0.07870748229276331,0.8518877071461769,0.026251059745854136,0.002525188292957725,230,240,0.7562590785054287,0.0108707775782114,0.6762976103654201,0.03511200709740057,0.010263945681446575,0.03008272104048712,0.028052055232568304,0.02512719645083806,normal
387,icmp,telnet,REJ,9271,227,0,1,0,2,3,0,4,0,0,3,0,0,1,0,0,0,399,252,0.6553231969669087,0.8572265006719142,0.643290978084599,0.7425584258979947,0.09177461427386098,0.8349166605174139,0.08984858340112217,150,12,0.19123128766867784,0.708437190605437,0.006403847578293397,0.0011280948695762683,0.5794174065828349,0.5084687142804065,0.0010821711254515975,0.028243285755766387,portsweep
2,udp,finger,SF,386,3642,0,0,0,1,0,1,0,0,0,0,0,0,0,0,0,0,14,10,0.0621480557535144,0.09664762406883838,0.0023692275316311243,0.02608107377102711,0.8565192156082029,0.1567178541931039,0.07241040833360617,134,252,0.7980641003072633,0.09730264988067046,0.7847210802888436,0.07933578269389671,0.025311657487740166,0.049814934352726874,0.0017910966316078082,0.04221670156042309,normal
2,tcp,smtp,SF,120,4285,0,0,0,1,0,1,0,0,0,0,0,0,0,0,0,0,23,2,0.012565330683749688,0.05290106000735676,0.013578582562659381,0.009515797340476407,0.8465025265792678,0.12412887673206748,0.026397221549202255,212,250,0.7750026652567696,0.1840046784999918,0.7789235835259508,0.07370653387938257,0.04238528792801133,0.030684746582250944,0.045215677520505496,0.03316899939579342,normal
302,icmp,eco_i,RSTO,41145,259,0,0,0,4,4,0,2,0,0,3,0,0,1,0,0,0,201,409,0.8681106013884605,0.9616609032221304,0.7709728405810405,0.7125581779178192,0.15100213235060966,0.60180406110491,0.05605340524585767,121,38,0.23016833500815764,0.5293743505205453,0.0541272003529201,0.06808023051916598,0.7305999668805787,0.7706607176389954,0.01709471008138652,0.02365058018232249,satan
309,tcp,telnet,RSTO,35035,266,0,1,0,5,4,0,2,0,0,2,0,0,1,0,0,0,207,483,0.8410455447316599,0.7095955786926278,0.8646368648107134,0.8833197195577137,0.10622484931118756,0.7943673591065665,0.05975534899350206,121,16,0.2745053053793874,0.8537459000574767,0.21683248758637125,0.09454378014250099,0.7349809359787223,0.9054575191200587,0.028480356700717947,0.03381964350545869,neptune
69,tcp,eco_i,S0,42606,235,0,1,0,5,4,0,4,0,0,3,0,0,2,0,0,0,410,476,0.6821029423972116,0.6409508243218237,0.6598032863091254,0.9818434807320755,0.11839154814697846,0.7604843291191226,0.08155085148840786,206,34,0.06560493365586195,0.8145176606901823,0.030177024105001414,0.05192582529400293,0.714597154076027,0.7700218116805508,0.02445210399816515,0.04461790181185327,guess_passwd
184,tcp,private,REJ,38367,201,0,1,0,4,2,0,3,0,0,2,0,0,1,0,0,0,390,194,0.9098890964263012,0.7736493119403491,0.7890072336716998,0.7395335314395477,0.13362322766890528,0.9652923521845296,0.034618493653116124,104,38,0.17434978273112814,0.9153456825629922,0.05286189215671968,0.07257927451235542,0.8519990386399185,0.5537059803078497,0.014338550743020718,0.023088471665539817,satan
2,tcp,finger,SF,139,3063,0,1,0,0,0,1,0,0,0,0,0,0,0,0,0,0,8,3,0.08181129185255726,0.09314989394746928,0.0370327474936179,0.055103472746841735,0.936203393325395,0.08150353521152005,0.08589904435996921,172,155,0.7563874113891886,0.19613785702375552,0.511096475594077,0.012110690874959508,0.034855216581305484,0.007354702546671893,0.02139594720725877,0.02184690528403821,normal
44,tcp,eco_i,S0,24398,14,0,1,0,7,4,0,1,0,0,1,0,0,1,0,0,0,346,472,0.6964137822894767,0.9467359901756676,0.6516581785996989,0.7941708876867927,0.05855836722602815,0.8751316783026559,0.08221168111524632,100,39,0.10100363857042818,0.8130103768227134,0.16352536101844845,0.08659674312547044,0.9742060828570676,0.6291636746170803,0.018940666101177783,0.025941250385837545,portsweep
2,udp,http,SF,1678,2570,0,0,0,1,0,0,0,0,0,0,0,0,0,0,0,0,5,26,0.06893804536701481,0.0941343977047161,0.024440304347804778,0.03398143360432931,0.815490515550821,0.16187029060364902,0.01813620478449104,101,91,0.7155619499946225,0.15384412816846996,0.9784401845863724,0.08282332961981759,0.03967284853907693,0.010479594706289608,0.0017712895966523646,0.021639664543559364,normal
2,tcp,http,SF,1091,4341,0,1,0,1,0,1,0,0,0,0,0,0,0,0,0,0,4,23,0.09193969243677436,0.09140605803264516,0.002054303452814388,0.04820598982793875,0.9332262727825943,0.15699217282413228,0.0956402645477436,174,130,0.7779749505667171,0.072262003080989,0.9402912371871421,0.023598494666568215,0.041913181971943776,0.017429862832370312,0.01760055914470851,0.005549568288755519,normal
3,udp,http,SF,1747,3451,0,0,0,0,0,0,0,0,0,0,0,0,0,0,0,0,19,26,0.06216684125152849,0.06443735281784868,0.03257915410975506,0.08759973393493312,0.9102160204158433,0.1868082383986542,0.04283055102751818,194,243,0.8041625850121535,0.008046473885296113,0.8054159511855385,0.039170742681438456,0.0018861931110424502,0.00981101492424329,0.016580068369400753,0.021803887342854336,normal
0,tcp,smtp,SF,930,1598,0,1,0,0,0,1,0,0,0,0,0,0,0,0,0,0,16,1,0.0191922708515344,0.0031391619919897587,0.03647476802907027,0.03730303890942906,0.9311450945466262,0.049106559867695146,0.044635099523403034,146,217,0.9694445114859447,0.06634235589225068,0.9838772391460733,0.09438263301157784,0.028616648573725912,0.01568737478819952,0.014074172466106944,0.03217747264400324,normal
3,tcp,smtp,SF,1681,1853,0,0,0,0,0,1,0,0,0,0,0,0,0,0,0,0,2,13,0.09802446252759475,0.03961467450883002,0.027997768715614324,0.06430796776895963,0.9384367797287986,0.08176944662349106,0.014774069248521772,227,76,0.7760354836032664,0.05799210502214811,0.6952784906224179,0.06579441422246665,0.002360473784443812,0.030088176485025337,0.03510193309786015,0.020305460330039233,normal
0,udp,http,SF,530,3279,0,1,0,1,0,0,0,0,0,0,0,0,0,0,0,0,16,17,0.026764873505985245,0.06893368605878929,0.07470912629357732,0.04227084144433829,0.937150408185643,0.06507375459403696,0.010767635292560074,168,138,0.7465603432881479,0.004506088841289335,0.7537752470597212,0.06100350881315129,0.01742285108254565,0.00591053048612043,0.04714703789060189,0.004378622434009105,normal
388,icmp,telnet,S0,19325,142,0,0,0,5,3,0,4,0,0,2,0,0,0,0,0,0,379,410,0.8125129937743828,0.9859074764115726,0.9322182492435513,0.6872315000132909,0.03395569771072175,0.5210971073814696,0.038959852765762776,56,34,0.09243196902257693,0.8864627371110085,0.10469404950542145,0.0986610321183937,0.5692423485252504,0.9112305618264611,0.043623025672556597,0.012405764623830208,guess_passwd
422,icmp,telnet,S0,11070,79,0,0,0,5,2,0,1,0,0,2,0,0,1,0,0,0,421,311,0.9837812297546832,0.9978677946507507,0.7451102223544687,0.6935319938716356,0.011918503078682984,0.897202094270211,0.06263751335895555,178,4,0.006585201741479529,0.8990353951618402,0.23210219672851876,0.01636578274172812,0.513629608564838,0.7685048107933143,0.011344950160441264,0.030720903732048468,smurf
73,icmp,eco_i,S0,45421,63,0,1,0,2,3,0,3,0,0,1,0,0,2,0,0,0,302,246,0.8766699746840494,0.8447145884228235,0.9300641946846131,0.6184673747297192,0.007203824547844728,0.6325562535821957,0.08590577076779846,70,0,0.1933153817025128,0.6079942381746557,0.13658515130439922,0.028977282573208998,0.5834265767585378,0.6302100388806416,0.03771263434247349,0.031342270961763424,smurf
401,tcp,telnet,REJ,33557,187,0,0,0,3,3,0,4,0,0,3,0,0,0,0,0,0,242,165,0.6360677990513991,0.7864084588875542,0.7022416195758932,0.789258316914663,0.05373562632302722,0.6175347639530716,0.026129552855620297,244,35,0.12143997864238017,0.6782657501102969,0.201423751434716,0.026083259942528494,0.7866150544286652,0.9352706012971845,0.028303656971803,0.04764210324956719,neptune
4,tcp,finger,SF,782,3539,0,1,0,0,0,1,0,0,0,0,0,0,0,0,0,0,24,14,0.09912000307762511,0.09611723908966827,0.033244482903253325,0.0764987178801248,0.8783028830160263,0.07370709352429768,0.03609766372563438,109,211,0.7565672714330922,0.17871762813651693,0.9765766038564141,0.08038889828433135,0.024912977767502294,0.012943060459501738,0.04837656001607008,0.007691684262812498,normal
265,tcp,eco_i,S0,27113,241,0,0,0,7,4,0,3,0,0,1,0,0,1,0,0,0,258,292,0.9189836471826613,0.7901461627654603,0.7835400338722113,0.679477337504427,0.13191748049328134,0.5000236049146107,0.04043258897657175,249,35,0.13629154775689023,0.7760574062530818,0.265107220589857,0.007670425852090335,0.8422238827687625,0.6114146388408339,0.01332103644138371,0.02341352953035238,portsweep
4,udp,finger,SF,462,1435,0,0,0,0,0,0,0,0,0,0,0,0,0,0,0,0,7,9,0.08218704628987004,0.08188438849424412,0.06919214756024177,0.002405047567327123,0.8104604500363198,0.12845568083181289,0.01332460082179402,177,192,0.8586176144368445,0.12343698508930186,0.669930547843778,0.07069561136608928,0.022480128752540785,0.042851150323881586,0.01777538917202324,0.012661184294537553,normal
253,tcp,telnet,REJ,27729,147,0,1,0,5,1,0,2,0,0,2,0,0,1,0,0,0,463,183,0.7016604654484957,0.7690184936551349,0.7023111676400032,0.7005191986609232,0.09363082774478206,0.9944056396501046,0.09874289361408005,166,38,0.2851101744324588,0.4138796357237782,0.2992650031364538,0.012966913408069592,0.5643280642165744,0.5777190667836177,0.04486827476396184,0.014574341986619138,neptune
1,tcp,smtp,SF,340,3724,0,1,0,0,0,1,0,0,0,0,0,0,0,0,0,0,12,9,0.08794346459536684,0.09118715826670197,0.09622138556176058,0.08558084020338258,0.923761985794587,0.037357919111423034,0.048998056230054314,51,85,0.903256927552073,0.06692472178882392,0.7638406229133878,0.04148977176449147,0.02058481415601951,0.049674062755360446,0.01204376128232666,0.012699769316735571,normal
1,tcp,smtp,SF,386,2227,0,1,0,0,0,1,0,0,0,0,0,0,0,0,0,0,24,3,0.09506488791489356,0.07067782575093406,0.02605174051925322,0.026536654943357985,0.9580076443276456,0.09751809556561862,0.06645123401493824,240,118,0.9504356295772116,0.08788111626203621,0.8173412345219981,0.049015232331078,0.005432285458175318,0.013433058861904762,0.041130324861477434,0.04082816647270229,normal
1,tcp,smtp,SF,641,4544,0,0,0,0,0,0,0,0,0,0,0,0,0,0,0,0,22,22,0.041360314029288636,0.00963934874700444,0.025730476499136436,0.09017314179639625,0.9637323047285316,0.016321886300477373,0.0854125757780776,145,186,0.9996022084180214,0.17222248937953782,0.6646419989514853,0.03801518805499017,0.016644604217772724,0.01985142105948077,0.03125304969760567,0.016511617227885796,normal
198,tcp,private,REJ,38838,58,0,0,0,5,3,0,3,0,0,3,0,0,2,0,0,0,293,248,0.8304959093003383,0.923622617555573,0.9397488921285828,0.8958637909843983,0.19720478393891916,0.7865673659283463,0.085891237420719,246,0,0.025411412688267732,0.8360150897788261,0.06682743143457094,0.08461349351314608,0.6895866253229082,0.9333780803622219,0.044246113714651675,0.0033736482126565993,satan
341,tcp,private,S0,15846,40,0,0,0,5,2,0,3,0,0,3,0,0,1,0,0,0,462,449,0.9221866188069143,0.6629384781592407,0.9091347068918255,0.6445602645356688,0.17836811088457305,0.5629396961781126,0.04367476884233708,59,29,0.24313144325138808,0.6423745234648183,0.24079110622634747,0.024208549205032792,0.5983503846760603,0.8489126944323129,0.010308093929342406,0.00399652973914909,guess_passwd
133,icmp,telnet,RSTO,49440,202,0,1,0,7,3,0,3,0,0,1,0,0,1,0,0,0,300,223,0.7985229711629916,0.8637401344653811,0.6274110552609241,0.9345447369734352,0.2741142917800351,0.649498672870289,0.03946907514236936,135,8,0.2739603831560821,0.6540924286975296,0.07177188037280248,0.07283372206993109,0.7310517953014646,0.5946892522071292,0.013557617866754175,0.026070550445923782,neptune
1,udp,http,SF,981,4468,0,1,0,0,0,0,0,0,0,0,0,0,0,0,0,0,11,13,0.023714286319109202,0.0037206038233439376,0.09069552232425625,0.08162417117482726,0.8808403760612784,0.005792186016259682,0.03695087613598506,151,96,0.708452282434558,0.10261783432662314,0.6949898339172649,0.06298665081862827,0.04418398766422196,0.004514722235203212,0.0053958973654525955,0.044343104555618094,normal
182,tcp,private,S0,22115,132,0,1,0,7,2,0,4,0,0,3,0,0,0,0,0,0,479,211,0.7801174319638282,0.7527987451021385,0.6410100212892257,0.8809175337270931,0.06330536660748676,0.712077977896062,0.02930403259685036,176,14,0.04610411159953359,0.6176930779389236,0.14286077146422957,0.01327483893700946,0.612574118336908,0.8616368028557918,0.035631541015896336,0.01175599621203869,satan
0,icmp,http,SF,158,3500,0,0,0,0,0,1,0,0,0,0,0,0,0,0,0,0,17,17,0.08604296493484839,0.01670382074412864,0.07968917388407887,0.0786778675211034,0.9210227409329851,0.07480070162392807,0.03559478627020936,111,241,0.9084845206281379,0.1720520449464572,0.9013249682224911,0.05531846950411659,0.013926289229078875,0.0445943401250659,0.024092361792340908,0.0037644200462595813,normal
1,tcp,finger,SF,115,2402,0,0,0,1,0,0,0,0,0,0,0,0,0,0,0,0,8,12,0.014491415685833987,0.07165401940019428,0.09443097395191402,0.06180091103824286,0.951187483390283,0.19251752570298097,0.06253581404346699,59,128,0.7843037452704159,0.1995989075446567,0.9700666171469807,0.07780222717197502,0.019085173525035394,0.0006054644308435275,0.045937019265729975,0.04821543779353688,normal
3,udp,finger,SF,293,1284,0,0,0,1,0,1,0,0,0,0,0,0,0,0,0,0,14,4,0.09505883840490933,0.03790470708319067,0.07567498124509318,0.03375462466939585,0.8723850975551057,0.16565515185531032,0.08092414835733841,86,95,0.991662552778002,0.09789036676578367,0.8643805610708344,0.07889121862440657,0.015355451061232634,0.000768356001389997,0.026774784363057302,0.024273846513924863,normal
286,tcp,eco_i,REJ,36629,159,0,1,0,6,4,0,4,0,0,3,0,0,1,0,0,0,220,251,0.832729757585833,0.918981532027436,0.6944942812679988,0.8577927362602722,0.10810558573631607,0.7795918858759099,0.029855992512521634,70,34,0.048147228100593915,0.5721593388068604,0.21372580414585193,0.08096509953252783,0.5735387090012156,0.7156366566974564,0.0001860941432821839,0.012207621980778127,smurf
166,tcp,private,RSTO,16311,156,0,0,0,5,3,0,3,0,0,1,0,0,1,0,0,0,218,327,0.7383265051433201,0.6748943682213012,0.9299131261543572,0.6747790431350456,0.07792242544267687,0.7327450187696918,0.05552277910527768,77,25,0.027430606989786444,0.5421096686445863,0.0030293038765444535,0.0958036758367139,0.6113319729370663,0.8895948871761601,0.0059078145195727355,0.013943279851265046,portsweep
292,tcp,telnet,S0,31041,189,0,0,0,6,1,0,2,0,0,2,0,0,0,0,0,0,390,498,0.6052375504131686,0.720134914218636,0.9086728639721884,0.6589486302794662,0.18852265961771927,0.7406223911857772,0.03864203046243545,229,30,0.20123657677305234,0.6780379731537842,0.28863005544788717,0.018335976647510865,0.5018551193425537,0.5057610773272384,0.030039564842866507,0.014152691836098536,portsweep
192,icmp,eco_i,RSTO,22974,65,0,0,0,3,3,0,4,0,0,2,0,0,2,0,0,0,269,417,0.6684260638704239,0.841875254125344,0.697264625892184,0.6624094612830582,0.13278999206829556,0.9969701690452475,0.0028739844581413656,241,34,0.001365102560964504,0.5118378903773202,0.10015831173661922,0.0034529164845061968,0.6870072717827921,0.5152319287272022,0.04611308169935631,0.0074292798161769095,guess_passwd
436,icmp,eco_i,S0,38654,33,0,1,0,6,4,0,1,0,0,1,0,0,0,0,0,0,452,374,0.6817217615422309,0.6584748331602943,0.7004489054424681,0.93176076588446,0.1561107160932271,0.7587072825707257,0.052474905441020916,152,27,0.26705240963331756,0.9023149189749401,0.2172031014784127,0.0596366893655415,0.6041849516287161,0.8880895545017072,0.014013648668636953,0.03243270562563215,portsweep
4,udp,finger,SF,1445,4528,0,1,0,1,0,0,0,0,0,0,0,0,0,0,0,0,1,1,0.0360902793491283,0.005762347154705661,0.051043756907077624,0.017365095529166884,0.8209611799763116,0.007091745389787785,0.05867942589737524,235,147,0.8475640223952611,0.09252255234634998,0.8981162858324119,0.05364636089695346,0.03759396243095406,0.0265165035195922,0.01788174040398141,0.03176349316199639,normal
3,tcp,smtp,SF,881,4187,0,0,0,1,0,0,0,0,0,0,0,0,0,0,0,0,19,6,0.09822308295656379,0.0846539597923372,0.02277415361755273,0.07902752670742369,0.8045154645889793,0.10410595682758417,0.055702694138743104,63,142,0.8002476792561674,0.11756464034263354,0.7458475856132321,0.03421462329866866,0.03242483162753472,0.013768838869837013,0.0037056533165578443,0.03562663117863515,normal
3,tcp,http,SF,1096,1264,0,0,0,0,0,0,0,0,0,0,0,0,0,0,0,0,3,12,0.08797764560608708,0.05491405768855798,0.07828577166454254,0.06494847902069917,0.9151838552645533,0.036457069798123354,0.020327922268890675,198,113,0.8106368228188843,0.15533272546757862,0.5054330889966832,0.04700998314987192,0.049793443289476824,0.023034921222335265,0.0007440025012809437,0.003400743301712939,normal
24,icmp,telnet,S0,10896,111,0,0,0,2,1,0,4,0,0,1,0,0,0,0,0,0,472,444,0.8466579288404908,0.8421816294929708,0.7047666371349933,0.7230923513653718,0.2057475759197831,0.9192989185900535,0.04065235222843699,135,2,0.1355874411934506,0.7201566211286359,0.12412966619866334,0.0013023706559394223,0.7048181761177116,0.5904642035020375,0.02667541117124583,0.0046943821323177206,satan
3,tcp,finger,SF,476,2245,0,1,0,0,0,0,0,0,0,0,0,0,0,0,0,0,4,3,0.0007456431423803034,0.0995526179061942,0.027406759869572184,0.07186584277451218,0.918229437387383,0.11919235816676413,0.0541484364166699,136,136,0.8133280123977895,0.00895614250404726,0.5901622231904117,0.031103575120095286,0.019551939774509804,0.02783316686796697,0.047680063896907855,0.04921150390730464,normal
273,icmp,eco_i,S0,5265,57,0,1,0,6,2,0,1,0,0,1,0,0,0,0,0,0,510,263,0.9451517475093753,0.7380179776829424,0.6715931578874714,0.9658491958574251,0.19056507928691943,0.8731786328633037,0.09474191007977811,101,7,0.11117109309223651,0.8319860644914523,0.05318461737125115,0.037061319691086295,0.7395089543548139,0.9096360557417833,0.01121810926967512,0.04433615164668213,portsweep
497,icmp,telnet,S0,16128,83,0,0,0,4,3,0,2,0,0,2,0,0,2,0,0,0,453,330,0.8069437474410255,0.9233487658148094,0.7509964316281663,0.9500654525877271,0.25844901549718463,0.9642206742345281,0.026894006383986414,188,27,0.08991279377350543,0.5476126682978784,0.2758965025021752,0.044628683540267645,0.7833847415359467,0.9576075494695853,0.008057130569994986,0.04826582279257444,guess_passwd
494,tcp,telnet,S0,30599,2,0,1,0,5,3,0,1,0,0,1,0,0,1,0,0,0,365,429,0.7455038873429043,0.7134452123842059,0.7607199272351342,0.9292402119125857,0.021808442244480118,0.67132131879549,0.0954820516907971,204,1,0.09247796170723104,0.5500663213722117,0.27867302823901724,0.008391676143942128,0.8353922196245795,0.7473793880273761,0.023511436178038265,0.01663023126016715,smurf
291,icmp,telnet,S0,29375,272,0,1,0,3,2,0,1,0,0,3,0,0,2,0,0,0,220,344,0.7322132151711795,0.8552712632585171,0.7738793652214035,0.7145260114950454,0.20923687591194282,0.9243559708399056,0.08356678949467103,246,0,0.010221400786934986,0.8889472668034732,0.2769335417465653,0.09666457982724241,0.8314838905039696,0.6459080043672859,0.02779706750148366,0.015637997985053564,smurf
430,icmp,telnet,REJ,33707,186,0,0,0,2,3,0,4,0,0,2,0,0,2,0,0,0,465,171,0.8769086051571044,0.8164675092038045,0.7594286401456525,0.6136400879589712,0.13172421909613266,0.8805025186194662,0.045833364291305016,60,11,0.20842921902350178,0.6958450671415568,0.18801842853436668,0.07820527871913607,0.5156887441077955,0.6195183272086695,0.032872800540877316,0.049139572108966724,smurf
141,tcp,private,REJ,9169,84,0,1,0,5,1,0,4,0,0,2,0,0,0,0,0,0,414,249,0.9305920303213135,0.904591830281047,0.9673322458037601,0.7399907864020684,0.10860556332458894,0.6169391712915956,0.06738179446059633,231,4,0.07627591823662709,0.9264076637638168,0.04023433261526286,0.035111187474075094,0.5894097517935257,0.5811221596853421,0.03620660508200134,0.00688412558181431,neptune
104,icmp,private,S0,40963,242,0,1,0,4,2,0,2,0,0,1,0,0,1,0,0,0,207,348,0.652498568987223,0.656612489566727,0.8795411371135365,0.6064411112162056,0.23550836102610678,0.7506971042899118,0.007261102994632507,65,37,0.20038310626122552,0.722243679100927,0.12808066513266245,0.014257372888375553,0.5373552933970988,0.9782450663418425,0.04197547434065785,0.0488025922667448,satan
474,tcp,eco_i,RSTO,12182,9,0,0,0,4,3,0,2,0,0,1,0,0,1,0,0,0,448,346,0.9276317927254969,0.9998405252531009,0.9976365267362128,0.6183476419655533,0.08075840367307585,0.5075739755595112,0.05620351984781255,122,3,0.17984437681178791,0.8578836424594681,0.0662727034298544,0.07439705489859431,0.5254905253140869,0.9103102276146784,0.007182043737058686,0.03197344425874157,neptune
2,tcp,http,SF,231,4372,0,1,0,1,0,0,0,0,0,0,0,0,0,0,0,0,17,26,0.08168200674791014,0.05087608822191797,0.01599275918684313,0.053132148281222924,0.9871857422761958,0.1563858511575432,0.014610070913292262,194,167,0.7951879497433666,0.13483404482485792,0.9683130173325449,0.062017495934692614,0.019837161830229808,0.030329445734182232,0.03404069861848646,0.04375474426945336,normal
371,tcp,private,S0,33504,185,0,1,0,5,3,0,3,0,0,1,0,0,1,0,0,0,475,276,0.6380729003971455,0.6098737472137915,0.7351364667775458,0.7528414618941696,0.14097494295697308,0.5343458396765437,0.015822489280015995,235,5,0.06732189321916432,0.9466023329544525,0.009668715994702681,0.059252727359679014,0.5179160817228208,0.5885034146112667,0.00034702184952536963,0.009212374723942212,portsweep
323,icmp,eco_i,S0,12808,4,0,0,0,6,3,0,4,0,0,3,0,0,2,0,0,0,380,167,0.7961497340581417,0.6337668294230163,0.8713424000381063,0.8735353969414679,0.0007951993474854646,0.8610970118464072,0.0600898368179795,73,31,0.1369097482023729,0.9350499979640312,0.12645816196495635,0.005987593904989075,0.6777498327695237,0.7509908614533409,0.026796364079611824,0.02750026508897806,smurf
146,icmp,private,REJ,25220,203,0,1,0,5,2,0,2,0,0,1,0,0,0,0,0,0,459,334,0.7091108584503362,0.9971480273336217,0.6178787465827452,0.8920534558441122,0.27967300735788864,0.7214797019982446,0.0960635459457832,94,15,0.05035559859439873,0.6330236776123953,0.2194389567830061,0.00034531070755282616,0.7488895462938905,0.7969477479928858,0.034445919088511405,0.03811424372950206,smurf
490,tcp,telnet,REJ,18742,144,0,0,0,2,3,0,3,0,0,2,0,0,0,0,0,0,289,383,0.6652022521699578,0.9652084011069391,0.6929515832064554,0.938341169126884,0.24994467083640795,0.8009752262034984,0.05473992989457265,71,16,0.25021257890111975,0.7779353421371743,0.09828178089872852,0.025758395833259562,0.7450533056483195,0.63317889602504,0.025326033836998704,0.02715001906919025,satan
456,icmp,eco_i,S0,48465,24,0,1,0,6,4,0,1,0,0,3,0,0,2,0,0,0,433,426,0.6123924742901644,0.8935542093073396,0.6921162171250146,0.6088585067026812,0.18725576619819717,0.6256970374298156,0.057466498932894954,96,22,0.008467742732276629,0.5713785800983276,0.14680079535023596,0.04094501009066335,0.8636323666110206,0.918204925809285,0.04820931400326335,0.0407222984429722,satan
4,tcp,smtp,SF,1464,1979,0,0,0,0,0,1,0,0,0,0,0,0,0,0,0,0,17,2,0.04376118906550508,0.09500344632041346,0.07925115093167623,0.016072894317769305,0.9336843832662701,0.006379441687405785,0.06222091806904681,154,220,0.9219573409806538,0.1876093745990844,0.6718444156475021,0.052263288202296934,0.03175164474367901,0.023708176355434058,0.006017329351901569,0.025139814819561585,normal
257,tcp,private,S0,43595,72,0,0,0,4,4,0,1,0,0,3,0,0,0,0,0,0,269,290,0.7012676638719172,0.7833407007235852,0.8835551746545998,0.8438588811985777,0.0012824961593118744,0.6060639699319816,0.046268860609023965,51,20,0.18095730973199162,0.7804203749394087,0.033437608290482514,0.09165804663767517,0.55633642394299,0.6495556813981458,0.025168213581819032,0.030078958359422783,portsweep
296,icmp,private,REJ,38011,124,0,0,0,7,4,0,1,0,0,1,0,0,2,0,0,0,311,484,0.8340563917687434,0.9047737577753695,0.6518275088970198,0.9407304024548041,0.02268796964636591,0.8873554394769898,0.097508381121086,204,2,0.07282344949713107,0.4611178331791329,0.2192515657106772,0.05004201899723944,0.5738811336408358,0.9928633960575526,0.026522774032910784,0.019537494316440626,smurf
4,tcp,smtp,SF,1691,2902,0,1,0,0,0,0,0,0,0,0,0,0,0,0,0,0,29,25,0.056086157293638784,0.004680494181547046,0.03790297666614359,0.08139709553188605,0.9567234511928975,0.07803620569670228,0.09881921209971861,106,65,0.8947307963882838,0.045296731298800255,0.5475585946366984,0.07288417038111124,0.015891031403276346,0.03558665633313895,0.0008861189642611179,0.03911281307152271,normal
184,icmp,telnet,REJ,43322,279,0,1,0,5,2,0,2,0,0,1,0,0,1,0,0,0,494,434,0.7403685111844236,0.7811384996363373,0.6315697035264273,0.7979183556110061,0.07773144725124465,0.9348776302784225,0.09418679117082121,179,34,0.08253225714902053,0.9449893837611507,0.12078652318985522,0.07057915333312524,0.8330629250158506,0.5701086606153791,0.03524554553538607,0.04481021129524123,satan
3,udp,http,SF,552,4609,0,0,0,1,0,0,0,0,0,0,0,0,0,0,0,0,24,22,0.07458851622950233,0.05659149117991552,0.005776401459480951,0.04405059751672605,0.941753229643967,0.19220408171688408,0.03348633934646455,178,120,0.920995184710088,0.15306927036076534,0.60908364850778,0.063419952477021,0.004665365195784738,0.014216442837968225,0.023006711770080353,0.04085656991080779,normal
77,tcp,telnet,S0,30594,277,0,1,0,7,4,0,2,0,0,1,0,0,0,0,0,0,467,481,0.893811844433084,0.9047639594324342,0.7991671888334609,0.9173755526701047,0.019896203989120807,0.6337610171123065,0.07324814329898947,113,28,0.2768426531487199,0.4586747043219377,0.28733115075011134,0.06652635617088336,0.9665871663411051,0.860654439989385,0.0021192155474139495,0.01257898577320285,guess_passwd
329,tcp,eco_i,RSTO,34693,169,0,0,0,2,2,0,2,0,0,1,0,0,1,0,0,0,365,476,0.7525390770855238,0.6950588475286186,0.8217970424785037,0.8016212257666931,0.2275212575879144,0.9949965886194538,0.06046364911287886,71,23,0.269949714167178,0.7196005965246799,0.2609022972057385,0.06900706992738619,0.9478636613836966,0.5656824487776885,0.004339671589531491,0.04462079566166873,portsweep
4,icmp,finger,SF,1102,3689,0,0,0,1,0,0,0,0,0,0,0,0,0,0,0,0,15,10,0.005520223320807116,0.024767800069016233,0.009589814480084103,0.02736887189585846,0.9306491354584842,0.0012723944667771825,0.001549214278812805,198,80,0.9621086201408375,0.09948566939707344,0.7444227458773078,0.06486450927772067,0.038368568791149846,0.01372142063111369,0.017416046008360227,0.005533501552019194,normal
405,icmp,private,REJ,35345,66,0,1,0,6,1,0,4,0,0,2,0,0,1,0,0,0,203,153,0.7569738980421569,0.727939263013115,0.8406235615902368,0.9371718294899569,0.28110334200419823,0.8382939017662605,0.07201602856236312,83,35,0.051014709314341565,0.6794434050238407,0.015669212582794533,0.03726798144841057,0.8005752387098692,0.6539733447213245,0.0442846224435143,0.04383525185625255,neptune
1,icmp,http,SF,852,4939,0,0,0,0,0,1,0,0,0,0,0,0,0,0,0,0,2,1,0.016849271930540446,0.06508859263236665,0.0811570696028843,0.012043899381150814,0.9138627616822825,0.10785339224888313,0.039578847921569404,112,64,0.8460905868537887,0.14079942269093698,0.7925816892528591,0.09394133130222056,0.03864928757139966,0.03556825640254058,0.03942283098373975,0.012637050072217543,normal
3,tcp,smtp,SF,721,1428,0,0,0,1,0,0,0,0,0,0,0,0,0,0,0,0,25,28,0.005377470956855546,0.012829732292427787,0.024488694848040685,0.09138310894927106,0.8794278892799197,0.08070402846066341,0.0595326755694373,59,140,0.8328885023277789,0.0343662278183672,0.6377645179607099,0.06738768229283608,0.034176229229667586,0.027118614415126543,0.010434768362478936,0.020316643366054366,normal
362,tcp,private,REJ,12774,266,0,1,0,5,4,0,3,0,0,1,0,0,1,0,0,0,468,414,0.8740680872218044,0.6930667785027985,0.8559429238839115,0.8011406737564843,0.17019710017939577,0.843581123332706,0.025702498232525274,190,37,0.1709079909640285,0.7239736397700867,0.234659282679897,0.04364199510351299,0.9252787719025826,0.9788488381655931,0.006482357970180536,0.016498755403915735,smurf
143,icmp,telnet,S0,43715,190,0,1,0,5,4,0,1,0,0,1,0,0,2,0,0,0,353,276,0.7884753317787097,0.6608007972839756,0.7471432350740326,0.624339320472456,0.13069102974685898,0.5783062595641688,0.06456068905754084,149,0,0.28810261916737795,0.8254178007700785,0.15597396114929385,0.007544220129501212,0.577355077859633,0.6256906584176469,0.01781773545771579,0.01508395773151699,portsweep
376,icmp,private,RSTO,42814,66,0,0,0,4,2,0,4,0,0,3,0,0,2,0,0,0,267,216,0.731438766536639,0.9419576395322851,0.6463179771174717,0.9244193060187753,0.24616935812984547,0.7212923420644037,0.018700713858752573,157,35,0.11491614173532191,0.5538486707191863,0.03156187799415864,0.057457185554974956,0.9555800537444231,0.9460904153452419,0.04631969433202567,0.004157650398146468,smurf
342,tcp,telnet,S0,39982,73,0,0,0,7,1,0,1,0,0,3,0,0,0,0,0,0,269,154,0.8791481368280913,0.9426869734279625,0.6266696804580837,0.670005791013491,0.2877658341834144,0.8123730464536988,0.013286694955046197,173,34,0.26027329147335637,0.7638476860578323,0.2755951177866938,0.014595896390761899,0.5479735821052414,0.8367940187605645,0.0334310187059051,0.04137237375226677,smurf
1,udp,finger,SF,1121,1498,0,0,0,1,0,1,0,0,0,0,0,0,0,0,0,0,3,9,0.07849619132881779,0.09123379293506373,0.045302611428664166,0.05075046156100387,0.880220251444029,0.18012903661249904,0.021444951147768034,129,165,0.9884142354841539,0.10110634972676438,0.8551697768841446,0.07476762654622818,0.02784323926785634,0.04345651809984169,0.049973880701439696,0.02048059378100414,normal
199,tcp,telnet,RSTO,5680,127,0,1,0,7,1,0,1,0,0,3,0,0,0,0,0,0,506,239,0.8768111654805979,0.8219515969012297,0.9926293852678659,0.9054008983632562,0.12487530378179501,0.7924791039236431,0.06497106079132287,189,13,0.20314214688682242,0.5196715973622242,0.04559578710476194,0.09080334240923947,0.9162992085858765,0.8436330427900955,0.010013055388711624,0.023262392027014397,smurf
32,icmp,telnet,S0,32455,286,0,0,0,3,1,0,2,0,0,2,0,0,0,0,0,0,276,150,0.8760968765278611,0.7253413642284493,0.9346309358425708,0.9379086560785903,0.03021854844871906,0.5785879161773209,0.028866790207571515,93,20,0.10877680491374943,0.7718736888079514,0.2181710116495134,0.029976270814818684,0.9185927028086937,0.608757646596579,0.049736030666953354,0.011839978237933186,neptune
1,tcp,http,SF,840,2874,0,0,0,1,0,0,0,0,0,0,0,0,0,0,0,0,18,20,0.06738911544076372,0.024933572919044612,0.08244842712393285,0.013420562670536429,0.8067879064578442,0.19230817409843975,0.02899057070967094,220,174,0.9593793664057157,0.12709105184647304,0.5714113071982103,0.06804374466886354,0.0159432613851109,0.004760568547338318,0.04008883341465086,0.04522172570818661,normal
429,tcp,eco_i,REJ,47184,177,0,1,0,4,4,0,3,0,0,1,0,0,2,0,0,0,411,168,0.922227751706236,0.8229841653256014,0.9108688948617344,0.6126317879659015,0.2806013796797239,0.6208726805701767,0.07165133649548962,214,17,0.2649818555352129,0.5538671183886279,0.06596113138496447,0.06213266721881865,0.9961695233444823,0.8100317688945646,0.03394252779244985,0.007656813377825317,satan
1,udp,finger,SF,1538,4883,0,1,0,0,0,1,0,0,0,0,0,0,0,0,0,0,24,26,0.0859710064682206,0.08783827409249804,0.09771119204610833,0.016687111950842503,0.9452274766152817,0.09710028806858453,0.05446033439052392,121,73,0.7611311793827268,0.0042627810869881435,0.5141313505881853,0.02237104830673501,0.049792044913699644,0.033493290844785036,0.005932035201696934,0.0030737822172025977,normal
1,tcp,finger,SF,461,598,0,1,0,1,0,0,0,0,0,0,0,0,0,0,0,0,1,10,0.06530635843197385,0.03762807443485312,0.00984095941200468,0.07437761832661044,0.8335452581923128,0.18667881213234555,0.07927508282098475,61,165,0.8389330654279161,0.16094142000083939,0.5394747676110558,0.043237345075118866,0.03049763893144903,0.04374905786289474,0.008992582671837312,0.012779878584808486,normal
2,udp,finger,SF,1447,1553,0,1,0,0,0,1,0,0,0,0,0,0,0,0,0,0,10,29,0.02866920254570754,0.037004976053366036,0.01364616302138484,0.03250931630811454,0.9385705909792517,0.13874431441863444,0.08338635706729713,109,234,0.8079897781473077,0.07287037599962824,0.7242784458910487,0.0958939137165749,0.029394275745301363,0.03182310638787008,0.039476119831941346,0.046676957760035435,normal
294,tcp,telnet,S0,17224,28,0,0,0,5,3,0,2,0,0,2,0,0,1,0,0,0,220,400,0.8902612063006321,0.7315199935023285,0.8038355144169445,0.8937207314079079,0.29856457036316403,0.8635126048287903,0.03552179736191422,60,18,0.04151759792339583,0.7271455003130753,0.18761139595915965,0.021860269859710835,0.7077395465610024,0.7038581251399615,0.0361959084669445,0.03991369028407039,smurf
220,tcp,private,S0,16619,195,0,0,0,5,3,0,1,0,0,3,0,0,2,0,0,0,264,430,0.8327689001532241,0.6096722518230737,0.684303230160688,0.8822624219873644,0.21715174815099772,0.5165434224442411,0.045242786142518567,156,29,0.003249801907735683,0.7861876625347946,0.24595580999136782,0.03567384549439474,0.6063024341393979,0.7718622519832006,0.02760994235048596,0.0005235306445625199,neptune
0,icmp,finger,SF,1100,4042,0,0,0,1,0,0,0,0,0,0,0,0,0,0,0,0,29,12,0.05304751232566325,0.03937713114004048,0.08859751130926863,0.03577525619128243,0.8826466015851148,0.003561842993934117,0.08632073757996692,97,227,0.8505030987570416,0.1998106036273799,0.6482221928909292,0.030139401086301344,0.021856734531479002,0.0029164281075542142,0.01509305132580856,0.045948057870302546,normal
457,icmp,private,S0,39162,179,0,1,0,5,4,0,2,0,0,1,0,0,1,0,0,0,271,339,0.6791830458958868,0.8189305469221027,0.6571999370743028,0.6623630293478208,0.015857515069858164,0.5991427337936822,0.044766054288632146,109,19,0.12807587682504776,0.8252550651053052,0.15354020605971033,0.013892183081354426,0.5351270415422785,0.8820016251803713,0.02713185502632505,0.018713178748955336,smurf
3,tcp,http,SF,928,2036,0,1,0,1,0,0,0,0,0,0,0,0,0,0,0,0,27,8,0.030720113363231317,0.01559012892539724,0.09740141504454251,0.060584889533157785,0.9536634469685565,0.1526375152152003,0.07485914124647239,185,207,0.9134383347142353,0.16729093972709638,0.7921942708449091,0.07489288200900446,0.04885841735251312,0.0336912089279191,0.005030889763176083,0.04919608156341698,normal
1,tcp,finger,SF,198,1366,0,0,0,1,0,0,0,0,0,0,0,0,0,0,0,0,12,17,0.0009435727627650548,0.04517838024379929,0.07690342277046161,0.05998678448275786,0.8913017863573923,0.04004636450447727,0.06339825942509465,216,77,0.901216870530232,0.17600030138238626,0.8804860485655501,0.061096781911329424,0.04577321678217159,0.00827360860631876,0.0016217369924698467,0.03283563803963632,normal
3,tcp,finger,SF,1835,2611,0,1,0,1,0,0,0,0,0,0,0,0,0,0,0,0,27,9,0.06622688038312864,0.053149933183237866,0.07196852608776125,0.055408924562159026,0.9796123645116545,0.17738349528145836,0.039638514749074,98,235,0.8367923737082548,0.1687569472550787,0.8906327824812204,0.05017751384886814,0.0332813668999581,0.03668500138991184,0.008239171659199868,0.043756452773555526,normal
4,tcp,smtp,SF,1977,1519,0,0,0,0,0,0,0,0,0,0,0,0,0,0,0,0,4,7,0.04119747240119879,0.08815631998643823,0.004543075477876091,0.010507825894876956,0.9799060340357003,0.18507257525069323,0.09750163278748175,200,188,0.7837607838048491,0.010420907137565206,0.8444897741280537,0.03546264406884425,0.040927554013443654,0.037085375699091566,0.02662448704236041,0.021804271788313852,normal
404,icmp,telnet,S0,40237,127,0,0,0,6,1,0,4,0,0,1,0,0,0,0,0,0,400,488,0.7259905842518937,0.909151823090917,0.6998821892914544,0.9940316064003282,0.1117095248924815,0.7640972935530098,0.07590334870442501,104,34,0.10237860556971161,0.6082752842114622,0.060340450223889314,0.052382420664734954,0.5217546943758051,0.5210068172249096,0.030739894083801823,0.032176953883072575,neptune
0,tcp,smtp,SF,107,4613,0,0,0,1,0,1,0,0,0,0,0,0,0,0,0,0,24,10,0.05506414608194028,0.013167675203715756,0.09619571857850426,0.06348402190163059,0.8683806611618713,0.03198143994523517,0.0332139465051313,178,117,0.8089658170920097,0.13108425783755534,0.9807341022417186,0.024884303665901764,0.003241386114999534,0.04501891926694239,0.039904187354358085,0.034751937198533096,normal
485,tcp,telnet,S0,32656,189,0,0,0,5,4,0,4,0,0,3,0,0,1,0,0,0,241,380,0.7462853536919615,0.8145687444673708,0.9816965010104454,0.6194791276570035,0.24300336889489954,0.769471593649524,0.06721023379507536,72,2,0.23492953309364542,0.9550133390847392,0.2559497953415919,0.09159574224045836,0.8967497345754654,0.7753257071683983,0.02848626771693078,0.04674255701965794,neptune
2,udp,finger,SF,1184,2865,0,1,0,1,0,1,0,0,0,0,0,0,0,0,0,0,15,16,0.05629578537862915,0.0588513776624626,0.08182540246538646,0.001421302957464199,0.8518584018712293,0.14127757596230175,0.014603162467994557,142,99,0.787735455094511,0.030680467473734898,0.758204271967358,0.08692111997359199,0.008843662671593634,0.017878996981955365,0.020527407648944337,0.045247330342416875,normal
2,tcp,http,SF,265,1008,0,1,0,1,0,1,0,0,0,0,0,0,0,0,0,0,20,24,0.01760974292683921,0.016182934483603886,0.04293708757001783,0.048339902788793465,0.9420382789602209,0.11399698838793822,0.041264509754550274,202,243,0.7334510515377517,0.08974465381355101,0.6916482434645148,0.055621306691924235,0.04063732056864588,0.01233771978508933,0.035503514839315305,0.03624189605277846,normal
4,tcp,finger,SF,1057,1193,0,0,0,1,0,1,0,0,0,0,0,0,0,0,0,0,21,22,0.06256827902603751,0.0009334573220024956,0.03206802604825193,0.01978044536731696,0.9380017485331105,0.14944556940656956,0.09666483626297641,110,116,0.9125680510655627,0.1397622575977043,0.9618006621619635,0.07901975197716632,0.013256413514759053,0.03852581076656889,0.0031444799016790204,0.03601818513979277,normal
4,icmp,http,SF,542,1070,0,0,0,1,0,1,0,0,0,0,0,0,0,0,0,0,17,13,0.05527510440724698,0.04225170695790142,0.047765198770724916,0.021425582293346193,0.9864828127290666,0.09400350450212608,0.05991611703348701,89,180,0.8842993524580425,0.14115739919438997,0.5737929114587356,0.03333799738387807,0.046472975882050994,0.029977357696729424,0.04110379736735058,0.0043873655826522084,normal
137,icmp,private,S0,45375,170,0,0,0,2,1,0,2,0,0,2,0,0,1,0,0,0,260,198,0.8519165232090642,0.916931052952721,0.9048471602963176,0.6264890162624049,0.24638043443939112,0.7426768293732258,0.02442888784978924,63,32,0.0872508474911953,0.8865257521261536,0.08646736394954778,0.013299309702327856,0.8008757743337398,0.6228286919563004,0.03705626355997761,0.020877899078199116,neptune
398,tcp,private,REJ,19468,293,0,1,0,6,4,0,2,0,0,2,0,0,1,0,0,0,394,443,0.6564282020826768,0.8859324816709677,0.9462150808039406,0.8725534443904828,0.1655665981917541,0.7334268837174475,0.053211378198142395,216,24,0.0977315691523633,0.8557371705968992,0.07419847161655375,0.04286985245334664,0.8744661379888952,0.5437202172384937,0.00901545389131801,0.03586752077243912,guess_passwd
321,tcp,private,REJ,26665,246,0,1,0,4,4,0,4,0,0,1,0,0,2,0,0,0,305,420,0.9938464093331576,0.8367725848419919,0.6344790967667381,0.8613155764243647,0.109735002878132,0.6269825284686883,0.08109735085268453,90,9,0.17577752707520147,0.4046453515002311,0.21901403435106834,0.08730805757666867,0.6290114950454315,0.8706085877312542,0.04851820118028999,0.0432014441475891,neptune
3,tcp,http,SF,930,679,0,0,0,0,0,0,0,0,0,0,0,0,0,0,0,0,24,25,0.025812149964955802,0.05691734267387764,0.07773927312876279,0.01882253718963328,0.9461055591145915,0.09779281485999657,0.03209271795079598,254,148,0.7720270340327586,0.015011166077604044,0.7871372405881716,0.056647682437998254,0.035417900513690904,0.015103423305653913,0.024859711994904433,0.006543919769932122,normal
0,udp,http,SF,1166,749,0,0,0,0,0,1,0,0,0,0,0,0,0,0,0,0,17,13,0.09395250399796778,0.010479768914339516,0.08835315296231215,0.07372645200918428,0.9105990240615391,0.10014421447493632,0.0759514944478813,156,170,0.915860361688519,0.1702656943432771,0.662636900505717,0.023516699003801378,0.03121449184266455,0.02035401432642388,0.029227369757427065,0.03799315886714,normal
159,tcp,telnet,RSTO,9191,40,0,1,0,6,2,0,2,0,0,2,0,0,2,0,0,0,290,155,0.6393793331535317,0.8089701704251623,0.6670547893475748,0.9177749434776901,0.0873860431336404,0.9737269995015914,0.022375649099720108,210,35,0.07931465223229063,0.7925259300180367,0.007801475501766774,0.08308558121759484,0.6196101614396958,0.6636333111449242,0.004574142210296567,0.015354768138086679,smurf
3,udp,finger,SF,356,3220,0,1,0,1,0,0,0,0,0,0,0,0,0,0,0,0,29,27,0.05565555157209456,0.04998816647295913,0.004476948998841534,0.07920658750912973,0.8837868330834644,0.06211764757378982,0.028455299886300602,250,196,0.7303426563359037,0.0856741348119388,0.8725928771894345,0.057010069745854944,0.04245287447402452,0.020042448802771402,0.012722503130265484,0.01967339007882815,normal
0,udp,finger,SF,105,1268,0,0,0,0,0,0,0,0,0,0,0,0,0,0,0,0,5,26,0.06629277005606186,0.03824481679494183,0.03269891143002891,0.05139385865795684,0.979546147260745,0.08278291087855072,0.06365282576827697,120,196,0.7122987309406092,0.022888997524472224,0.5401795615226546,0.0013008160647371538,0.0355555711426255,0.01371519164116744,0.04784545266658109,0.03506382372881914,normal
0,tcp,smtp,SF,1121,4707,0,1,0,0,0,0,0,0,0,0,0,0,0,0,0,0,29,3,0.017023030059274368,0.04579610101661809,0.09792302142549747,0.041838955466350164,0.8518293031420411,0.06593029445393621,0.09778948224189149,152,209,0.9004582220351033,0.01656641859286052,0.8488241350567778,0.03700383841416809,0.043709928704983234,0.022845615866914238,0.015151410885189882,0.010256012570368367,normal
4,icmp,finger,SF,1945,1847,0,0,0,1,0,1,0,0,0,0,0,0,0,0,0,0,14,21,0.07462818127353477,0.07771794828312788,0.04769965172634726,0.08776347968064059,0.9952233480080579,0.04389124675390928,0.09957687968741735,98,235,0.965100821925,0.13351572019173186,0.84852688801401,0.0397165659336728,0.03773587719307844,0.012425203937501534,0.0488969888837458,0.03403901041389822,normal
2,tcp,finger,SF,654,3031,0,1,0,0,0,1,0,0,0,0,0,0,0,0,0,0,25,28,0.0006090279675126765,0.04281134723650425,0.05087202232013598,0.04015709538032968,0.9933388488205874,0.032035498333350024,0.0040751843647541695,193,199,0.7361299636723275,0.11098887614229724,0.6022849448712397,0.019583803162918523,0.047102884951163916,0.042302609182474915,0.03089976475203082,0.018437602653345025,normal
0,udp,finger,SF,1568,1221,0,1,0,1,0,1,0,0,0,0,0,0,0,0,0,0,9,23,0.08972836675331015,0.07632157539721542,0.057190232696681664,0.05812395946554776,0.8597915528435842,0.06940385781656937,0.09365766803785067,253,92,0.7787350245917314,0.09234692734547333,0.7057990160428073,0.026885032039201354,0.027963742606329358,0.04471000983587758,0.01537358230061765,0.0026638138943581692,normal
209,icmp,eco_i,RSTO,38826,231,0,0,0,4,3,0,3,0,0,3,0,0,0,0,0,0,443,219,0.6650253653447799,0.9983552853955922,0.9734270174893128,0.6309239053697652,0.18894776389752269,0.8624437496643087,0.008312784936912199,64,35,0.13651882703876825,0.45313693052955273,0.18408384290867943,0.03169867511960389,0.6294201535542112,0.9459586051207953,0.03962030867240057,0.03378747820810649,satan
4,tcp,finger,SF,1414,775,0,0,0,0,0,1,0,0,0,0,0,0,0,0,0,0,29,4,0.08002484436088676,0.0500868729526769,0.08061674967560302,0.05028941364792451,0.8461721322569052,0.1064985618823666,0.029843997575876347,175,203,0.7185265141712005,0.10342572404402928,0.9674924117652051,0.034988071312944714,0.046048116518895815,0.0012790765181233067,0.02083688252928405,0.04054640071366022,normal
0,tcp,http,SF,282,4105,0,1,0,0,0,0,0,0,0,0,0,0,0,0,0,0,23,16,0.09988915487544232,0.06254640887729239,0.08457858381026094,0.0983894663776167,0.841862860684138,0.11852566489840233,0.027503755968967005,205,102,0.9414368764654811,0.147395681728383,0.8789668535367221,0.025678934760714214,0.013817363096726855,0.03248766632358283,0.010762913696861493,0.021290120421396226,normal
332,tcp,eco_i,S0,42461,170,0,1,0,2,4,0,1,0,0,3,0,0,0,0,0,0,235,412,0.7625276505563789,0.793035028155828,0.6312924236367528,0.6898549779941708,0.25648262265110533,0.7108016051484155,0.06503375562897966,87,11,0.04388951062474391,0.7794122490688611,0.10505873476335549,0.056240746551680536,0.8813508682577964,0.8697209499423371,0.03472767798871465,0.01915980659088882,neptune
148,icmp,private,S0,27751,278,0,0,0,6,4,0,3,0,0,2,0,0,1,0,0,0,458,396,0.9490810043621437,0.7130506511472201,0.721464428487069,0.9138153198517628,0.2991068195713273,0.8333803093730968,0.05811979037065193,161,12,0.2799663615851382,0.6164065193894215,0.17423636066934164,0.0846058766130517,0.7911313083614091,0.6024110454300537,0.012390496575918553,0.00505602093414686,portsweep
3,icmp,finger,SF,1277,1191,0,1,0,1,0,0,0,0,0,0,0,0,0,0,0,0,25,12,0.030634623717770582,0.021016516249231166,0.05997015990482732,0.020048268988003104,0.9641733382845828,0.1712066044411877,0.09256914374814104,147,183,0.7227469630427233,0.18872700772901418,0.6836730404191468,0.04341444443561705,0.0472709947803211,0.009199350423602953,0.04008122008857696,0.03375792228895204,normal
3,icmp,http,SF,909,4518,0,1,0,1,0,1,0,0,0,0,0,0,0,0,0,0,8,21,0.09330752414784446,0.05494677493399441,0.04790184573139226,0.038904719882716356,0.8251841402972875,0.0780219424911439,0.08096883078082263,124,138,0.7933993080941012,0.05338790251311241,0.8182299368084226,0.04863245815830535,0.03534629825565462,0.04472908314117317,0.04005125552748562,0.037285526258621374,normal
196,tcp,telnet,REJ,47657,248,0,1,0,6,1,0,1,0,0,2,0,0,2,0,0,0,237,497,0.6904683443289629,0.6594251703177758,0.9168019891409601,0.6865837659645274,0.23175931591446514,0.7470636380582921,0.002348792816942247,163,37,0.2648331641793795,0.5788655783305751,0.22909782947224527,0.061740383423648494,0.9341241680682827,0.6324591342631776,0.03320435898215076,0.022106776916285015,guess_passwd
4,tcp,smtp,SF,1701,1306,0,0,0,0,0,1,0,0,0,0,0,0,0,0,0,0,29,15,0.029126326671434145,0.04132924989528043,0.04694451270656396,0.005458904992642611,0.8481885347788356,0.08429254837068155,0.0932981759897951,122,144,0.8713016643818675,0.013658290334024348,0.8737237485455815,0.05105787539152029,0.02078826829759002,0.040178329589607764,0.013432009733351258,0.013973108469484291,normal
397,tcp,eco_i,RSTO,43356,280,0,0,0,6,3,0,1,0,0,1,0,0,1,0,0,0,424,340,0.978900770951549,0.8477666079605244,0.8087288126336035,0.8255609096805592,0.14346438875088638,0.934611067462926,0.02304979079914532,52,18,0.2055142986494254,0.413433008120322,0.27624792285126876,0.00951680912804126,0.5984192851506707,0.7032489047253787,0.005981257501875031,0.00771446407700322,satan
457,icmp,eco_i,S0,17784,283,0,0,0,6,2,0,1,0,0,3,0,0,0,0,0,0,491,300,0.9787502523960677,0.8853663774848058,0.7903571655555061,0.8562947899633286,0.09376716347480633,0.8447665639938986,0.009490287151940058,235,6,0.26681881827797194,0.8363547036034322,0.03938865083397962,0.08465996285009753,0.9459921579188217,0.8993856296228402,0.03724926879893882,0.04640364535097952,satan
2,tcp,smtp,SF,401,4685,0,0,0,1,0,1,0,0,0,0,0,0,0,0,0,0,4,9,0.09152457760303805,0.07271484961719404,0.05221768559917317,0.04276060072889357,0.9667999921856808,0.0090010774796222,0.012920746463358501,158,90,0.9375576110805406,0.08908983345130031,0.5336772708319979,0.03691168007794791,0.03138790015983179,0.044099510273339394,0.04972204926388921,0.044788708166068204,normal
66,icmp,telnet,S0,33271,96,0,0,0,7,2,0,1,0,0,2,0,0,1,0,0,0,242,461,0.8326152059209675,0.6876241862073003,0.7057245432970076,0.7369938595454136,0.002270198800379508,0.9665092729534919,0.046799575224072215,116,37,0.07140849675710506,0.5812288040260005,0.14280189816318628,0.038203061366687975,0.7702505664801417,0.7840310152401515,0.0006001639865276909,0.0025620260934311025,smurf
21,icmp,eco_i,S0,29841,4,0,1,0,6,2,0,4,0,0,1,0,0,2,0,0,0,421,159,0.804548310710282,0.6501430204704978,0.9618887782920056,0.966677577262778,0.2461772384751608,0.8885034500123485,0.06145478675485631,52,12,0.22153554758089627,0.9333753099135504,0.08023518325460548,0.001128379903508403,0.590242013351107,0.7157490344716049,0.007015497563365575,0.01961989038819753,neptune
1,udp,http,SF,196,3006,0,1,0,0,0,0,0,0,0,0,0,0,0,0,0,0,18,23,0.06446053398343336,0.008483780958144439,0.02174284293624129,0.07683525058504806,0.8343591386826671,0.19685102345798577,0.01531368526878716,139,55,0.9475829685948856,0.09092830241607659,0.782707740809437,0.09199743999374574,0.007948786632958648,0.010341950864906607,0.01866462664918834,0.01837936979251501,normal
0,tcp,finger,SF,283,987,0,0,0,1,0,0,0,0,0,0,0,0,0,0,0,0,21,15,0.03842080032044929,0.03584556454325618,0.06957836634751596,0.05282310697764423,0.9176521943266341,0.10442112780595032,0.0712541561945122,79,218,0.7495692822214378,0.16400093898009027,0.8929360083408974,0.01691889683760286,0.04490301339917697,0.041796600820433225,0.04202171596416486,0.040671290192886365,normal
4,udp,http,SF,145,1255,0,0,0,1,0,0,0,0,0,0,0,0,0,0,0,0,7,12,0.09843140117818389,0.03662170848002574,0.04331212074863131,0.07307085434015645,0.9969387869722439,0.1759474205315229,0.005219220247693468,201,234,0.986953477511606,0.13910827036351744,0.8037050476666401,0.06595471592665643,0.02307457332244734,0.024002961142000036,0.025424880726566797,0.007058305086073269,normal
469,icmp,private,S0,47310,259,0,0,0,2,3,0,3,0,0,3,0,0,2,0,0,0,200,281,0.6641029101687956,0.696404119933844,0.9298494952471568,0.7631912769271639,0.14220594733588132,0.5859795069062987,0.04544809405350898,230,33,0.17315760176653452,0.7786992169885403,0.180850551959695,0.048832996646726815,0.5836288500798044,0.6670341272884892,0.02235344270563991,0.007977098991446413,guess_passwd
144,tcp,eco_i,S0,48616,162,0,1,0,7,3,0,1,0,0,1,0,0,2,0,0,0,214,160,0.7780419513325995,0.7965011627124656,0.8799866598858196,0.6647947024588629,0.2868851848868595,0.9093046128635837,0.0657664536001321,232,11,0.09254997431923798,0.806847916687154,0.03357843967931597,0.09362922638523487,0.5420800762443787,0.9804246822820197,0.04046562293873754,0.010863199128730955,satan
195,tcp,telnet,S0,6119,111,0,1,0,3,3,0,2,0,0,3,0,0,2,0,0,0,444,484,0.7927520548770688,0.6961360180736292,0.6291425805022813,0.7434954589420769,0.05365014250662452,0.7082600493484393,0.09959435192739458,215,22,0.22271855658402173,0.5268538929469104,0.04527228818301434,0.022747037127400983,0.5610326488351043,0.7112355588835542,0.0333230289153624,0.03708186219576235,satan
430,tcp,telnet,RSTO,37116,95,0,0,0,5,3,0,2,0,0,3,0,0,0,0,0,0,305,487,0.6521046636216191,0.8365127694362319,0.7223574450125558,0.8777261447783187,0.2905898279335668,0.6647034621821284,0.08953293361763912,150,13,0.10995907936264636,0.5738418965221013,0.14516425213225279,2.620070810603892e-05,0.5909700022010372,0.8305478682177336,0.04817913633344184,0.014181267382338165,satan
16,tcp,telnet,REJ,32385,224,0,0,0,4,3,0,1,0,0,2,0,0,1,0,0,0,403,245,0.9349719318816926,0.7782052658877769,0.9752725698965947,0.7318952118848087,0.20331813075458546,0.9871711926884927,0.017257281836573924,156,27,0.15310440934006128,0.901018913037308,0.13880226976865964,0.07360569212676812,0.9821249028898817,0.6174560784672611,0.02965945705550928,0.010361112598402828,portsweep
2,icmp,http,SF,668,4970,0,0,0,0,0,0,0,0,0,0,0,0,0,0,0,0,19,14,0.08454578987154283,0.06686947628434195,0.08774078276911389,0.0676774305864818,0.8719425315342858,0.09574968293641087,0.05146263262136441,235,155,0.7689333468829244,0.1021859073422754,0.6908052709770842,0.09306887114870277,0.02849726454600883,0.03225904497719203,0.029008995493467332,0.03552816874495123,normal
1,tcp,http,SF,252,2269,0,1,0,0,0,0,0,0,0,0,0,0,0,0,0,0,6,11,0.08791134512366384,0.02428009302452773,0.004445747643638054,0.0021043880457314312,0.9894816187804993,0.13584698254969432,0.0031783582143403155,178,132,0.9895291505856695,0.06831905895113209,0.9693187015953113,0.08929215850434725,0.03557675642913751,0.02280103016472747,0.021284947447519093,0.0037928853888014036,normal
4,tcp,http,SF,1784,1585,0,0,0,1,0,0,0,0,0,0,0,0,0,0,0,0,9,15,0.09152612515440707,0.09547049119060318,0.047888049893494336,0.0507186393048438,0.9320308837566137,0.0799266153481038,0.0036204813456075626,180,130,0.8141983015422893,0.030573434380142886,0.5289080520323737,0.07614089463341772,0.009918397078620411,0.02121051154211094,0.019671002531032523,0.01273712579476159,normal
3,tcp,finger,SF,752,2775,0,1,0,1,0,1,0,0,0,0,0,0,0,0,0,0,10,4,0.058953059453676286,0.0623528754370408,0.09587913895457044,0.05756062473515636,0.8429480518974424,0.16270506228691414,0.004809284034611583,71,168,0.9628955272872768,0.16256640394663063,0.8651118397378595,0.06067250090007481,0.042581141538468315,0.0051511858625676536,0.039044753697229574,0.019423993572244353,normal
1,udp,smtp,SF,842,1487,0,0,0,1,0,1,0,0,0,0,0,0,0,0,0,0,3,25,0.004685702266715508,0.030234311214228305,0.043508624110391775,0.049640580445979965,0.9079292102802694,0.06889784452847932,0.05343725070251866,140,51,0.9869906068471164,0.15029296283385135,0.8034832330069417,0.052657444266583364,0.02785551887403915,0.011924029607618548,0.026773802636643758,0.024071037509275972,normal
1,tcp,smtp,SF,147,1434,0,0,0,0,0,0,0,0,0,0,0,0,0,0,0,0,27,12,0.04121048351810735,0.08381670341093962,0.0005181749835357574,0.009186718688677943,0.9598469486596944,0.15754903262063102,0.033950236990162565,178,109,0.7699580521887376,0.19395280494087416,0.8138397188376677,0.09455393614155355,0.01557350253954864,0.03663446004933016,0.0032239305896031357,0.04231151554265958,normal
1,udp,finger,SF,1983,1228,0,1,0,1,0,1,0,0,0,0,0,0,0,0,0,0,29,29,0.03663721549094904,0.0797934117178869,0.08062205807748302,0.02060911789177107,0.9376251226192377,0.10706945968348235,0.09657894904415316,192,115,0.702681467414114,0.15896156120826066,0.5339137403320251,0.08809319844227487,0.027629539916593605,0.03880404572327619,0.03468493121068576,0.02396651363806057,normal
4,tcp,http,SF,1135,4438,0,1,0,0,0,0,0,0,0,0,0,0,0,0,0,0,1,12,0.02817005314986302,0.0035389542362978532,0.01004558057978161,0.06840515412175878,0.8272375275083415,0.12017521209569804,0.02145722952179573,106,107,0.9695450907236429,0.14710902033155174,0.5539861083424505,0.08762218159944922,0.048216425186031496,0.031027126440062322,0.048157028023504266,0.02459622626614973,normal
3,icmp,http,SF,1881,3217,0,0,0,1,0,0,0,0,0,0,0,0,0,0,0,0,11,17,0.020773073536958165,0.014593568678170066,0.09512198869707755,0.03992227252024941,0.805111953327086,0.13746739057848778,0.033670064773929434,249,131,0.7245121736320437,0.14451419534443363,0.9221470742017908,0.07476697870683155,0.0016085911825406418,0.02505632543467916,0.02277302339096638,0.00788062352548623,normal
17,tcp,eco_i,REJ,8450,262,0,1,0,2,2,0,1,0,0,3,0,0,0,0,0,0,269,425,0.6000684702497979,0.7056498146542484,0.8012107406179234,0.7670747110656202,0.25590247158839985,0.8420972639813933,0.06231418862998846,183,20,0.19961047173731203,0.7314487320441676,0.026214459232357244,0.06294471970741926,0.8503436787724371,0.8821146856536886,0.034533571636273006,0.022279437247712187,smurf
4,udp,finger,SF,1929,2468,0,0,0,1,0,0,0,0,0,0,0,0,0,0,0,0,23,15,0.08173895374164858,0.03591844492105917,0.09121370048998245,0.0963657442610793,0.8467983885463625,0.09907401460435167,0.003356517704642692,242,208,0.74765244721881,0.17776266290073428,0.5302820566076265,0.03309049631034272,0.00624401304497691,0.002127110498274082,0.0342582171543019,0.019324135149720707,normal
359,tcp,eco_i,S0,18896,43,0,1,0,6,2,0,4,0,0,2,0,0,2,0,0,0,428,474,0.8003197751672666,0.6432602635953134,0.6337221082265498,0.9849498027482816,0.07991291094852085,0.588868095658705,0.08838272110722753,185,10,0.24147938063112262,0.6017038601390323,0.19612601408889682,0.052977948039398585,0.7990952444297763,0.9438475959196141,0.03003214191691378,0.031529770952873085,portsweep
3,tcp,smtp,SF,769,2800,0,0,0,1,0,0,0,0,0,0,0,0,0,0,0,0,15,5,0.004385828341791598,0.008590890494995852,0.07729953951013782,0.05377059850537337,0.9551310007367844,0.027458767375279747,0.05793465943846096,94,178,0.9226468607875311,0.13375955710267304,0.7884604090498264,0.07040080141591228,0.001959479521405655,0.046370865594763215,0.008820730224791962,0.008868703281447737,normal
372,icmp,private,S0,25606,202,0,0,0,7,3,0,1,0,0,3,0,0,1,0,0,0,437,421,0.6528982007220971,0.87703559837993,0.9094326932076247,0.6472353061881594,0.18598267995147366,0.7797461561282153,0.07934459209259251,150,0,0.13397260078664733,0.7156603911022856,0.034097108306296815,0.03398960604401995,0.7823919052691481,0.5993521570158789,0.03748419984793799,0.004134229620817986,neptune
1,udp,smtp,SF,303,4261,0,1,0,1,0,0,0,0,0,0,0,0,0,0,0,0,3,12,0.0052088774969690005,0.054605224607543384,0.016679721382380244,0.07311639095432015,0.879552311716455,0.13463308579360733,0.07551642044967516,112,177,0.852521036961406,0.15126472416172151,0.6181014446854447,0.013455871689923815,0.03787719832999541,0.008504355336432585,0.030138407966422212,0.03966510175087004,normal
4,tcp,smtp,SF,1951,3590,0,1,0,0,0,0,0,0,0,0,0,0,0,0,0,0,27,27,0.0753309615596317,0.03683710825935145,0.07217897413057227,0.04726866664355971,0.8895894875962778,0.08972576169233744,0.015315918253465366,232,193,0.7496716005837581,0.10466664785443883,0.8862846874280501,0.08848539027844743,0.0468159849424249,0.04062423386316702,0.03097532774957198,0.006296650215852618,normal
3,tcp,http,SF,1723,4671,0,0,0,1,0,0,0,0,0,0,0,0,0,0,0,0,26,1,0.08790038848027194,0.008886716418023978,0.03828248267701299,0.06860910711689315,0.8291195276567063,0.09307953202085101,0.017301540948626206,153,101,0.8293337649647257,0.07529982850604383,0.6217223582201966,0.0022104099720065998,0.033689495614831734,0.033615489020384214,0.048027602186572836,0.04543552113341615,normal
3,icmp,smtp,SF,1854,2367,0,1,0,1,0,0,0,0,0,0,0,0,0,0,0,0,29,9,0.06509439234217876,0.08351614957838298,0.040777073066324054,0.05738634521648246,0.8399224182469722,0.14332860634916897,0.015829891728992195,158,186,0.7439959962912399,0.12012417569782455,0.6231216093547338,0.022277874993195647,0.004708745550387517,0.0012234704745632931,0.021130502509806977,0.005625647733617645,normal
0,icmp,http,SF,1278,3419,0,1,0,0,0,1,0,0,0,0,0,0,0,0,0,0,18,9,0.08299866489848888,0.07194586063320303,0.0905547048435459,0.049728602421100665,0.8840919552501553,0.14920972513412034,0.02845566354533078,91,145,0.8010581538182135,0.0024967499142993345,0.6617198336574742,0.051224377052562345,0.0073571061112009065,0.001969419517740667,0.045084515191872086,0.047715548668695665,normal
1,tcp,finger,SF,1551,4440,0,0,0,0,0,0,0,0,0,0,0,0,0,0,0,0,17,2,0.02349455452530699,0.008001942552660957,0.07863902307023161,0.08839922821510424,0.9931855583707874,0.1191078621853219,0.059120001181962194,112,220,0.8696700065359518,0.08588369184773235,0.5022232939888943,0.03611974073964489,0.044713585197078916,0.018881431616586883,0.0042832906588645804,0.004003099856039122,normal
2,tcp,finger,SF,1044,1987,0,1,0,1,0,0,0,0,0,0,0,0,0,0,0,0,22,6,0.06967060290760775,0.06411898302224145,0.06521786052913653,0.070196288837355,0.9132706756762607,0.14683760437381152,0.01226428476378979,243,163,0.7577408107810082,0.035287833263957145,0.8437480244850439,0.08544078160203,0.021156686449054624,0.0029272776760073064,0.021365518925952204,0.007909725618646796,normal
4,tcp,http,SF,1886,921,0,0,0,1,0,0,0,0,0,0,0,0,0,0,0,0,10,13,0.04555309061899152,0.018318060363367628,0.06086137387424781,0.05726218716131959,0.8858763039841093,0.06313359447523481,0.003919589118328015,175,222,0.750484814798327,0.165237924503711,0.9464003212038998,0.0854909835220747,0.0166996320939586,0.03776487257573489,0.047692063610728634,0.007338787724431523,normal
274,icmp,private,S0,39299,116,0,1,0,7,3,0,4,0,0,3,0,0,1,0,0,0,287,469,0.6950212027320618,0.8123981285091482,0.7585829065025602,0.9356156471029583,0.2554786180225772,0.6138263796661916,0.006875447203143859,162,7,0.041357853671594065,0.692651563231466,0.060429120745058185,0.03988668752400705,0.8839387883777623,0.7703974971931171,0.03499190589806323,0.0228451441345996,portsweep
0,tcp,smtp,SF,1227,2472,0,0,0,1,0,0,0,0,0,0,0,0,0,0,0,0,17,18,0.04254154747770472,0.06351132019749713,0.01679362398014179,0.09140365668297785,0.9789410598960703,0.17140213390445236,0.031089392672022976,53,207,0.821119733525341,0.02329986612574424,0.8584749539801582,0.0022460945440901936,0.0017480633649417212,0.014631968845248545,0.03276087980435326,0.03773954749555103,normal
393,tcp,private,RSTO,49669,234,0,0,0,3,4,0,2,0,0,2,0,0,0,0,0,0,287,325,0.7787017988531156,0.7287766566912576,0.7678041730108991,0.625358218988372,0.14433068728646076,0.5333413605191468,0.06775550404695273,157,26,0.16871517281417545,0.9689270343495968,0.196675850399483,0.06427411370796464,0.645797025959302,0.9219364330668123,0.035205483160036036,0.017026997931503002,guess_passwd
174,tcp,telnet,REJ,47160,177,0,1,0,7,1,0,2,0,0,1,0,0,2,0,0,0,344,496,0.8389002122994303,0.8309814237637057,0.9886811914463056,0.8107556328163961,0.04203547329467805,0.7830264493376324,0.04716001930809426,173,6,0.08458329279623755,0.8745723150695475,0.20941016319283326,0.08843399115892775,0.6666503017910552,0.956805908367776,0.04550470665867798,0.014391088225528743,satan
467,icmp,telnet,S0,20686,35,0,1,0,6,4,0,4,0,0,1,0,0,2,0,0,0,222,438,0.6635038495636687,0.6320193571783793,0.8902738688613259,0.7996657316894993,0.030662792429311036,0.6293445472080736,0.05866498768347041,132,12,0.1354526626585603,0.45961912737872695,0.27062218919473624,0.09867536765941677,0.9852258281814088,0.8077903797366119,0.027754953991390597,0.02751565297417228,portsweep
3,tcp,smtp,SF,245,553,0,0,0,1,0,1,0,0,0,0,0,0,0,0,0,0,17,20,0.09618157414002794,0.07196878810646043,0.06601758143197009,0.07128798566671936,0.8365267985998914,0.0810481353633261,0.0014936944228232441,85,114,0.9526429633782676,0.1387010526085523,0.9877925854382567,0.04399402728137639,0.039584183771981744,0.03619026327463794,0.048061482131895886,0.03222886509504007,normal
2,tcp,smtp,SF,898,3018,0,1,0,0,0,1,0,0,0,0,0,0,0,0,0,0,1,18,0.052479515033341806,0.08660587151838361,0.005066662928287036,0.013272714725931601,0.8638657732774276,0.050440857798497524,0.0493811692879846,180,201,0.8592033614536225,0.13985500237954393,0.7356525752754182,0.024006006803727654,0.02387142102099328,0.04075076460995063,0.04730406412741917,0.02354333468028503,normal
165,tcp,private,S0,22501,221,0,0,0,2,4,0,3,0,0,2,0,0,1,0,0,0,327,395,0.7264963822774231,0.6884813624116244,0.9633906834120608,0.6109040955235153,0.20413108158918164,0.9371312009177677,0.04212493461572048,187,29,0.2770938670247038,0.6876782373775643,0.11022655636523183,0.005935096671884266,0.5809720414888904,0.5421889162984133,0.006019864256870295,0.014012231192898489,satan
71,tcp,private,REJ,31034,108,0,0,0,7,2,0,4,0,0,2,0,0,1,0,0,0,385,463,0.8162930703675031,0.8889662933415419,0.6358179735749465,0.8839843753842374,0.050160713951336554,0.933483065379134,0.005814858635524345,138,36,0.25124325016700744,0.42120849232119856,0.11904063248157555,0.0887871725790772,0.8899593886167833,0.7711364587149752,0.03535425847913168,0.02451532955429698,guess_passwd
1,tcp,finger,SF,816,2900,0,0,0,1,0,1,0,0,0,0,0,0,0,0,0,0,22,22,0.0005850022673607236,0.05059200134248644,0.059539277944327444,0.016004472713910235,0.9883805195794706,0.03250525060431615,0.00044495386467838797,76,78,0.9512390889931597,0.17055532865042788,0.694432013430792,0.08705629771698292,0.039696762033183196,0.004906779693863017,0.028485495308396037,0.01891249611270747,normal
1,tcp,finger,SF,301,543,0,0,0,1,0,0,0,0,0,0,0,0,0,0,0,0,8,2,0.0004449024808863,0.034495183182006596,0.027513075532634004,0.027458400266244267,0.8325694506129542,0.18377244906462378,0.025070142915353623,92,74,0.915275141166084,0.09374774619848497,0.8317526178596291,0.06470699928117579,0.01628597021043029,0.02829869578988957,0.03307393713062598,0.023940755866887504,normal
6,tcp,telnet,S0,49030,86,0,1,0,3,4,0,3,0,0,3,0,0,2,0,0,0,275,382,0.9428287384498493,0.6055773334779161,0.8402698052522856,0.7277338314950289,0.1549082702136719,0.5069933867381553,0.06126430420180711,127,29,0.02043788257272633,0.9950987661128771,0.1882148174698051,0.03574626326362542,0.8429213395191497,0.6087110196040348,0.03546237190984408,0.027880727833983113,smurf
185,tcp,private,RSTO,9005,153,0,0,0,4,3,0,4,0,0,1,0,0,2,0,0,0,451,241,0.6405294034781192,0.7565763536330321,0.6027734350589855,0.6430590962272156,0.03417491109333976,0.8665973303375322,0.03081155012519088,239,36,0.054628748283945504,0.5250012707867007,0.11795206966244312,0.07200426155098359,0.6473696088673062,0.9162699593368108,0.0030551485090147715,0.021369687880615863,portsweep
294,icmp,eco_i,S0,49253,155,0,1,0,7,4,0,2,0,0,1,0,0,1,0,0,0,510,217,0.6093535853998387,0.836445098904532,0.6478489641245367,0.7249365601745782,0.05858511464247122,0.5105463521004411,0.006023576065947911,124,8,0.004783149088766925,0.9105426564935444,0.11222320468775662,0.037921955781010735,0.9809072336827578,0.6248788815601052,0.006510810731527339,0.0490265042649812,smurf
404,tcp,telnet,S0,36321,143,0,0,0,7,1,0,1,0,0,2,0,0,2,0,0,0,250,500,0.6989942431454383,0.6598721218665794,0.9037776321537828,0.7969935684051237,0.1734532898847267,0.681180201649467,0.008413751754970045,254,31,0.005164989954453869,0.5755334781589115,0.0823786383244953,0.06434129978790544,0.5709308239624749,0.738852824882518,0.008698559352211926,0.03550092308476685,smurf
4,icmp,finger,SF,813,4997,0,1,0,0,0,0,0,0,0,0,0,0,0,0,0,0,9,6,0.07961487586478277,0.053338800083494745,0.053784641116570144,0.05399188106009101,0.8779442995796896,0.1962790771803341,0.03734413185336578,85,164,0.8296883277976699,0.08568349232737818,0.7917933052964918,0.06413971332643023,0.006532480631572546,0.021788886362824653,0.027947842043611493,0.026512208905397346,normal
2,tcp,smtp,SF,774,2859,0,1,0,0,0,0,0,0,0,0,0,0,0,0,0,0,20,2,0.0001051972560388137,0.08907792864766961,0.0926587724178369,0.023903974215135616,0.8514140096094497,0.015906140496160882,0.05362785838816683,133,78,0.9422134071337266,0.06784338465313437,0.994824724696252,0.06283995628584181,0.038930761765460016,0.020262962713157914,0.0038059743356880227,0.012146255912257148,normal
0,tcp,finger,SF,1687,2098,0,0,0,1,0,1,0,0,0,0,0,0,0,0,0,0,10,6,0.02943229748348336,0.06959336024021688,0.06993123756941096,0.004748207777822933,0.8848608734565119,0.07683800198406154,0.012041153587937215,185,146,0.9892347180812723,0.15744099947925447,0.839641676405932,0.019651781839231955,0.03596462605592938,0.002227726995859053,0.012545263728468849,0.040210510426198866,normal
338,tcp,eco_i,S0,18094,18,0,1,0,2,3,0,4,0,0,1,0,0,1,0,0,0,312,381,0.9316035684752071,0.9146372066665104,0.8637927727076891,0.99889606454007,0.10489191461527249,0.6556315381775086,0.02805713034335766,155,20,0.02150838123358322,0.4015869528911997,0.07011342956580655,0.0339697005425612,0.5866029302157219,0.7768196734069155,0.00375350817533443,0.04911527246692268,satan
345,tcp,private,REJ,28083,288,0,0,0,2,4,0,1,0,0,3,0,0,2,0,0,0,468,499,0.8043340670533117,0.7678009375272852,0.9804282616564417,0.7412751661223403,0.22920271127541764,0.9227287589674922,0.0708979622931023,242,18,0.03353533592520149,0.9564039124010371,0.011287057705104164,0.06432920277572272,0.6494093023402426,0.8583667302749729,0.04659095010720215,0.04085493413378233,smurf
0,tcp,smtp,SF,662,3912,0,0,0,0,0,0,0,0,0,0,0,0,0,0,0,0,16,11,0.06382067385793626,0.04014183394434791,0.01058207527045233,0.04399975719985421,0.8616609613490154,0.15755118472412,0.005548088011589781,58,129,0.7527447479155853,0.15884879857186582,0.6327825381731398,0.037644485419096874,0.024134755230107514,0.008823193002084602,0.048649938158723,0.02544182082613182,normal
411,tcp,private,S0,48496,293,0,1,0,5,2,0,4,0,0,2,0,0,2,0,0,0,211,393,0.717114623725458,0.8940142236344419,0.9427118039359492,0.603835224163766,0.2914364121182839,0.7851171300645028,0.04563823418410149,209,1,0.12527762619870586,0.5848604031091693,0.210496558757518,0.02202186294839381,0.6004430600486366,0.705889094848468,0.04538782337824829,0.000929968354032984,smurf
2,tcp,finger,SF,1159,1959,0,0,0,0,0,1,0,0,0,0,0,0,0,0,0,0,12,8,0.014558269210223585,0.003733475284415833,0.002693576540878273,0.0977747867643296,0.9100971206556676,0.18149046336718122,0.026543906272492392,223,71,0.7690401964878427,0.0093065619154312,0.6943031700371374,0.03364568384998922,0.004443564296671043,0.0013505997834581285,0.035363242981062123,0.02125732677448602,normal
1,tcp,http,SF,1808,2740,0,1,0,0,0,1,0,0,0,0,0,0,0,0,0,0,8,4,0.007080047177365889,0.006435428171653957,0.06072077329881385,0.019814086343199422,0.8300047594219634,0.09859241378916211,0.009700721129468915,247,80,0.9658435261053353,0.10957614844805097,0.6077815421784587,0.06676754164228271,0.014762285201639802,0.011273989790001932,0.020088103629512678,0.02593840207342143,normal
2,tcp,smtp,SF,1087,1648,0,1,0,0,0,1,0,0,0,0,0,0,0,0,0,0,28,22,0.006353334829533642,0.08460504971784825,0.09091240710678165,0.06661311046544098,0.9102861854575107,0.14902748373507704,0.033553717707286004,187,246,0.7015891245104716,0.029663456342458552,0.922609837230677,0.015896905365841353,0.01830852842328299,0.03750459324440883,0.006229083244828921,0.027056958195239296,normal
291,icmp,private,REJ,35453,179,0,1,0,6,2,0,4,0,0,2,0,0,1,0,0,0,493,241,0.93112827414283,0.6572020457681357,0.6987273686318979,0.6604998079566052,0.15618630606549727,0.7961995574195841,0.012860026583166484,100,0,0.0362421330388746,0.7218793005054465,0.2950213483070687,0.02942401387730467,0.5075149705584521,0.8043940381007482,0.008734065141818742,0.006379100390338999,smurf
0,udp,smtp,SF,352,3787,0,0,0,0,0,1,0,0,0,0,0,0,0,0,0,0,3,25,0.08516418262967486,0.0994348566947032,0.09923831760939392,0.008587079799036135,0.8729667717446966,0.031420380547690675,0.06390388766305344,154,61,0.7789520813451533,0.10601301202703622,0.7794538166572886,0.0003719425067400639,0.0345247721456677,0.03111324920137969,0.04720220188749354,0.04039061181803574,normal
2,tcp,finger,SF,1102,3577,0,0,0,1,0,0,0,0,0,0,0,0,0,0,0,0,25,11,0.07624018397047165,0.05286908701020894,0.06318015463518166,0.055078775633073555,0.9376298662951236,0.06151802288438597,0.019158623496681695,88,188,0.8468207328103797,0.024249951291510197,0.5967933795041706,0.009659394009164124,0.02128797193778148,0.029123700899950464,0.01951999231128873,0.04637017469363465,normal
0,tcp,smtp,SF,1898,1082,0,1,0,0,0,0,0,0,0,0,0,0,0,0,0,0,28,25,0.01122862298002384,0.08766572448349612,0.05049722171586871,0.09615332425411374,0.8335348775440332,0.05777058406231468,0.0638445024390596,205,52,0.7854139174636998,0.17356019587327975,0.6679485658645978,0.04576902131100785,0.007835959561291073,0.0004360477111556016,0.0006394632011493207,0.008223321498935432,normal
103,icmp,telnet,RSTO,37964,288,0,1,0,5,2,0,4,0,0,1,0,0,2,0,0,0,209,177,0.9843128688088192,0.7597601818669744,0.6276974673509019,0.9521647476180954,0.057048159578598996,0.7885609825226699,0.0736422387335558,180,26,0.08655562470508209,0.6440774562459776,0.05441110121230345,0.08233717072578338,0.7852084612552985,0.8375398188311466,0.03286206142452749,0.0065650741980701035,satan
0,udp,http,SF,310,969,0,0,0,1,0,1,0,0,0,0,0,0,0,0,0,0,29,4,0.06577563235839703,0.08447300578810685,0.07092289860771987,0.05126190164674482,0.9615182878323685,0.09607400312882314,0.036039124513219646,189,197,0.7121194656566862,0.0833431824059091,0.5728816001199177,0.042283363057471594,0.028655008629335676,0.03718954895732192,0.04026847648411801,0.006406895650431794,normal
4,tcp,http,SF,1352,1915,0,1,0,1,0,1,0,0,0,0,0,0,0,0,0,0,9,19,0.09301819287447706,0.044503529583153206,0.06281929259282364,0.03729391380882292,0.9131873790447418,0.029164034684282882,0.09151304492310663,215,197,0.7876379173564434,0.15296936247916412,0.7264734919382306,0.014118387678373236,0.002590372202156277,0.020613405974464184,0.005038235358461052,0.020839469673052776,normal
264,tcp,telnet,S0,25871,98,0,1,0,7,1,0,2,0,0,2,0,0,0,0,0,0,371,503,0.9384792190103878,0.7089695453533003,0.8169115628928594,0.6574162898483339,0.09331114114507345,0.5414342473569589,0.042016949087062785,187,6,0.006812243805141271,0.6136086610620436,0.1543219029627141,0.0016953001695599991,0.975335221201155,0.7829127316337419,0.008042373517563539,0.02018823161634652,guess_passwd
201,tcp,eco_i,S0,36327,255,0,1,0,7,1,0,3,0,0,3,0,0,0,0,0,0,398,318,0.7203004044600074,0.7824171176649705,0.9490389508523248,0.9602123329762186,0.22071378281362658,0.8219267492523877,0.08349177603407858,243,38,0.005703266401268436,0.6556267499889039,0.20745020264434383,0.0949796971206946,0.5747654228003484,0.9039756942624997,0.011370663245663028,0.004601487379371417,smurf
353,icmp,private,RSTO,19973,288,0,1,0,6,4,0,1,0,0,3,0,0,0,0,0,0,281,458,0.8902256832843762,0.8224833770624984,0.8174673808004121,0.7102509049686312,0.20477821710116623,0.9156257412665082,0.08107449990456653,115,22,0.024988830932490578,0.6281991646711713,0.03928098639917005,0.03300026289377846,0.5021429473336916,0.9320537625708463,0.047693658835857314,0.007443283516026977,smurf
4,tcp,smtp,SF,1087,3953,0,1,0,1,0,0,0,0,0,0,0,0,0,0,0,0,16,18,0.0863824950263755,0.0012846248555894225,0.0489887791993232,0.007565946262506729,0.8126735960101458,0.1327914490214885,0.0533782319328899,123,84,0.8535489402635565,0.07306464116609797,0.5325016245074423,0.09591314171847817,0.043163177181876455,0.008695303775931246,0.025848143529792283,0.03520058496572546,normal
4,icmp,finger,SF,1341,633,0,1,0,1,0,0,0,0,0,0,0,0,0,0,0,0,17,6,0.012028571515609333,0.05643533069491241,0.007854496383245724,0.047712722791524935,0.9406111134101058,0.04249912104440401,0.010308859660975512,86,246,0.8256428548631914,0.14801826499969736,0.7528256398595375,0.08906950133598884,0.041583597712994136,0.003463260435834037,0.03255425918432362,0.02068249695090508,normal
3,tcp,http,SF,1692,3888,0,1,0,0,0,0,0,0,0,0,0,0,0,0,0,0,18,12,0.004973876552106848,0.005866713233254106,0.06428883242899669,0.051248036226702744,0.9929083133386878,0.16890829993193948,0.05310054319116086,234,177,0.7409998914244971,0.010800975675297942,0.5641200084423952,0.08504085480534351,0.03103379959847142,0.04468261310785623,0.014509555662218772,0.03059344595856854,normal
347,tcp,eco_i,REJ,23537,3,0,0,0,6,2,0,2,0,0,1,0,0,1,0,0,0,429,391,0.9104176627323413,0.8389804273859311,0.7254642829470069,0.9960973389627803,0.12061953806049186,0.6287823673029016,0.05132809115940699,200,16,0.190709057152575,0.4880586646511535,0.298418452761873,0.021699236993688777,0.984217620165182,0.6856237669609937,0.02094309806845468,0.020124913102150956,smurf
183,icmp,private,REJ,29245,29,0,1,0,4,3,0,3,0,0,3,0,0,2,0,0,0,397,210,0.9683019241801325,0.7133234478360428,0.6108844806798276,0.8345328907805281,0.11768284276616672,0.8535555526107407,0.018896854974193158,134,0,0.2703009926396865,0.7555839410555214,0.19569804840222677,0.011765558272989552,0.8036825653973174,0.573684346425426,0.035033094984862116,0.0016227826078528242,satan
420,tcp,eco_i,REJ,16991,187,0,1,0,5,3,0,1,0,0,1,0,0,2,0,0,0,354,208,0.7208770768357257,0.6220257887209537,0.8929036599005881,0.6398410903045487,0.1463588663660014,0.5866090066987097,0.07726170718795716,230,39,0.03166943588220543,0.4093030056922776,0.06388667123137672,0.09973372148340608,0.54860660821336,0.762450371334531,0.01756640940526764,0.021908775987250318,portsweep
399,icmp,eco_i,S0,15225,128,0,0,0,2,4,0,3,0,0,3,0,0,2,0,0,0,254,232,0.9046089168954239,0.8020428483711076,0.879160220715723,0.8020461442261974,0.28582422547592906,0.6501197944384932,0.048946192923979774,198,17,0.14332895149688207,0.7314186018361162,0.22801451572834128,0.07581828878052922,0.6649633856453228,0.8548285691495754,0.0037818330785399645,0.024095040720234787,satan
393,tcp,private,RSTO,39301,146,0,0,0,7,3,0,4,0,0,1,0,0,2,0,0,0,433,430,0.8160162148302041,0.6918803147010658,0.9891366197942145,0.9959083939145206,0.15072317487442177,0.8976907666561371,0.05854805522271637,58,26,0.2975262688814921,0.4297727958941673,0.2800258241397238,0.04660821913890082,0.532971832425037,0.8378873359743537,0.03054590413538786,0.033296578146767446,portsweep
0,tcp,smtp,SF,1479,1088,0,1,0,1,0,1,0,0,0,0,0,0,0,0,0,0,5,21,0.05914876740795956,0.024532836622405674,0.052829248960435685,0.056543569882734505,0.9720340312698335,0.08597661804431114,0.03188739434229689,50,53,0.7917711666739349,0.15266369211910896,0.6998607238769039,0.04203294965099348,0.04619686223859294,0.008484830193138915,0.03571163621750336,0.04256329387311628,normal
170,tcp,telnet,S0,14158,267,0,0,0,3,3,0,2,0,0,1,0,0,1,0,0,0,427,490,0.8102290126492895,0.9428860095282702,0.8455920696198865,0.9484629773704836,0.22979739708807062,0.7485733209378704,0.08081291468381169,108,19,0.1436723711738165,0.7915884023903057,0.1410068932933191,0.09746576668697711,0.9417194586614257,0.5411167211294728,0.010030757524471646,0.04651466165947967,neptune
103,icmp,telnet,RSTO,40385,293,0,0,0,2,3,0,2,0,0,1,0,0,2,0,0,0,274,245,0.6546463697518924,0.873570835933825,0.907515698294505,0.9460653880903189,0.1978365394118687,0.6597486963453192,0.09409128484192486,56,38,0.0840520668928006,0.444297864627526,0.01702622507589292,0.0989526979964447,0.8685494232341552,0.9673303138823094,0.028140707453667913,0.01938775805063746,smurf
3,udp,finger,SF,766,1097,0,1,0,1,0,1,0,0,0,0,0,0,0,0,0,0,1,16,0.006873830197841147,0.0702055062428583,0.06518550471620385,0.06942170596879914,0.9453175812434335,0.1541693169176067,0.03123698046995881,97,179,0.7717613256251714,0.04696620327899013,0.8143556661551934,0.09100939461069878,0.007203179184612468,0.014907120232567806,0.040109297553799335,0.03218580849480404,normal
76,icmp,private,REJ,15048,62,0,1,0,6,2,0,1,0,0,1,0,0,0,0,0,0,382,161,0.962706211043371,0.7620000855018009,0.7434060629551316,0.6971708773635794,0.062160394079694654,0.8543562465337131,0.029382056836780614,227,7,0.18270778211944264,0.41503503439291123,0.08825318517399017,0.0499092611881518,0.6552962100586972,0.7311480825891203,0.009677684268527137,0.010904599275135419,satan
2,tcp,finger,SF,853,1484,0,0,0,1,0,0,0,0,0,0,0,0,0,0,0,0,4,6,0.03318126252577047,0.02929027379123671,0.08447677434623754,0.00965236193056448,0.8785718303713962,0.14947341405326028,0.08707624054063096,222,154,0.9363722189623019,0.08831264560929608,0.9458222663197955,0.053663947369691316,0.0388774620691896,0.023345391285091194,0.016656275814196625,0.00689282393679122,normal
4,tcp,http,SF,1635,2316,0,0,0,0,0,0,0,0,0,0,0,0,0,0,0,0,13,19,0.03534069764530914,0.06985471139217118,0.05945687051169751,0.05117021723736607,0.8187060302615857,0.060623270679339994,0.089128722175646,136,87,0.982619033594145,0.12250563215130453,0.8169603320423675,0.07111586837665083,0.01043021076465765,0.03339203636082031,0.04494334593367251,0.02641649958343405,normal
206,tcp,private,S0,9917,188,0,1,0,4,2,0,2,0,0,1,0,0,0,0,0,0,317,329,0.8926305515746993,0.9692699163339211,0.9174357746247188,0.7925396440380031,0.20627569781004604,0.5147489813839414,0.06992125382825293,77,30,0.27510369875728774,0.9925842102388848,0.18667405788514513,0.04344542985291705,0.9847191611321799,0.7976577349751168,0.01157773691192713,0.032374164146988245,portsweep
3,tcp,http,SF,1252,2252,0,0,0,0,0,0,0,0,0,0,0,0,0,0,0,0,19,5,0.024369675423272688,0.06860475046475482,0.026660570704917765,0.06014356759793872,0.9420304875771985,0.14313486186276736,0.015725745893702216,80,188,0.9067584465472509,0.07027124919102821,0.5395747427676145,0.03898585382052917,0.024186197241929393,0.009250392807960394,0.002708339589007075,7.552782143085968e-05,normal
10,icmp,telnet,RSTO,46461,79,0,0,0,5,4,0,2,0,0,2,0,0,0,0,0,0,480,456,0.606768797695471,0.9034924402608426,0.9515877573936484,0.9230524273790129,0.16395214512483072,0.8999320220593608,0.04208529892748439,161,28,0.0015368081444260494,0.9473783361913982,0.25080246445578863,0.04851952799097123,0.542267124425748,0.6146106318638777,0.01082541764534515,0.03816603196232563,portsweep
68,tcp,private,REJ,14651,210,0,0,0,6,2,0,4,0,0,2,0,0,2,0,0,0,328,482,0.9779874701693925,0.8116389413599702,0.8189637512291619,0.8762796988559156,0.19289411790086453,0.620565939084283,0.09692364210291765,144,23,0.05181876493102616,0.418824714720041,0.21312967692548082,0.019026663827837055,0.7896679098220747,0.718967261045576,0.021381898435188246,0.04528099329422954,smurf
4,tcp,smtp,SF,726,1185,0,0,0,0,0,1,0,0,0,0,0,0,0,0,0,0,7,11,0.05744621935391578,0.04983238241220905,0.09670721994969583,0.05282406269206588,0.8181869642153957,0.19247597672718383,0.09943436299397625,189,64,0.9881136182671065,0.15028356994777003,0.564553815917477,0.030558110709871147,0.045571164123591204,0.018538214230963145,0.008891224186602825,0.00394140376536164,normal
254,tcp,eco_i,RSTO,18486,41,0,0,0,5,4,0,2,0,0,3,0,0,1,0,0,0,327,254,0.9241355722869317,0.61272926470559,0.7568265407423365,0.9754781705598021,0.08785985839433146,0.7029848355689197,0.0013314147269006815,101,3,0.12142763385458777,0.6130355250546999,0.29440283629259983,0.0717868674109023,0.7760643946695163,0.5192032009371581,0.027010511392032355,0.015474795733321473,guess_passwd
152,icmp,telnet,REJ,29332,232,0,1,0,5,4,0,3,0,0,3,0,0,0,0,0,0,462,413,0.7826165724277032,0.8570945091879834,0.9492105908138196,0.7574515272702725,0.10850308349046626,0.7549458253099037,0.06981022852307595,236,30,0.08675482246823728,0.9821200021033785,0.021057134466741633,0.033806098751251935,0.6051559172528411,0.6080688585571425,0.027074912438395656,0.0013812486095364507,smurf
497,tcp,eco_i,REJ,17580,38,0,1,0,5,2,0,2,0,0,1,0,0,0,0,0,0,352,269,0.7201919371468118,0.7935917044457869,0.9276200599759041,0.9905730073693351,0.12692747771296867,0.6987586967082459,0.09384172017113024,224,4,0.25808162926796563,0.6989238167670722,0.2098684815473996,0.0393838066379085,0.8891799666768271,0.7094244671337432,0.04674637785535896,0.008907887045497715,guess_passwd
484,icmp,private,RSTO,6316,137,0,1,0,5,2,0,4,0,0,2,0,0,0,0,0,0,396,156,0.6163431614040386,0.8164673820082827,0.6803592005124588,0.9746117263639951,0.0737072493500422,0.6146504875320047,0.033905951301659874,102,16,0.28795332851246774,0.5400781146189464,0.22933133926134908,0.04668874550759346,0.6043863540184905,0.624818655468125,0.009816271413063694,0.020780940854045162,guess_passwd
4,udp,http,SF,474,1779,0,0,0,1,0,1,0,0,0,0,0,0,0,0,0,0,15,17,0.07334907975299368,0.059458621930281313,0.07156292357759178,0.08355681745738774,0.9344046226425504,0.052788722560285044,0.07407112007162109,197,88,0.8765203382709019,0.16327798309428332,0.7223819687163138,0.02991547828812674,0.01834982262973958,0.011130799771475292,0.039965408975447946,0.03272110712289021,normal
404,tcp,telnet,S0,8637,134,0,1,0,5,3,0,1,0,0,2,0,0,0,0,0,0,326,329,0.9206088308470547,0.7236406185581452,0.7450572910063182,0.6283873811581238,0.08773824727592468,0.7209396014449649,0.04936343384572878,107,16,0.23658322922090289,0.6630368841309573,0.2410878952048406,0.03607432475177496,0.8187310585071876,0.6511910226260609,0.024614197951853874,0.03638289013021063,satan
243,tcp,eco_i,S0,30253,118,0,0,0,4,2,0,4,0,0,2,0,0,2,0,0,0,239,184,0.7904925365715207,0.7721976097503701,0.856978614240387,0.7931310451499753,0.13827964479691104,0.8485445406393647,0.0850001813041523,67,17,0.09120681636435131,0.8468805245901967,0.2375862487908921,0.05072937105556317,0.7908460618092694,0.9296488221070281,0.004321411752369847,0.028937036441198438,neptune
0,icmp,finger,SF,391,3889,0,0,0,0,0,0,0,0,0,0,0,0,0,0,0,0,9,2,0.01029313237952636,0.09954090615445003,0.012930925215377032,0.046085687629310236,0.9841762372808327,0.011307380434415726,0.03712405299414347,228,141,0.8442716942705801,0.06426799497794154,0.9865646559984271,0.012658941325221508,0.047693482695992585,0.042066006290439745,0.0375897629878384,0.04738739921232264,normal
1,tcp,finger,SF,131,4652,0,0,0,1,0,1,0,0,0,0,0,0,0,0,0,0,26,17,0.08187018277030145,0.019483850451152276,0.05485519826196869,0.04083541954193301,0.8642986006107708,0.10403561186687099,0.07863645955428084,182,101,0.780337515863515,0.017126790507343847,0.8039023335115063,0.01106904787340597,0.006275704353097028,0.016307948352709396,0.012548235408158848,0.029148598082271368,normal
127,tcp,eco_i,S0,24042,81,0,0,0,6,2,0,1,0,0,1,0,0,0,0,0,0,212,503,0.6000758614072977,0.8585912356575243,0.9440405320977385,0.6158565860965478,0.20761648085616025,0.756861670330165,0.0339996718046589,80,10,0.018860815336763426,0.7155374636777733,0.04542218463934076,0.015953633095638877,0.8579964649923544,0.8895496976793349,0.010443526033206259,0.02704674030329779,neptune
261,tcp,eco_i,REJ,11378,48,0,1,0,5,3,0,3,0,0,1,0,0,0,0,0,0,264,355,0.9431825505066502,0.8698241613771682,0.8939383455487808,0.8819709712915409,0.07417269720757624,0.5583524900872477,0.04556839516721914,75,22,0.18131351645778723,0.8795643112164822,0.17486896292406348,0.0037088138137460038,0.6763425943539623,0.9567372054521893,0.009432553586442927,0.044748734704028674,satan
3,tcp,smtp,SF,658,769,0,0,0,1,0,1,0,0,0,0,0,0,0,0,0,0,18,22,0.06828946559486451,0.05097491733185801,0.056121752278278814,0.08566151423839512,0.8566038643547699,0.009809837414890277,0.0642415413787249,176,227,0.7161755366662703,0.013271776149220971,0.5170369606700089,0.08481425305593975,0.02014196220716083,0.027101477089220512,0.026819855841979896,0.04044044896351451,normal
4,tcp,finger,SF,1845,2912,0,0,0,0,0,1,0,0,0,0,0,0,0,0,0,0,15,23,0.016082636230788604,0.008328922038460107,0.09737577677686472,0.07906494627008574,0.9169175982336845,0.04146925690100141,0.0710769740854033,97,75,0.824509519196541,0.13572211675366633,0.5783818557727272,0.06393319310674046,0.001702382690760329,0.0380165442403442,0.03016856398890267,0.04050067516636219,normal
0,tcp,smtp,SF,1362,3620,0,1,0,1,0,1,0,0,0,0,0,0,0,0,0,0,8,14,0.047930468271778576,0.045547637844173774,0.0016826137012448394,0.05015409120998952,0.8789314379225794,0.17473174639637826,0.09566794413234835,167,229,0.8387524549319554,0.10361313907993863,0.9557399523038437,0.08291930316293042,0.03694413078600116,0.017377748913500746,0.0025567280872932255,0.042071973583229054,normal
4,tcp,smtp,SF,549,838,0,0,0,1,0,1,0,0,0,0,0,0,0,0,0,0,2,24,0.007296134116013576,0.06680559856867489,0.060597725854809006,0.01135081213085536,0.9274799518679872,0.0004878560810534838,0.0789750537066651,204,110,0.943577458017291,0.15318295882063496,0.6725811095578508,0.05837899134421298,0.0024488396140702196,0.04384195964640242,0.015404702450286157,0.04428729831950869,normal
468,tcp,eco_i,S0,33482,206,0,0,0,3,3,0,2,0,0,3,0,0,1,0,0,0,344,393,0.9804123470520489,0.8870372401940594,0.6320917174779589,0.9723798679431569,0.1325526057723323,0.6133047941013433,0.08593891841248674,114,24,0.2157007164110784,0.6278012182916948,0.25825674327003845,0.005613974816326417,0.8002745266931194,0.7946474480653724,0.037743939978752306,0.03451822259271497,smurf
317,icmp,telnet,REJ,10612,119,0,0,0,5,3,0,3,0,0,3,0,0,1,0,0,0,454,283,0.8494854945491368,0.6035629015293265,0.977469766738435,0.9055123259064538,0.14269155023304989,0.9793126509140615,0.056086482214902623,156,2,0.15878122318991264,0.6754837985005667,0.2715210079867113,0.023379010650932366,0.7810559328600357,0.7972125823292303,0.010467358581930026,0.04318086122642534,guess_passwd
2,udp,smtp,SF,373,3261,0,0,0,1,0,0,0,0,0,0,0,0,0,0,0,0,14,28,0.05686598178483224,0.042742394988079406,0.07456857921016515,0.026073599775671464,0.8280316868555907,0.08414645671937618,0.06969705290502416,249,105,0.9329072022303497,0.01857968401836343,0.6782558492207136,0.08071996488047292,0.03654847055821111,0.030968358149372294,0.015630604400463044,0.025372108397416077,normal
78,tcp,private,S0,10886,283,0,1,0,7,4,0,4,0,0,2,0,0,0,0,0,0,338,327,0.6477413234208602,0.990082178497494,0.6294873871429012,0.9194289390468622,0.2723727437320731,0.8101194053085408,0.09293078173401695,84,39,0.01412014260809591,0.7157861133385699,0.1674797672259845,0.09077506423605726,0.634144576328583,0.5661876975576773,0.015045754141801032,0.016514456809728403,satan
1,udp,finger,SF,1100,2334,0,0,0,1,0,0,0,0,0,0,0,0,0,0,0,0,11,7,0.08118761105873928,0.013607231183344127,0.04940746279756734,0.04237894304290133,0.861558401523113,0.05850926680104201,0.022933921958427972,254,253,0.7821457554626954,0.027269790474759525,0.7229437785059645,0.0688328864418925,0.03224953594504976,0.016394997181931943,0.032253061490687324,0.03979530740386842,normal
0,udp,finger,SF,1844,2542,0,0,0,0,0,1,0,0,0,0,0,0,0,0,0,0,27,13,0.045917703660615206,0.00455806536675446,0.01223951354761792,0.06031790299115898,0.9186216617795671,0.1939498453483185,0.027978681167725197,158,137,0.7535170928961026,0.19843990823452948,0.8350288320148426,0.053460642096145844,0.03637480766581904,0.01616412925127237,0.04138542675914992,0.02381010972834499,normal
4,tcp,smtp,SF,1114,1914,0,0,0,1,0,1,0,0,0,0,0,0,0,0,0,0,2,14,0.06749271008105595,0.08161156015412827,0.08181495084153356,0.015407192910402701,0.9849185106637298,0.15300359978639497,0.005803974570572235,173,82,0.8776492987277429,0.04918291919918621,0.6456734774632631,0.0834943337140865,0.04473261524059082,0.008915998248695772,0.03938365639207754,0.04138573958047433,normal
332,tcp,private,REJ,7897,256,0,0,0,4,3,0,2,0,0,3,0,0,0,0,0,0,423,171,0.6092424727273437,0.8620869792182144,0.8292980785013955,0.8706642160525839,0.10446669606388066,0.5835394034135037,0.02443094740718087,248,13,0.26325633721579755,0.6963759605787592,0.16724456290734704,0.07129820288422993,0.5893643582557296,0.7716785730236384,0.02684117496164495,0.022388936589130434,guess_passwd
495,icmp,eco_i,S0,11127,213,0,0,0,7,1,0,4,0,0,2,0,0,2,0,0,0,216,239,0.9830414915891771,0.7762049910783833,0.7231076444206288,0.8518621531424053,0.09641304148871872,0.9660435351429468,0.028116424212612536,165,26,0.2260951185518992,0.9119187515993249,0.08006537530422497,0.09272616263986072,0.5172316637289057,0.8401364815645749,0.02106771341600033,0.010897365897089152,guess_passwd
3,icmp,http,SF,333,3149,0,1,0,0,0,0,0,0,0,0,0,0,0,0,0,0,23,24,0.06950383878099183,0.07114058474795724,0.01283781640565157,0.02327314791009374,0.8438691271637954,0.07847659316586297,0.08177579940148323,207,121,0.9549766660499132,0.1419666887904387,0.7928164420010004,0.020837710666824705,0.04499475235946011,0.02788124976905953,0.0107569135882429,0.010768823310781129,normal
0,tcp,finger,SF,1410,4873,0,0,0,0,0,0,0,0,0,0,0,0,0,0,0,0,21,23,0.022965233623958105,0.051937611719137744,0.00355299180290225,0.06870545832536334,0.9430465659909543,0.09548501705169238,0.06744714352051627,51,190,0.965945897398388,0.09788205224756114,0.9239514215670586,0.0434970861719907,0.04964683358559056,0.024161762893086705,0.02767433809822586,0.007959349567573937,normal
3,tcp,http,SF,1937,2325,0,0,0,0,0,0,0,0,0,0,0,0,0,0,0,0,20,11,0.050003621493763965,0.00420306414319922,0.02629140721288442,0.07896515154818493,0.8838806698595275,0.030592327834165545,0.0024357473784007324,85,177,0.9789698949942102,0.07958428128096005,0.8332732406647181,0.04314636178931456,0.024053293427552188,0.03447608524477027,0.04608270671145144,0.017573143269081833,normal
361,icmp,telnet,RSTO,27447,281,0,0,0,5,3,0,3,0,0,2,0,0,2,0,0,0,409,440,0.8724636803726252,0.8817956798670448,0.8878758453040305,0.9255958960648414,0.20475512517000846,0.8586930158597175,0.00924932883088283,82,34,0.17836293877689216,0.41920984265668537,0.273447304215923,0.03291038432816747,0.729806308571602,0.8883308190612019,0.03956400143023611,0.010850917627590113,neptune
85,tcp,telnet,S0,7361,52,0,0,0,2,2,0,3,0,0,3,0,0,0,0,0,0,454,215,0.8962446815370932,0.8536389764732806,0.6832671130031975,0.8378560721471153,0.18097048632739743,0.9859565766223322,0.0658796976173205,85,26,0.07495663744510635,0.783939541535551,0.17721508140431386,0.0636310447160947,0.7994672523861392,0.5240452891928236,0.019831328047887665,0.010089197663546313,guess_passwd
68,tcp,eco_i,S0,48728,132,0,1,0,3,2,0,2,0,0,2,0,0,2,0,0,0,313,364,0.6885177109614077,0.6360376086792675,0.978699315956143,0.7650604405924154,0.12602787056971457,0.7655874255371842,0.0470353893857459,196,38,0.11247698406178673,0.7923289893689605,0.25409735150811946,0.0007960681262152436,0.5904324003267217,0.6653266695011135,0.01914364751827659,0.039333630982222846,smurf
1,tcp,finger,SF,1269,2732,0,0,0,0,0,1,0,0,0,0,0,0,0,0,0,0,27,27,0.07262286969850658,0.09318239817729505,0.07521069327383606,0.0022405465182281483,0.8722843585117291,0.13310412918927136,0.08073889890261388,211,104,0.7865548311114784,0.029648435390718597,0.8511161445808251,0.03389059287804632,0.04776672711283589,0.011270224342172947,0.018737730661762955,0.002173404909062254,normal
3,tcp,smtp,SF,1833,2390,0,1,0,1,0,1,0,0,0,0,0,0,0,0,0,0,23,1,0.09324720513360747,0.04255439680497215,0.033384985117017284,0.04679929663772945,0.8685362036874207,0.18052162189976068,0.009571232765433724,215,80,0.7231667267256003,0.19012470302103618,0.9744821997267723,0.05504761269087858,0.010750887193595543,0.0027778084607827103,0.031044845069528416,0.025838571588480932,normal
3,tcp,http,SF,598,3034,0,0,0,0,0,1,0,0,0,0,0,0,0,0,0,0,25,18,0.03126110677842414,0.06400726695930785,0.01279420475317411,0.0507687779735764,0.8414051201353119,0.05908143166483089,0.029173795981264683,107,110,0.7312272249877633,0.13477891671693384,0.7370688799706919,0.05436534089942116,0.03828506453409803,0.030193013437611715,0.010425146400802277,0.03628161451500048,normal
408,tcp,telnet,S0,16973,154,0,1,0,7,4,0,3,0,0,1,0,0,2,0,0,0,481,167,0.6115855069172327,0.813827573626611,0.6591180729852171,0.8112035201995734,0.08297494153573519,0.9850699958862501,0.015487665643843141,194,22,0.23983548148418327,0.8015183324463158,0.0559460320922447,0.044404823945954144,0.8664708039186529,0.6458869345570794,0.020444078923398046,0.0485713003921274,satan
43,tcp,private,S0,7327,255,0,0,0,7,1,0,2,0,0,3,0,0,0,0,0,0,435,436,0.6659270689699842,0.9443194555733272,0.6548082937562595,0.7924721764039309,0.22120620181951064,0.9966242686517325,0.06911861289824858,131,20,0.1621935924842869,0.9825452557455644,0.12142012053772232,0.001066281316812523,0.8980664029896845,0.6950238988558013,0.011991145286734783,0.04814913190641536,guess_passwd
3,udp,finger,SF,584,2669,0,1,0,1,0,1,0,0,0,0,0,0,0,0,0,0,23,23,0.04269318597663363,0.06605677932075106,0.06968700495247986,0.08507339014963049,0.9290563055522155,0.19676436822577498,0.020491980111092323,53,92,0.9543146662286028,0.12621977613338115,0.8711796702908023,0.0722212303045284,0.04387889573266682,0.030019280814170737,0.04777809452344264,0.03112037799612928,normal
2,tcp,finger,SF,1846,4436,0,0,0,1,0,1,0,0,0,0,0,0,0,0,0,0,9,17,0.019696645595947707,0.04699899323335527,0.01495047524116251,0.056242961803380065,0.8004517157200016,0.07970902462666984,0.01758925666721839,50,241,0.992505608758311,0.1870749873185724,0.7546570888350471,0.019837510182229214,0.03981392786038321,0.01022778513928781,0.008147252126313065,0.04751647840684159,normal
497,icmp,private,REJ,29526,51,0,1,0,7,1,0,4,0,0,1,0,0,1,0,0,0,324,393,0.8785487795774032,0.626876438072309,0.9669379321496269,0.6897204787802427,0.2979654422863361,0.5773013051512534,0.07549370520245037,215,30,0.15151821125987808,0.5571571862634428,0.29135579010419327,0.035150352565328905,0.8770198213488152,0.7032823164092439,0.025218914275420636,0.04372429277347584,smurf
82,tcp,private,S0,30492,212,0,1,0,7,4,0,1,0,0,2,0,0,2,0,0,0,502,271,0.8631357482284281,0.7176311951731429,0.8200256437063653,0.7569823497744947,0.21378330505922152,0.8800315195526947,0.09567589050915395,248,36,0.10995854278961859,0.7901578344855087,0.2364987005333172,0.07248350161301866,0.7566067501818066,0.8970113619711741,0.03893029813824083,0.03557647329009297,smurf
3,tcp,http,SF,652,756,0,0,0,0,0,1,0,0,0,0,0,0,0,0,0,0,24,3,0.08618250994417431,0.07853375514877495,0.03940461965001554,0.013008309093289717,0.986310932004129,0.19530450022666013,0.05409436208543886,64,87,0.8297708549712591,0.011635513434598545,0.6963319176408171,0.07234935532136345,0.02645053542818189,0.006883134290386533,0.03332790462943479,0.018515145699208375,normal
102,tcp,private,S0,39349,285,0,1,0,3,2,0,4,0,0,3,0,0,2,0,0,0,325,224,0.9042234320703821,0.8398111381621529,0.6115224840597024,0.9641710615366453,0.08897544198379238,0.6772181406064572,0.05603023355897843,249,20,0.16266452987180113,0.919645782055658,0.06552476474859749,0.06537053822676026,0.8352131407857604,0.7468261359993441,0.039977179253272016,0.027716135967005857,guess_passwd
0,icmp,http,SF,1287,3813,0,1,0,0,0,0,0,0,0,0,0,0,0,0,0,0,27,4,0.01997234970210329,0.09940904697671162,0.06553549181151462,0.033363503712633504,0.8211415258040204,0.09248678252635059,0.05169278655939907,232,87,0.9588233422042434,0.06367664352706584,0.7997416311401209,0.05722368294620122,0.026614506950108183,0.04230282794296454,0.024522376679375037,0.014620408010005815,normal
1,tcp,http,SF,892,2926,0,0,0,1,0,1,0,0,0,0,0,0,0,0,0,0,7,14,0.02573046544550305,0.03470309593035903,0.023410342282489494,0.023992813274650637,0.804395335788204,0.059025202096920415,0.00648076989104266,232,253,0.9206427319594829,0.1709859026947833,0.7680310539511326,0.041352941285256996,0.02693803671946439,0.03792140252399962,0.04551813703024351,0.03833258424770351,normal
0,tcp,http,SF,1154,3893,0,0,0,1,0,0,0,0,0,0,0,0,0,0,0,0,7,14,0.017439171782304853,0.05614935332701865,0.06830522170387242,0.07487511977445599,0.8151020760272514,0.08806022962935772,0.040207765439367965,88,97,0.8741411418347307,0.03815117822424268,0.6539040899360895,0.045174889765284935,0.01136586263274339,0.005251618835871658,0.008441093613377844,0.035571450109433266,normal
472,tcp,private,REJ,5964,214,0,1,0,2,1,0,2,0,0,2,0,0,2,0,0,0,229,151,0.7451114799876595,0.710101900100933,0.6784554717223366,0.7529800161641419,0.22202086606914698,0.7244707070685141,0.004063201151315821,211,11,0.26280482366906877,0.9256514410230502,0.27332136970590354,0.044306448322335504,0.9141096165310723,0.708172691344878,0.028671319322326996,0.03527844785534342,guess_passwd
386,tcp,eco_i,S0,5568,129,0,1,0,2,3,0,4,0,0,3,0,0,2,0,0,0,502,156,0.7909565711919972,0.9343055834282701,0.9197464839981917,0.9710268677634686,0.2812114059652619,0.5543334261916296,0.01955947599588026,248,4,0.28053000063250866,0.543693896758962,0.03965129007909818,0.010525122873599524,0.5621544218255748,0.8060501634799453,0.007504126709691351,0.0300623030436046,portsweep
4,tcp,http,SF,1243,1159,0,0,0,1,0,1,0,0,0,0,0,0,0,0,0,0,22,20,0.02900478447735935,0.07960163920915951,0.09623452017507123,0.07353318566822382,0.9008609758935547,0.07846169814150093,0.04712823502935495,240,67,0.9087461134969067,0.15281522126920688,0.8893498020693463,0.06363170790932884,0.027703125972716115,0.009419920862197824,0.031700324008921116,0.0286122158972981,normal
4,tcp,private,S0,45765,257,0,1,0,4,1,0,3,0,0,3,0,0,2,0,0,0,439,284,0.8386102457933262,0.9892686782706384,0.7441957167673301,0.8017066116188871,0.006847400703875772,0.8677902538030422,0.01897225385246966,218,35,0.100226347300681,0.6913993653816182,0.29522338636610473,0.0008738236922341103,0.9983625354274916,0.8170790999824422,0.02446856673711373,0.043254137443073395,portsweep
201,tcp,private,REJ,5204,249,0,0,0,3,2,0,2,0,0,2,0,0,1,0,0,0,305,318,0.9766873646812881,0.7822453098923973,0.6038188708136217,0.9608197324584301,0.19990031856235688,0.8295413256091928,0.027543609290192117,170,5,0.24537584354233277,0.6508211570748096,0.2457406130362076,0.0791135443659693,0.9131338764155132,0.6410743394238609,0.03502870081321784,0.03969951451226614,smurf
133,tcp,eco_i,RSTO,6801,165,0,1,0,3,3,0,2,0,0,1,0,0,2,0,0,0,496,298,0.7098931953735581,0.7636860801441092,0.7267812085317276,0.7816129218960255,0.22284873570662478,0.9707143264890682,0.063570433551897,109,24,0.2658838437666483,0.9086128928064682,0.23622154934416661,0.05399861953611765,0.9447604802647875,0.9297976654509239,0.03414879340653917,0.047816286706958214,satan
0,udp,finger,SF,1584,1171,0,1,0,1,0,0,0,0,0,0,0,0,0,0,0,0,2,10,0.053739862556934075,0.04599487369365249,0.07153101740349448,0.011138510685706648,0.8220830916565044,0.05872162078831394,0.06317430362149194,54,201,0.9070465568054091,0.10736995267520828,0.631206136454802,0.024326434580773416,0.03108169951275392,0.007519091624407348,0.012336839601490918,0.03927531998831625,normal
4,tcp,smtp,SF,1397,1735,0,1,0,1,0,0,0,0,0,0,0,0,0,0,0,0,21,16,0.021639956328126556,0.05348019131804019,0.06778722935645294,0.004893369552584315,0.8818280663538748,0.05636078246842711,0.017528537952432578,165,104,0.879106009854145,0.01662960633958661,0.8251634707605178,0.08928613849209312,0.04526509614823116,0.008759153667105784,0.032092171802123204,0.005566619420542746,normal
332,tcp,private,REJ,31125,46,0,1,0,5,1,0,2,0,0,1,0,0,0,0,0,0,355,495,0.7642818464612673,0.8967627315068569,0.7924259904568952,0.9504891883818619,0.03418107296333848,0.9412338208263129,0.09954373098679023,97,38,0.21256118126025994,0.5493860040440707,0.2791064514123546,0.035160588041673435,0.6980607293462731,0.9183841922079861,0.03117132002832945,0.04050676995515354,portsweep
2,tcp,smtp,SF,1566,3021,0,1,0,0,0,1,0,0,0,0,0,0,0,0,0,0,16,14,0.03875005355387683,0.005897577038996116,0.02913901731959504,0.08512590261744171,0.9941033327504214,0.08222786403519505,0.03355576973748593,52,60,0.8006143815488945,0.06402950892949939,0.8899989043480621,0.056253507945801785,0.039031369881256245,0.035625474960060875,0.017665943832015824,0.019540230053478463,normal
376,tcp,private,REJ,31108,271,0,0,0,7,2,0,1,0,0,2,0,0,2,0,0,0,412,379,0.814029819231689,0.9908872190910486,0.6782901100851279,0.7231347279357183,0.21621815229216496,0.950786483189771,0.04216562280151427,171,31,0.2618001620047775,0.5175408240356308,0.2282022358760311,0.07001244808996823,0.8815699101053848,0.8536422895900815,0.022171167910798463,0.020376050723053762,portsweep
2,tcp,finger,SF,742,3865,0,0,0,0,0,0,0,0,0,0,0,0,0,0,0,0,15,7,0.08687457758035334,0.06162620349905697,0.07228282620421066,0.0821191808190761,0.9343677963751447,0.02630278535112525,0.018458469582464564,188,251,0.79786334208073,0.05855395899180493,0.9648962029621426,0.06425950842762254,0.021626893938399023,0.010637020492079869,0.021442758559796618,0.014622582523019817,normal
0,udp,finger,SF,1395,3613,0,1,0,1,0,1,0,0,0,0,0,0,0,0,0,0,5,20,0.044305199935834705,0.00570589169319612,0.034292060642653055,0.06422581371750993,0.9249484475574402,0.010658369024467219,0.04649464836922516,87,77,0.7050016204865018,0.028410619328620615,0.8458590562488141,0.09482537238032673,0.009510134213184352,0.0006588369171378339,0.048808751580142695,0.022553281986209813,normal
4,tcp,finger,SF,819,2041,0,0,0,1,0,0,0,0,0,0,0,0,0,0,0,0,14,18,0.014973420826677054,0.04212735605515239,0.07057380542422326,0.045054028438750005,0.8546730300470556,0.10173186870455833,0.046451286875006825,244,85,0.7317447657424166,0.13556820813556086,0.8916288516556012,0.06540153188408619,0.03472807305165043,0.010619540985645848,0.013702826956848685,0.001348690926695745,normal
54,icmp,eco_i,S0,35558,245,0,1,0,3,3,0,3,0,0,3,0,0,2,0,0,0,406,182,0.844768921110234,0.7749526478890877,0.7976825537127753,0.7975363644666645,0.1830707221726158,0.6554976589233268,0.04062958432605246,208,24,0.2900668269475817,0.4145273510456345,0.2016954853958764,0.09076228376361865,0.5626179914981684,0.5643909852737699,0.033178607427298154,0.004833924707763571,satan
2,tcp,smtp,SF,1289,3303,0,1,0,0,0,1,0,0,0,0,0,0,0,0,0,0,5,13,0.07854440223341708,0.03922052040142008,0.04201245029891228,0.09353486953301278,0.9311629015266432,0.00495366428124906,0.05948048959372615,234,170,0.8953059577760518,0.05771792154103204,0.5896492134212106,0.02082748752030671,0.020271002963352793,0.019086473850774433,0.004361420494469403,0.005599166193564365,normal
254,icmp,telnet,S0,29623,178,0,1,0,2,1,0,1,0,0,3,0,0,2,0,0,0,380,256,0.8609713724165132,0.7640018250847662,0.7985867143783374,0.7153906457429295,0.2062357321475579,0.5753605626825052,0.07113627939039896,121,14,0.08565692898095086,0.685210960682672,0.08839261772431153,0.022277658488318076,0.6248351255556113,0.9072553695724852,0.006511946372738664,0.01881144943887593,satan
3,tcp,smtp,SF,1751,1809,0,0,0,1,0,1,0,0,0,0,0,0,0,0,0,0,14,8,0.03239795467518164,0.02099343130935947,0.05342858821434056,0.09317144800492465,0.9800961493011842,0.015179768197871436,0.08602013628687227,156,245,0.9795115408199502,0.14424165455477497,0.8150927510627981,0.028527928494835264,0.04998568375524087,0.0007707990141857858,0.012140958738634345,0.004281066516821225,normal
0,tcp,finger,SF,856,2263,0,0,0,0,0,1,0,0,0,0,0,0,0,0,0,0,18,8,0.09599424193443987,0.04602045029716781,0.06534813561119106,0.03678577280304026,0.9713644670753888,0.0249214330888762,0.041287181556514854,90,141,0.8527175302591046,0.1988018930803826,0.9191396380304684,0.0926970397244198,0.037055061842105635,0.0325225629617405,0.010844877785706959,0.032414441491956276,normal
0,tcp,finger,SF,913,1296,0,1,0,0,0,1,0,0,0,0,0,0,0,0,0,0,14,19,0.0766701587432286,0.0715543997117482,0.0851649502334466,0.07835306916002306,0.8666724733914176,0.08124282280168803,0.007100251077038345,250,193,0.8089155105374896,0.15687116923474786,0.7384335312313949,0.03013385202066774,0.0011667294607100199,0.0001520018173811255,0.010156317623220485,0.025030055568440457,normal
3,udp,finger,SF,1666,1558,0,0,0,1,0,0,0,0,0,0,0,0,0,0,0,0,18,19,0.05317788432846095,0.09108929497299083,0.014844305184897766,0.08266672213770541,0.9439423895234654,0.020323088579523186,0.04362593324013134,86,242,0.9558783793058206,0.09475085446251566,0.6028695435874603,0.016526583224224258,0.022400420966069437,0.02676198029522869,0.030087406045790036,0.044409859886509175,normal
3,tcp,http,SF,560,1649,0,0,0,0,0,0,0,0,0,0,0,0,0,0,0,0,16,5,0.045094964888337065,0.031159905487555685,0.01967580609189408,0.026594950034579613,0.8898586116943618,0.15501395561798348,0.0840456347062486,145,214,0.9571425453041724,0.10196148118571438,0.7499993474711,0.06705944172073243,0.04194970673965734,0.037255852992518025,0.043868530297453606,0.009670046425770124,normal
295,tcp,private,S0,26637,258,0,1,0,2,1,0,2,0,0,1,0,0,0,0,0,0,386,224,0.6437535011617851,0.9911303684677304,0.6030748967681917,0.7827722277025356,0.2746928391551907,0.8776065961276516,0.043202029838061685,118,9,0.0007195800574093525,0.8407799075509568,0.014673476855123057,0.011620417265678529,0.7352892967176861,0.9868808095213804,0.04249276506743404,0.044453899023042615,satan
195,icmp,private,REJ,35870,213,0,0,0,4,4,0,3,0,0,1,0,0,0,0,0,0,348,460,0.7619443103023587,0.9840054500070697,0.9390381000419847,0.7741627420234475,0.07580851832917211,0.5177688703543575,0.0033034893488120055,224,35,0.28206467098162274,0.9624207361241686,0.2810538693497804,0.08567122070000063,0.8940128888859837,0.616945970435588,0.030516844601147838,0.020992457085392963,satan
203,icmp,private,RSTO,43172,67,0,1,0,5,2,0,3,0,0,3,0,0,2,0,0,0,219,293,0.9317067117776553,0.8769736337240006,0.8366974444322226,0.7178920720917639,0.06497195989170952,0.6972933812126452,0.07053071277872386,176,32,0.24302530185102708,0.8288487076347111,0.021058871026759716,0.08173888891045675,0.7255712282581339,0.539976412477608,0.042879106139519944,0.013329468094775488,portsweep
419,tcp,private,REJ,31666,203,0,1,0,6,4,0,2,0,0,2,0,0,2,0,0,0,478,469,0.9583929250524069,0.9389054482397374,0.9891959435029076,0.6473212474788682,0.012759277345312204,0.7855919497264254,0.052262692180284336,188,30,0.1789328691488626,0.40518080430273573,0.11566998658205675,0.0196414632682566,0.9269395643814036,0.8713725222570272,0.02856704901060074,0.045157930005158636,portsweep
4,udp,finger,SF,1063,1197,0,0,0,0,0,0,0,0,0,0,0,0,0,0,0,0,23,15,0.01782460031510935,0.03957668099057702,0.02882083864569365,0.018095261608129333,0.99043850727918,0.12516678306127688,0.07445862712787309,247,242,0.7668890003458738,0.08232411006637369,0.6321931020496558,0.006157794323983956,0.013181057148847299,0.03229348329236067,0.03596281097582468,0.016852368907421946,normal
51,icmp,eco_i,S0,47139,197,0,0,0,2,4,0,2,0,0,2,0,0,0,0,0,0,446,383,0.7755052298557681,0.7336111832283234,0.930984789939605,0.9728902779853114,0.23536637242143443,0.9675134015114465,0.0928367128173414,54,16,0.2044260671465148,0.6044447626480751,0.1997926585508471,0.08153368984663248,0.9843765656289467,0.5345612145919854,0.015079999434569575,0.02862893918799155,guess_passwd
271,tcp,eco_i,S0,49333,200,0,1,0,5,4,0,1,0,0,2,0,0,2,0,0,0,286,510,0.9654747768574509,0.7727572139141266,0.8526361053356557,0.6346384590148094,0.19499343184207768,0.8265690156944505,0.03823268208889305,218,17,0.03815199023274833,0.5527808996509469,0.06862881827923452,0.004536901801962013,0.8430335425594531,0.723861360076618,0.015529333880625586,0.024334843898885197,portsweep
307,icmp,eco_i,REJ,27034,259,0,0,0,3,3,0,1,0,0,1,0,0,2,0,0,0,422,161,0.6292660180979722,0.7875780571650268,0.6717655794488859,0.7032833828869607,0.11905913244858346,0.6085699900132051,0.034930372587197125,54,8,0.22004661835409534,0.538304855787865,0.05463464666337612,0.07500629157335213,0.9850423483065378,0.5252297818701961,0.0013329444990275163,0.02616914531825435,neptune
3,tcp,finger,SF,884,2383,0,0,0,1,0,0,0,0,0,0,0,0,0,0,0,0,23,13,0.0062139184133877205,0.011885798957022999,0.027098348141573095,0.07323954332549852,0.8276780857299337,0.04921139609736509,0.08917423023179205,160,193,0.9341513451251183,0.07072678430071615,0.5653971632914195,0.03073999333704828,0.01176196576627277,0.005140362154469786,0.039294044966755565,0.008605148255708328,normal
1,tcp,smtp,SF,1517,916,0,1,0,0,0,0,0,0,0,0,0,0,0,0,0,0,4,4,0.05724895757887802,0.08360262035777269,0.047548833779484524,0.09163467223807427,0.9603349607631765,0.18672179259831626,0.015224130288880101,210,77,0.8060969235306545,0.1446579388695702,0.8203833831644635,0.011803294012241006,0.041787339606288054,0.010574826202955669,0.04866852776892022,0.01894369432213885,normal
0,tcp,finger,SF,1690,4486,0,1,0,1,0,1,0,0,0,0,0,0,0,0,0,0,29,6,0.09179425016228698,0.022619589995452882,0.01900923595730183,0.06338804696362724,0.9740675020075042,0.1192347301323951,0.0005322982040420254,145,135,0.7042161063760258,0.19290097521929989,0.9228008194791691,0.014338175070077952,0.03599920737716577,0.0406088363011734,0.020941709998626407,0.025714779296484865,normal
3,icmp,finger,SF,1870,1474,0,0,0,1,0,1,0,0,0,0,0,0,0,0,0,0,27,5,0.08803548820128153,0.003727488799303869,0.045625114472786714,0.004836742619915158,0.9807843864822772,0.1571853067667078,0.05497093323858661,90,147,0.8943168633596732,0.036994457351994206,0.7562458072431343,0.04041058956919,0.04502214954127711,0.03983388843774504,0.04421794694716383,0.00970937237889688,normal
33,icmp,telnet,REJ,25260,165,0,0,0,5,4,0,1,0,0,2,0,0,0,0,0,0,296,386,0.7167678163908708,0.8240022092866646,0.6873532191423664,0.9224974383370307,0.0032344933432422282,0.7361529205309232,0.019193951809232848,203,25,0.17561419037086354,0.5876720422784898,0.05464903555181899,0.07099101111301213,0.7439451619842374,0.8110703260620445,0.006294802838847824,0.012594356199836327,guess_passwd
396,tcp,eco_i,REJ,36198,289,0,1,0,6,4,0,4,0,0,1,0,0,1,0,0,0,450,506,0.6390920733968417,0.8431524333100994,0.8416739709800907,0.7399479264312558,0.2620414946436379,0.5557346794643216,0.013771795297987267,157,12,0.2468448026396801,0.804847585657124,0.02779813606086723,0.08744852614519588,0.7282998989752807,0.511321822259784,0.014420362340830573,0.0012536814847102008,satan
183,tcp,eco_i,S0,39327,233,0,0,0,5,2,0,4,0,0,1,0,0,1,0,0,0,450,469,0.9482562373712389,0.9338642648845952,0.6803389772011866,0.9662989363151474,0.004662484548022971,0.7483058544693482,0.09570091264607887,202,13,0.23855039128442074,0.8108980963847793,0.10552833047115123,0.05797444786459321,0.8057871686633193,0.5673721353315814,0.03062694386622762,0.02366155638683043,portsweep
2,udp,finger,SF,728,2724,0,1,0,0,0,0,0,0,0,0,0,0,0,0,0,0,28,8,0.009255893873833288,0.05021327886346312,0.01581017889436298,0.0007171105052269922,0.8688992437491208,0.07859738095018774,0.040365877029916765,186,143,0.8926524881943391,0.14066771360021177,0.8183875100525153,0.027897990338000257,0.02804648146406424,0.04899650409300389,0.04570442381337669,0.02391190489694657,normal
1,tcp,http,SF,1835,4690,0,0,0,0,0,1,0,0,0,0,0,0,0,0,0,0,22,13,0.09278382180832169,0.03715023738267226,0.0308969542409316,0.09114872052347894,0.9928179949319331,0.15467975244748766,0.07941992206529988,81,231,0.7222445823898134,0.06649977144689156,0.5384954040603016,0.05372612749330885,0.019929812799841757,0.028120221094109128,0.019027379521046602,0.04431052027553228,normal
1,tcp,smtp,SF,944,4431,0,1,0,1,0,0,0,0,0,0,0,0,0,0,0,0,15,13,0.009662549096894235,0.04363589474325642,0.056735897385748905,0.04377894663384714,0.8721663762236505,0.03243675565920872,0.053319400390416105,60,89,0.9271180895607312,0.13825304032378888,0.6847498400251686,0.008866120808360944,0.046802075391936565,0.025051330572834665,0.030800544599448032,0.01863756913395801,normal
455,tcp,eco_i,REJ,11175,229,0,1,0,7,2,0,1,0,0,1,0,0,1,0,0,0,393,285,0.8590279781287495,0.7636705728273765,0.9094766577914665,0.8892025733338335,0.1409147597459066,0.6328714265718758,0.0930764268625362,102,0,0.04738930458372704,0.46817741267726837,0.06747044465627423,0.02179955286709001,0.9839571543724014,0.9776267822027436,0.02899374365012677,0.005236209869957049,portsweep
115,tcp,telnet,REJ,25265,146,0,1,0,3,1,0,4,0,0,2,0,0,0,0,0,0,415,315,0.766497638186273,0.9793762248350463,0.9381083964785635,0.8007390293270027,0.06281758807858911,0.8999249111970905,0.04421029924697406,154,24,0.08429904676257911,0.5651424048595421,0.23515963821542987,0.009401690797086372,0.6677360876714848,0.9937256199072524,0.00019360053173337333,0.0037955035106810977,guess_passwd
218,tcp,eco_i,S0,40219,287,0,1,0,4,1,0,2,0,0,2,0,0,2,0,0,0,410,292,0.8970619681458696,0.8723738804220234,0.8131428485897277,0.7792662808464005,0.0958553058844147,0.9865216717036567,0.05430091821782244,174,14,0.11404658114795296,0.4752134470093494,0.2267093626273301,0.01276575279510559,0.6107783813532117,0.7185415164389484,0.003357429615684993,0.029811791788216413,portsweep
305,tcp,eco_i,RSTO,10956,73,0,0,0,3,2,0,3,0,0,1,0,0,1,0,0,0,346,466,0.6290074316397827,0.6964987186618629,0.9032619535194324,0.9460042616780785,0.057850079933171934,0.8142309836000376,0.051435283592299874,211,20,0.15063587314085758,0.8656794152141338,0.18800609006081473,0.00983826958534817,0.9505885277829652,0.6974239761023435,0.036364155558303406,0.0023547843150309223,portsweep
2,icmp,http,SF,1784,3680,0,1,0,0,0,0,0,0,0,0,0,0,0,0,0,0,16,14,0.0022800247574969457,0.0023697402118734723,0.027169574727267033,0.09529465140248118,0.9497428177135665,0.027079362340991533,0.0690362311953684,123,79,0.9001452035657862,0.07354682428794133,0.9596130078597875,0.07323430296357657,0.04531495995443313,0.03426340333986109,0.03415627986905314,0.013813769871599614,normal
4,tcp,finger,SF,1627,3847,0,1,0,0,0,0,0,0,0,0,0,0,0,0,0,0,26,20,0.06137138167259192,0.07138092142026507,0.03281229839145492,0.03272058489525366,0.9274805420992378,0.0624090566600638,0.049695022454704446,131,71,0.7627615443297405,0.12406595829416067,0.9140234709823423,0.05084511700854011,0.022544007039734578,0.028669037047666837,0.014485659380742345,0.043644913942672385,normal
165,icmp,eco_i,REJ,48891,128,0,0,0,2,1,0,3,0,0,2,0,0,1,0,0,0,424,296,0.7348123046317631,0.6881968659076495,0.96260455337808,0.9231431505137535,0.08284026389859857,0.7155716666901741,0.07221144806034308,66,39,0.16245175924315305,0.48828461271574364,0.12854545472819243,0.06899351974200782,0.7800462795968577,0.8177574918266566,0.029093201503614326,0.03131992704342721,smurf
361,icmp,private,S0,33041,97,0,0,0,3,2,0,3,0,0,3,0,0,2,0,0,0,236,427,0.6596882343572663,0.6046924581109618,0.6475611581354018,0.7839217741430089,0.06953381523366106,0.5372158883235232,0.07177925534869799,174,37,0.27125195178606665,0.5220256656580524,0.27679269048961264,0.09893540330839332,0.8890192317875028,0.6483743782474984,0.039925459862966285,0.04824796548062513,guess_passwd
73,tcp,eco_i,REJ,26458,144,0,0,0,4,2,0,2,0,0,2,0,0,1,0,0,0,215,441,0.7835486284075748,0.6136628217811549,0.7043088214862933,0.6278725230697716,0.252639679810916,0.9704552643780253,0.08718511498407222,157,23,0.14259965305857353,0.7164560801565072,0.1599744350304684,0.0639487275246714,0.8709246546736584,0.588975933318914,0.03676836851089001,0.014210581130206063,portsweep
4,tcp,http,SF,1438,2918,0,0,0,1,0,0,0,0,0,0,0,0,0,0,0,0,20,25,0.005335098234518188,0.010556546251412348,0.09108854030955976,0.02708631172953543,0.8725412718359781,0.0653266264856844,0.0948320059845873,135,131,0.9787716600531239,0.1492563745493035,0.8211527398467184,0.09784191533076349,0.017130407125797564,0.004248782474118157,0.047075886919271934,0.0027050143527207527,normal
2,tcp,smtp,SF,193,3556,0,1,0,0,0,0,0,0,0,0,0,0,0,0,0,0,16,12,0.09169565858617845,0.07438493931000215,0.08197484899978386,0.036266465785701696,0.9462424697196428,0.14222207523989971,0.06934422180978762,157,146,0.7149003830662212,0.11695979104924624,0.8014351188075861,0.041600104492287765,0.03155176369864683,0.0015782775292351337,0.023657683772003082,0.024212380173678077,normal
0,icmp,http,SF,1068,2553,0,0,0,0,0,1,0,0,0,0,0,0,0,0,0,0,8,20,0.09316558618930375,0.014716388268594428,0.07169265459357956,0.042742494727289373,0.8395711281571483,0.005839321018516187,0.06803413702423831,113,85,0.9248937293157768,0.10394736054685012,0.9581437579148762,0.012327551836880325,0.037438841681020046,0.01087996437290158,0.021275114002709768,0.018537585529483782,normal
135,icmp,eco_i,REJ,31958,213,0,1,0,4,1,0,4,0,0,1,0,0,1,0,0,0,452,366,0.6561583216710992,0.9934405961666619,0.9923377959966817,0.7842671390406053,0.03724271404024371,0.7545499515402109,0.0826266468960828,129,6,0.26401735201793286,0.9392140173387906,0.07909430748052335,0.08696088748523045,0.6157241485290486,0.8292941070250044,0.03269555885809829,0.024129011022315572,satan
3,tcp,http,SF,1611,512,0,1,0,0,0,0,0,0,0,0,0,0,0,0,0,0,29,10,0.07839265357511663,0.08739915892735461,0.0003494981109347095,0.06423807517156302,0.9879149975204489,0.12962336100483768,0.03260998895887137,158,74,0.9195302989222018,0.10502953826839723,0.5298090862825099,0.011305933678187675,0.00039779077923189355,0.029651666432953257,0.005042879744180346,0.005585368988757927,normal
106,tcp,private,S0,49835,117,0,0,0,2,4,0,4,0,0,1,0,0,0,0,0,0,343,417,0.6694861473779948,0.8036844527823592,0.8490506148360333,0.7055027257792814,0.026538127187589956,0.7261026212233548,0.026570012255798428,155,9,0.17423514446653623,0.4467009192163365,0.11608937192268741,0.0068109717486508296,0.6488357813051625,0.541427111481819,0.015587318227197845,0.04905782193262431,satan
78,icmp,telnet,S0,36677,75,0,1,0,7,4,0,2,0,0,1,0,0,1,0,0,0,367,234,0.833183259226922,0.8859228876442886,0.7203832544734706,0.6989249930782266,0.040413504126737554,0.9402608424039816,0.03692209364831285,76,25,0.06620511522461166,0.843468191158215,0.016974415159473254,0.03945575585430519,0.5038176419865733,0.9123196931730124,0.0443195387333493,0.04393162269365339,neptune
2,udp,http,SF,1837,3404,0,0,0,1,0,1,0,0,0,0,0,0,0,0,0,0,8,22,0.07747025930112272,0.0561846947065969,0.0602784567101983,0.09914862967950905,0.9000324572502157,0.17316585750649835,0.06340039769611869,135,169,0.7226934291095471,0.12570217251855473,0.642884688242858,0.05553226932084637,6.58685940029602e-05,0.012490263905971216,0.03168693659453121,0.04918373145333535,normal
6,tcp,private,S0,24269,284,0,1,0,3,1,0,1,0,0,2,0,0,1,0,0,0,342,150,0.7982784651600449,0.7054217969205299,0.8895011928913122,0.7163467516991906,0.14340424509458052,0.6323243843369754,0.09848436931486686,178,11,0.20083978896130775,0.8562692864885597,0.17630521907200053,0.04282509272741384,0.7613107813972985,0.6767521617111072,0.0009074023846533497,0.03604846699826527,portsweep
3,tcp,http,SF,149,2013,0,1,0,0,0,0,0,0,0,0,0,0,0,0,0,0,10,18,0.029787484264310583,0.05046652778471722,0.010269439015064264,0.06931380346544302,0.8222766179038576,0.17450722179399397,0.08965919628619162,209,205,0.8496509781470076,0.1094943589200918,0.965641887024692,0.05609609155826433,0.01798052778843657,0.04682070752001907,0.011662267715340187,0.0171676172583213,normal
3,tcp,smtp,SF,1259,815,0,1,0,1,0,0,0,0,0,0,0,0,0,0,0,0,12,29,0.015874858019476325,0.07722674032074583,0.022496824779572534,0.05142617296836201,0.8283824206659073,0.14376041570746456,0.08772392627749948,219,82,0.765453761374092,0.12281764694894758,0.9040547465081074,0.0726742407321351,0.04649211680895099,0.008967258594815659,0.0336899749876347,0.036846182363863465,normal
186,tcp,private,REJ,27132,71,0,1,0,7,3,0,2,0,0,1,0,0,2,0,0,0,444,295,0.6553673559028259,0.8693552427298181,0.7584212531143928,0.9069444483776533,0.16546783181996563,0.6406492896195735,0.0705556079909102,144,38,0.13897475293859887,0.8373063972287873,0.08660972370289319,0.05295504347304534,0.8908558299433904,0.837715387636184,0.045186312416201295,0.04238113932329404,guess_passwd
432,tcp,eco_i,S0,40348,141,0,1,0,7,3,0,1,0,0,2,0,0,1,0,0,0,250,292,0.6218018658960707,0.9504340021191471,0.7049659800428616,0.8147585390500445,0.27557233221509575,0.8041192688741756,0.08020149776933,149,12,0.27045390530160546,0.8126521650807281,0.010422652625931894,0.01967840777352029,0.5643662865183257,0.5185747169388342,0.02707268626440624,0.045471030919498036,satan
236,tcp,eco_i,REJ,41818,59,0,0,0,4,1,0,2,0,0,3,0,0,1,0,0,0,416,492,0.6887873914738474,0.9264664669849973,0.7073147797803171,0.8400514717926303,0.04936788904623117,0.80759975505609,0.08223428748671908,248,7,0.29228630342125544,0.6315714090144194,0.19475122506966155,0.04905411783569874,0.5408552965564369,0.5576081331802186,0.04749920770983279,0.017373657958347832,neptune
0,tcp,http,SF,823,1384,0,0,0,0,0,0,0,0,0,0,0,0,0,0,0,0,7,6,0.07521650668644404,0.0560728786325764,0.06259125453653877,0.09651343982800088,0.8461345081978516,0.020462585016609847,0.09418897264487286,164,59,0.7725532302119432,0.04038304882797492,0.8481902830325534,0.07031796561813117,0.030670388661361788,0.008259870027314759,0.04276308296888544,0.02804821630104329,normal
358,tcp,eco_i,S0,22844,76,0,1,0,7,2,0,3,0,0,1,0,0,0,0,0,0,489,159,0.6816258064316694,0.8246282418311868,0.9647648149921352,0.6300538086467089,0.15078433990419612,0.548942716102003,0.06591976722018307,219,2,0.147069081210012,0.7728647229780019,0.15127511236482913,0.05378135706371126,0.917016970538505,0.685364064995602,0.040441901884536495,0.0010233566342524036,satan
3,tcp,http,SF,713,1200,0,0,0,1,0,0,0,0,0,0,0,0,0,0,0,0,14,1,0.03625188818037357,0.09197774153622737,0.04544617281641969,0.09090002020927457,0.8558731185896994,0.04186624377940573,0.01571363048589508,61,178,0.7905141076231259,0.18092871561728352,0.7887094851861611,0.08657898463226187,0.033571777351153916,0.0035452181845486265,0.047971515938175835,0.024965354500352935,normal
382,tcp,telnet,S0,47873,133,0,0,0,6,4,0,4,0,0,3,0,0,2,0,0,0,428,295,0.7037735307270556,0.7510042327453311,0.7251841922541111,0.9041937327783537,0.010455890920771304,0.9607980115085453,0.0855020810733596,64,7,0.2712119364806,0.45310131870711023,0.13362623885455097,0.07977124538936695,0.9855027451666689,0.6372579549969135,0.03461844732236967,0.04276332938847456,satan
453,tcp,telnet,RSTO,49655,86,0,1,0,4,1,0,2,0,0,2,0,0,2,0,0,0,417,277,0.9919343721668186,0.801599425281472,0.8812935762936045,0.8204989926277524,0.011722419656137162,0.8681055182017994,0.021124492586726152,173,37,0.16407510615390244,0.5400848190580844,0.07502483110145844,0.024489080376863304,0.5153330345498832,0.7636037375648461,0.004682879150976655,0.0454117068593448,portsweep
469,tcp,telnet,S0,38193,286,0,1,0,7,3,0,1,0,0,1,0,0,0,0,0,0,434,331,0.9558228228462453,0.8266877031170631,0.789211846837011,0.8682760952006514,0.24514833567149122,0.5883898613255314,0.07398559413344642,237,34,0.04028019583950484,0.800787419793384,0.22096360170720228,0.09498285723028115,0.7469786738731659,0.8161490370983335,0.04471428597126148,0.04747089106484348,satan
4,tcp,smtp,SF,1975,4635,0,1,0,1,0,1,0,0,0,0,0,0,0,0,0,0,26,10,0.08942892694807426,0.052917621923786184,0.09166398602394554,0.09998608482078876,0.9652716380142714,0.06388732790735722,0.02002063030929212,248,248,0.7327645493833572,0.07664397796125103,0.5961502139747021,0.060991101155593086,0.032416004999316364,0.0020136330611981224,0.030224068454990455,0.02729648706566053,normal
4,udp,smtp,SF,1850,2738,0,0,0,0,0,1,0,0,0,0,0,0,0,0,0,0,10,4,0.041372167366418855,0.0727050648168605,0.03354358741279611,0.028635962235729763,0.9298875545538443,0.16669866174012676,0.09704329170903231,77,145,0.8428151786100191,0.03117335715552825,0.5874549907940407,0.020814010336847644,0.013848425248622415,0.0212672755947369,0.004046745197171087,0.005205385426437209,normal
1,tcp,http,SF,1794,3379,0,1,0,1,0,1,0,0,0,0,0,0,0,0,0,0,12,28,0.010768912229586137,0.03780151073363489,0.059683803792961856,0.001954997164297301,0.9040098623988176,0.19535234756329445,0.01804332312748227,77,144,0.9271397059810548,0.03772950738217813,0.9724431985692725,0.014882270222259675,0.029272748095117415,0.01720502013461374,0.04816320078569698,0.04919405003905106,normal
0,tcp,finger,SF,1268,3820,0,1,0,1,0,1,0,0,0,0,0,0,0,0,0,0,24,6,0.030625956093684695,0.09635213640591767,0.0391385124420572,0.0644616030123659,0.9828655248574626,0.07289501195539948,0.01653469681575478,94,139,0.9964067894130526,0.13953676566152812,0.6773341364732455,0.044225774465283745,0.012190327423053605,0.014715554621966016,0.017064093890824306,0.04746505350612133,normal
3,tcp,http,SF,1995,3713,0,1,0,1,0,1,0,0,0,0,0,0,0,0,0,0,2,20,0.06804310610924562,0.07687300324015756,0.08757257516664424,0.04588441864590748,0.9554450638615174,0.18111702039002642,0.017467729282147893,109,194,0.8488014308573031,0.19569067475117352,0.9338705517065795,0.0638175802970978,0.013579002371527328,0.027581910984995836,0.0018237015078362896,0.01502543053506294,normal
0,icmp,finger,SF,650,768,0,0,0,1,0,0,0,0,0,0,0,0,0,0,0,0,17,23,0.059683733455044644,0.01797717077949118,0.08719898637238856,0.06655871671232555,0.8058819205246346,0.10339559779192001,0.04188760096109583,186,211,0.9571008151097644,0.1028058891199082,0.7110822733983991,0.07990852849242003,0.009760041113979857,0.002286833173256225,0.013780973829663791,0.04319846265260511,normal
3,tcp,smtp,SF,569,1026,0,0,0,0,0,1,0,0,0,0,0,0,0,0,0,0,1,26,0.002265398770793736,0.023981054430377957,0.09421322739280427,0.008951892633830305,0.8747789123081726,0.04356657573678333,0.08568915413857134,187,104,0.9820140778242709,0.17912528571554834,0.8723252848303136,0.033081299105303344,0.016343882624665112,0.026112616761610426,0.04733914633956016,0.023015286424503047,normal
468,tcp,private,REJ,23373,99,0,0,0,6,2,0,3,0,0,2,0,0,0,0,0,0,367,175,0.9172292510976602,0.8736849340929123,0.9898289651070644,0.7055794618930652,0.03815464904183197,0.6861356235401886,0.015123968075162942,232,8,0.26834448145222145,0.44484312557342376,0.209784949030032,0.06477416297800573,0.7405412402722249,0.53040321267364,0.04885856853756346,0.046997250410524306,smurf
92,tcp,private,S0,18650,276,0,1,0,3,1,0,1,0,0,1,0,0,2,0,0,0,375,377,0.9093909012067198,0.7457593687191494,0.9360114175644081,0.605643956350372,0.10140837196337554,0.5112079930310149,0.05608167934848379,108,4,0.05566406346546351,0.7874032807692093,0.1610559384996154,0.057720687317978074,0.607346854329686,0.5566489226791094,0.025439434928563293,0.00982653495657248,satan
154,icmp,telnet,REJ,11286,291,0,1,0,3,3,0,3,0,0,1,0,0,0,0,0,0,426,160,0.8245532885522618,0.8419773899097762,0.6453731555530617,0.9039586103444576,0.298825162220734,0.5761538373652919,0.09305391806766833,185,36,0.047318852445695836,0.7924110772697606,0.08106327967706725,0.06169857350779162,0.8620218812482439,0.5365434423376747,0.04621758935258472,0.0305183271350543,guess_passwd
1,icmp,http,SF,1051,2997,0,1,0,1,0,0,0,0,0,0,0,0,0,0,0,0,22,7,0.041223064968769686,0.037699381897053734,0.025415228811900684,0.05468168682717709,0.867828001414595,0.03580950982954658,0.07243908792157182,118,241,0.86582496003266,0.18269513820313904,0.8201447811459774,0.011578642527130634,0.024731120563961637,0.0032629987619381684,0.02664798125628335,0.02674843650585896,normal
339,icmp,private,RSTO,33702,151,0,0,0,6,1,0,3,0,0,2,0,0,2,0,0,0,299,408,0.7437838657546687,0.868214638778702,0.6330342685759474,0.6888411051829508,0.07162156016865497,0.9505559148555647,0.09011293296326141,88,24,0.07804000095310805,0.9606057258908294,0.011289882366354032,0.05065259154805393,0.5655359603864396,0.803025265427602,0.0488139950637729,0.02922956354105395,guess_passwd
4,udp,http,SF,276,4203,0,1,0,0,0,0,0,0,0,0,0,0,0,0,0,0,21,4,0.017988646470252778,0.05907737486375349,0.000241139743167762,0.09992599017054546,0.989033103491947,0.19593452698853628,0.0525164744916564,124,133,0.8208961645388135,0.11257457220689576,0.8252614690376634,0.03972204035248931,0.03238618978718313,0.021811061303981416,0.008240261022728373,0.018886585044328132,normal
422,icmp,private,RSTO,49764,225,0,1,0,3,4,0,3,0,0,3,0,0,0,0,0,0,399,449,0.8494520796985119,0.9695141359699242,0.8049318250995009,0.8536210046821602,0.1560091079164124,0.8562972480850312,0.07869527912731888,167,14,0.2426193853474158,0.9406898212663171,0.16089069270325349,0.0828040394824245,0.7040494921185806,0.9412620739895436,0.03628273217256278,0.002701407076080781,smurf
406,icmp,private,S0,44062,72,0,1,0,6,1,0,1,0,0,1,0,0,2,0,0,0,479,288,0.7740586885911522,0.6484707223704728,0.9914831278964283,0.8230471543983408,0.2998491628069652,0.9177687507274586,0.055737984149486,140,34,0.1524400417807385,0.8631393879703073,0.0997594966219386,0.03889131150354065,0.9372371656590318,0.5735731075462652,0.03564472117637193,0.028173533717801093,guess_passwd
178,tcp,telnet,RSTO,16856,46,0,1,0,6,3,0,4,0,0,1,0,0,0,0,0,0,491,319,0.8139292789679302,0.9901457455361231,0.8547559687948298,0.96235124185021,0.23195696484473444,0.7067861068157731,0.030024734533505737,185,32,0.022403964057302873,0.413183075952112,0.2039975690345606,0.049871529225230915,0.5574232835386883,0.8070961729067955,0.026792007501694956,0.02004596946388252,smurf
3,icmp,http,SF,252,3487,0,1,0,0,0,1,0,0,0,0,0,0,0,0,0,0,17,27,0.032711225602116145,0.07044290335500783,0.07181496364986464,0.028121339359267895,0.9920046515900148,0.17003682540817838,0.016169001816132168,244,194,0.736912973842297,0.040426880651808134,0.6303430555070515,0.031262740711682245,0.03166434240624325,0.013043896965288338,0.011372715737656686,0.0019044755209076836,normal
377,tcp,telnet,RSTO,36415,172,0,0,0,4,4,0,2,0,0,3,0,0,2,0,0,0,288,504,0.822126715175989,0.6481673167193741,0.8908045478159385,0.8909869848843497,0.09062066601673015,0.8409000564049234,0.07895379029260965,165,8,0.04114275028174508,0.8035652398783799,0.28931949950669633,0.034902826711403025,0.9936525498480241,0.777787366178663,0.008787429877368191,0.0077776419097133065,neptune
30,icmp,telnet,RSTO,39758,39,0,0,0,7,4,0,2,0,0,1,0,0,2,0,0,0,305,322,0.9294104818301152,0.7003275424856272,0.9330067355204891,0.9405303786089645,0.2635449837251089,0.5879017259811329,0.0673440682623743,166,24,0.12760704360253636,0.7057825985821595,0.07451693137740968,0.012215015428123489,0.6787312304539139,0.7507264653276162,0.00203531164513911,0.03645172417790356,smurf
3,tcp,smtp,SF,319,3703,0,1,0,0,0,1,0,0,0,0,0,0,0,0,0,0,12,26,0.025490090380257048,0.037863727268729344,0.07420497533209207,0.08118468461486851,0.8012184810993636,0.1657231354234001,0.04809077732164359,98,198,0.8181640645333952,0.08353620761313219,0.7722331657623439,0.057665571377110085,0.045508318232025426,0.006008121111919934,0.02237332385877568,0.02778231417066784,normal
361,tcp,telnet,REJ,45463,24,0,0,0,2,3,0,1,0,0,1,0,0,0,0,0,0,210,362,0.9667090962896852,0.9832497314244559,0.8593936719456814,0.9437223433031906,0.032155305409553234,0.6869947679016273,0.04381799840089006,52,38,0.07825805132965521,0.6391835105623763,0.2357594317795978,0.025095907125506592,0.5806722122745084,0.6255534538898515,0.007576242733754685,0.04695904471071369,portsweep
3,udp,smtp,SF,1191,987,0,1,0,1,0,0,0,0,0,0,0,0,0,0,0,0,14,14,0.017518539725105874,0.02234986210741076,0.006046357392536495,0.037893441147547204,0.9805656615144089,0.18746866426790587,0.09686946188446774,234,115,0.7848063206035939,0.16621800459960206,0.8643553725733389,0.045083484597216006,0.04787775481949246,0.038231923982033685,0.026216435148049735,0.016465619768278796,normal
3,tcp,smtp,SF,970,1441,0,1,0,1,0,0,0,0,0,0,0,0,0,0,0,0,25,26,0.049882892442682104,0.08833811820915227,0.016108701142418524,0.05584811734058444,0.8717945227566188,0.06446441166571773,0.06647586690232184,189,83,0.7485595270009834,0.08438663173364401,0.8358702529971772,0.07374693202253596,0.01667594153720795,0.02991503810443726,0.01463215610234882,0.011482568535686834,normal
4,tcp,smtp,SF,360,1507,0,1,0,0,0,0,0,0,0,0,0,0,0,0,0,0,23,12,0.024510028233503258,0.015559555708424523,0.08563487156337561,0.057243094224789216,0.994665344810853,0.07504672831758433,0.04042302329328584,226,73,0.9321518798233741,0.035596557864856715,0.6155089255749804,0.04997743359167223,0.02600235822153262,0.006671003536528108,0.02069917087252516,0.04482946873731844,normal
1,udp,http,SF,431,4425,0,0,0,1,0,1,0,0,0,0,0,0,0,0,0,0,19,5,0.03520405300434209,0.014871439398399822,0.07142994121931139,0.08302519090172898,0.9360095299138541,0.049056738162420954,0.024107137151335636,205,196,0.7767780487092879,0.05124114135655316,0.7579522909098919,0.03469521241879541,0.03425797177013437,0.0047025039340073795,0.014095337267665337,0.00976981821693252,normal
4,tcp,smtp,SF,1700,3490,0,1,0,1,0,1,0,0,0,0,0,0,0,0,0,0,13,25,0.027576207549506918,0.03616846750221502,0.06694801882130284,0.07354453357783312,0.9627336153227097,0.19709882515511695,0.05686110179733733,135,148,0.9151616349212744,0.09496472739258943,0.7415648198185537,0.08499371049202531,0.021488869975373727,0.026960998009851578,0.027141758119582,0.02036515642624074,normal
3,tcp,smtp,SF,556,3626,0,0,0,1,0,1,0,0,0,0,0,0,0,0,0,0,28,14,0.022393439169229968,0.08864004191927713,0.046524733563382915,0.022206408602551377,0.9792367335943086,0.10620113341235003,0.03577608902820533,147,68,0.7816354901915944,0.07543248519394899,0.8230049551886693,0.055144155228613705,0.013371400199295797,0.010885013276286777,0.010709040941310694,0.042669552937000026,normal
0,tcp,smtp,SF,1810,3966,0,1,0,1,0,0,0,0,0,0,0,0,0,0,0,0,20,20,0.04805137148193486,0.09689918663769137,0.042395837100316705,0.038730660532064545,0.8535933748913606,0.05962380511360299,0.06058329544747135,252,244,0.7289556898510923,0.020770324258150133,0.5482049671829576,0.04461180058432627,0.021167042479350265,0.0044418687561674835,0.0473410874993232,0.025627466626484754,normal
0,icmp,http,SF,510,4162,0,1,0,1,0,0,0,0,0,0,0,0,0,0,0,0,13,20,0.07577165208126542,0.08675815246159764,0.04111531378996053,0.025885293992388772,0.8592107455616023,0.027154136457835355,0.04963440900363573,59,183,0.7773565419814608,0.08086242312273438,0.6300705551470764,0.04633797406331909,0.04240924176519663,0.04321195270849131,0.03956137271878304,0.04613883291101974,normal
487,icmp,private,REJ,49314,38,0,1,0,2,4,0,3,0,0,3,0,0,0,0,0,0,401,372,0.8117201479653212,0.7508710489400853,0.6554715914355603,0.7175372451439216,0.13569782587019574,0.7186691592711731,0.08952205487269271,106,22,0.19715377715930468,0.522438918060395,0.14104538239090095,0.09201081939606887,0.8413612888790212,0.8599118559053773,0.01800568635255585,0.04462282052757792,satan
2,tcp,smtp,SF,1028,1844,0,0,0,1,0,1,0,0,0,0,0,0,0,0,0,0,1,25,0.09373603215787846,0.04733610131974654,0.08638485618518414,0.01321429691813385,0.8925424337189648,0.034837082723996264,0.0773347352606152,206,126,0.9601353337646643,0.12699299245551354,0.752134826546982,0.0701273714430226,0.0248499208985115,0.0263559526879795,0.006858893117343223,0.02504267525083144,normal
2,tcp,http,SF,1273,4026,0,0,0,0,0,1,0,0,0,0,0,0,0,0,0,0,29,19,0.02235441008392334,0.0067639554503064366,0.0012245665790822425,0.0987197238882319,0.8678214104436042,0.08029653554463495,0.016079024065953774,203,142,0.9483918299460352,0.18057220746762348,0.9595317344785879,0.0920734151882143,0.012225990308603791,0.04090278463937387,0.03363910107814329,0.016846078980657625,normal
306,tcp,eco_i,S0,44566,9,0,1,0,3,1,0,1,0,0,2,0,0,1,0,0,0,484,502,0.9166052329919365,0.8105957506360724,0.8723099660447868,0.6601432277844089,0.15497298404927087,0.829899107802284,0.058750637355897306,133,33,0.0365108673180734,0.6356709632783095,0.1458192686010343,0.021554991270419568,0.6057735541515408,0.8153399088294342,0.021431565077109513,0.03985855260982057,smurf
134,icmp,eco_i,REJ,11530,173,0,1,0,4,3,0,4,0,0,3,0,0,2,0,0,0,242,336,0.9663445920972498,0.7320610990646981,0.9688197180196433,0.9632259521984738,0.23769050000146896,0.7093752298650559,0.09124332954520727,185,30,0.12661830524313958,0.7902652967960346,0.078631995503058,0.08825087506327628,0.8848610380271331,0.917448933819123,0.019802833642139663,0.023543663108241228,portsweep
2,tcp,smtp,SF,1040,3603,0,1,0,1,0,0,0,0,0,0,0,0,0,0,0,0,19,1,0.07830883149229927,0.0900681699762243,0.04686422563413959,0.08839134789079829,0.8827758496632672,0.07170112544980363,0.052659576378755284,50,84,0.9456692181722328,0.10613708714483627,0.80286453623288,0.08347702099641874,0.001146546945779875,0.041641508620976424,0.023961142284487525,0.012718037657157517,normal
176,tcp,telnet,REJ,45910,240,0,0,0,6,3,0,2,0,0,2,0,0,0,0,0,0,210,220,0.9099386822660068,0.819223268943814,0.8013227905354778,0.9356909522216293,0.26925540989146174,0.8710532411297023,0.08625823565461832,71,27,0.19133389586112723,0.964069158694993,0.23110878185477857,0.08299948068065569,0.9043122892562172,0.9685333556808171,0.03313656803141809,0.01391856746507596,satan
0,tcp,smtp,SF,675,3854,0,1,0,1,0,0,0,0,0,0,0,0,0,0,0,0,18,24,0.0633603785941861,0.06379237496008235,0.02634892929427606,0.027666406426648527,0.954565647305837,0.11540949572878392,0.06604161789415977,230,159,0.7821435198584682,0.08394771607291691,0.7678196176956148,0.011889126812485674,0.03272319787739573,0.047967452911154965,0.015300336102821721,0.008216791347207065,normal
4,tcp,finger,SF,1533,4094,0,0,0,0,0,1,0,0,0,0,0,0,0,0,0,0,21,23,0.03896711859828657,0.06151895383301841,0.03412388046547036,0.0503750567133097,0.9303238374913164,0.013397662857765003,0.005512261392215456,61,53,0.8581047750483146,0.08830159099197366,0.6475963272292492,0.09924136839779331,0.03777355023909424,0.022998262139741446,0.033003035106073525,0.039596775394952544,normal
81,tcp,telnet,REJ,43359,36,0,1,0,2,2,0,1,0,0,1,0,0,2,0,0,0,279,279,0.7694132221563652,0.7025758834394238,0.690591799344774,0.6149722129462515,0.1503690170712697,0.5395424011511203,0.01640762053479683,224,33,0.15692117847720763,0.685044905948452,0.2635548859191785,0.05121350497750379,0.6550951497171017,0.7608995285144043,0.032673564459657294,0.04805603027782665,portsweep
4,tcp,finger,SF,897,609,0,1,0,1,0,0,0,0,0,0,0,0,0,0,0,0,9,15,0.0687837059929498,0.09184237336119216,0.06018577392363217,0.03171310138371999,0.9965289504673316,0.07355062011895482,0.06929317485578024,180,190,0.7445895399511299,0.03940568868511749,0.8951786272391715,0.00977732389880377,0.009703193392607157,0.015574407709470346,0.0026157013964454804,0.04177339221131901,normal
17,icmp,eco_i,RSTO,20746,160,0,0,0,5,3,0,1,0,0,2,0,0,1,0,0,0,238,218,0.6029975392552499,0.6590571853223745,0.7530940090133551,0.7388892520106809,0.2635767222587938,0.7725766222523152,0.04283837985673242,61,18,0.19502747170461515,0.964246450823485,0.2972405448745166,0.03511398194272549,0.7637823429490336,0.9616590141258374,0.0339200034106694,0.040576151818842415,neptune
143,tcp,eco_i,RSTO,46461,186,0,0,0,5,3,0,1,0,0,1,0,0,1,0,0,0,349,357,0.9809268427999189,0.7854442951825386,0.6443548227615309,0.6580779506825823,0.16442326136043411,0.5788686475223029,0.03620758292129627,58,23,0.20479143551092602,0.49404778852738707,0.030740671715745703,0.09753765088242317,0.7307036557337742,0.7021340281465598,0.017498912972641258,0.02905430360176613,smurf
36,icmp,eco_i,REJ,35891,251,0,1,0,7,2,0,2,0,0,3,0,0,1,0,0,0,455,304,0.7562338849184584,0.8651803444346509,0.8993541390793365,0.7580391277202271,0.1285347410623363,0.815942975919733,0.01584560818984473,166,13,0.0688642347235865,0.7309930725609538,0.08637011914653665,0.07544991297998992,0.6067235399803659,0.646128536517597,0.04734540786361849,0.014575352501787998,satan
255,tcp,telnet,RSTO,11295,42,0,0,0,3,2,0,3,0,0,3,0,0,2,0,0,0,444,405,0.8842619111206204,0.6645768423291148,0.7685804739129111,0.6091584761241823,0.03875546198473553,0.8716649995507102,0.027121997423788725,193,8,0.20918764705309448,0.7892240143638269,0.1547542480416512,0.09319035835168367,0.7705572813603673,0.5581399145005015,0.03958624810387076,0.011255347322408848,neptune
1,tcp,finger,SF,377,4915,0,0,0,0,0,0,0,0,0,0,0,0,0,0,0,0,23,20,0.022650558193117554,0.00039459600271944954,0.0987340163627656,0.014238792498827015,0.9760309894971687,0.04603057905518804,0.03188673559358525,241,101,0.8538535514369785,0.0239934793450161,0.656526814595189,0.060807635610992464,0.018934783906088666,0.031448638779646335,0.018787345560337888,0.031332511628038975,normal
8,tcp,telnet,REJ,32224,150,0,0,0,5,3,0,2,0,0,2,0,0,1,0,0,0,290,158,0.770626771461485,0.9880923975194393,0.609203602838052,0.8738298907671875,0.1425527741299956,0.7157742860200358,0.08956070526746389,108,4,0.264069009808277,0.9069876349362032,0.06786235780868781,0.05663260069851919,0.8660035407398078,0.6467869395373922,0.017968714266439294,0.014314261519842476,smurf
0,tcp,http,SF,1048,3578,0,0,0,0,0,1,0,0,0,0,0,0,0,0,0,0,6,7,0.05730961413415162,0.045224629208153504,0.07860363176458435,0.06000294417429484,0.8560621086070267,0.15633529824146664,0.010528514233062237,72,101,0.9394477932267595,0.17515997096720531,0.5746791963651954,0.0018423716252121691,0.0023764660680368702,0.006586568371315988,0.003796728762488072,0.043817511730323666,normal
4,tcp,smtp,SF,300,2442,0,1,0,0,0,1,0,0,0,0,0,0,0,0,0,0,10,10,0.03396837254695101,0.006635414475660184,0.07021045674864136,0.037112755655273166,0.8327406123037717,0.1324325887917098,0.05948686146794013,185,195,0.8838417023984282,0.10005513313782162,0.7833213384656219,0.004209510721139831,0.03001255464179335,0.016026218648196134,0.026643638835797196,0.04424114860365624,normal
120,tcp,eco_i,S0,34696,238,0,1,0,7,4,0,2,0,0,3,0,0,1,0,0,0,381,331,0.644713612754784,0.6893029159525658,0.7091281936602234,0.8628697313887943,0.1418825767416651,0.7590710038791537,0.029698758068996002,53,14,0.25272885773355636,0.9219021217098052,0.259387060739666,0.0005238795328262436,0.5934151117217621,0.9369822647829069,0.03411780565277219,0.015694602220738357,neptune
296,tcp,telnet,S0,18660,257,0,1,0,3,2,0,1,0,0,3,0,0,0,0,0,0,226,328,0.6069186044376672,0.9871096249385657,0.6251288234990902,0.7171765588359968,0.19087650730859648,0.7434800638295533,0.058146061528418336,191,33,0.19779177139619183,0.42049709694684984,0.26768130023200115,0.06139921161163147,0.9799149416294903,0.6087143942444877,0.028180497516416728,0.00625074060860496,guess_passwd
156,tcp,telnet,RSTO,39966,254,0,1,0,7,2,0,3,0,0,2,0,0,0,0,0,0,287,419,0.6276881159963925,0.8851801136481195,0.9781741434484438,0.6434485548978742,0.09438322890005708,0.8436675117666028,0.06325519989141065,168,16,0.2600233869132271,0.9682903391155917,0.08129761945601989,0.0858318522315677,0.5780140948400149,0.7552966225607531,0.03125373411238171,0.00152831130584557,portsweep
400,tcp,eco_i,RSTO,15087,291,0,1,0,3,4,0,4,0,0,1,0,0,0,0,0,0,385,152,0.731951888545501,0.8502787044861297,0.7140104575716756,0.7722167438801809,0.22644296042799178,0.7799043253550879,0.015731074437314464,145,1,0.007118708913154048,0.6768181813508911,0.129031145189411,0.06762729343621292,0.6385907038821401,0.6359968065856756,0.04711733843369606,0.03142813629810647,satan
4,tcp,http,SF,1027,4599,0,0,0,1,0,1,0,0,0,0,0,0,0,0,0,0,2,20,0.015373527948884191,0.0015190104682004546,0.03885355304562821,0.04027950924443964,0.8611325254222086,0.025486152187707712,0.05555760642029481,68,77,0.7371393711235524,0.1683313526837897,0.7519673326837071,0.026987564261682265,0.020749608804925913,0.046022569229540546,0.019077294251216126,0.00690671664619339,normal
111,tcp,telnet,REJ,23120,51,0,0,0,5,2,0,1,0,0,1,0,0,2,0,0,0,202,235,0.6883253975495159,0.8211567343607653,0.883664348480077,0.6216246698229015,0.2290713454366673,0.8177465524835158,0.09121850863982298,192,35,0.23919929192984246,0.4418478464116498,0.16144314265647589,0.03588166740930598,0.7787791946664933,0.5989119178098472,0.03751783494475861,0.044918001366214474,satan
4,icmp,smtp,SF,238,3051,0,0,0,0,0,1,0,0,0,0,0,0,0,0,0,0,6,21,0.03182505546184033,0.09967566731443,0.07359797840146763,0.07155907132890155,0.9696913356230218,0.011224182210117006,0.062087529358225924,246,109,0.9832663460564666,0.14377841704829128,0.5581810946187391,0.058042449425191614,0.03483022704589518,0.037076962855288984,0.002162721767374942,0.021872741156023057,normal
2,tcp,smtp,SF,1472,1962,0,0,0,1,0,0,0,0,0,0,0,0,0,0,0,0,9,18,0.05496290760728367,0.0928528135852239,0.019739641063361603,0.050056796079056644,0.8014927640823536,0.17323832167802178,0.049946950194544294,237,89,0.7148704362324114,0.14328542286943588,0.7341172678287444,0.08616203122311297,0.04886350657622449,0.004592569008332437,0.02455313882679529,0.027957337053882366,normal
2,tcp,finger,SF,967,3695,0,0,0,0,0,1,0,0,0,0,0,0,0,0,0,0,7,24,0.06982422739891901,0.043684469918963444,0.08090462884304889,0.0967156644016167,0.9168136089786407,0.12477292847108333,0.05154352291434403,138,174,0.8484553157768661,0.053796712944947415,0.7189767019505966,0.0231276554047951,0.038872161668921414,0.0421426541105889,0.010415331249872107,0.01373798267963482,normal
4,tcp,smtp,SF,1444,1632,0,0,0,1,0,1,0,0,0,0,0,0,0,0,0,0,22,7,0.0503177170232213,0.04100505132959775,0.0898342306202429,0.03270197123445858,0.9960857825010236,0.1792561542583844,0.06323117893213594,176,112,0.8159742640523168,0.09067106223489137,0.7319341292589963,0.004094436220217957,0.0371916066803909,0.01777303568332981,0.00014295103441711588,0.016819494684301873,normal
1,tcp,finger,SF,1713,3160,0,0,0,1,0,1,0,0,0,0,0,0,0,0,0,0,21,16,0.0003725508077620732,0.08813887043548338,0.03769171484555517,0.001367864427367782,0.9947267532496047,0.04778454255846479,0.08197675886188094,212,197,0.7106126190172621,0.14295043234986413,0.7360949984288314,0.04887586694778197,0.03901593290269179,0.03217359623820574,0.030397410322145352,0.014970671281273457,normal
1,udp,http,SF,873,1076,0,1,0,1,0,1,0,0,0,0,0,0,0,0,0,0,19,20,0.014803322010256182,0.02309010194113772,0.06653417221020202,0.06482160402713806,0.9255807161494353,0.1480721817410848,0.05247623360817011,207,61,0.9497555572228737,0.0925835612932306,0.8305089335200602,0.09965457339389333,0.048980751157276924,0.03625027722360466,0.002023153991441373,0.015163696156936152,normal
3,tcp,finger,SF,1538,1035,0,1,0,0,0,1,0,0,0,0,0,0,0,0,0,0,1,26,0.07124812837598668,0.0667094759555663,0.009828457014224712,0.029359130965971293,0.9787472013344833,0.11937771115910566,0.007696816837530407,228,137,0.9220806800441607,0.03574587518498369,0.8903196726505536,0.039424564197291616,0.009855245883641884,0.043071003872978686,0.041868521144645725,0.048511158759018236,normal
2,udp,finger,SF,1320,2967,0,0,0,1,0,1,0,0,0,0,0,0,0,0,0,0,25,28,0.04337349736874821,0.06120822549018961,0.015441942802223375,0.0694237202111465,0.8121725166411403,0.009968708806908278,0.054389047048600064,206,234,0.961328086430645,0.07762733702299263,0.8124137816716429,0.023000037648217175,0.03687739412617394,0.018063706642394907,0.03877093095977832,0.03204448578298264,normal
112,tcp,eco_i,RSTO,40697,101,0,0,0,2,4,0,4,0,0,3,0,0,0,0,0,0,282,191,0.627386367458462,0.732486133655959,0.6357554851408135,0.8585200662630634,0.2122563079071135,0.994034136607655,0.0434097117841732,85,35,0.2143154164208029,0.9059291038072887,0.08163367540814653,0.05448191590141014,0.8820043705535947,0.9226905416982585,0.0060926366044911145,0.010302888761877127,satan
142,tcp,private,S0,28899,60,0,0,0,3,4,0,3,0,0,1,0,0,1,0,0,0,247,416,0.802233053220319,0.9857002678284043,0.6158049876021233,0.9213992400660544,0.27720883960075365,0.5563279518417614,0.004480530334506005,118,39,0.012478537468133776,0.6292845249527806,0.03820254679381613,0.017016951459135444,0.6549413462113016,0.879727119310129,0.020676036443026954,0.02993546712126277,neptune
2,tcp,http,SF,1425,1997,0,0,0,0,0,1,0,0,0,0,0,0,0,0,0,0,3,26,0.05496338106932469,0.08303468406135611,0.014458536512678245,0.07870701269273585,0.8609254776218311,0.15770489676042312,0.06395825644220379,57,88,0.7768860407463047,0.10368439574274271,0.6509675105707385,0.017486039476730653,0.01881912544315787,0.00028241367850462273,0.01243992896350013,0.023429520202056853,normal
41,tcp,private,S0,41488,36,0,1,0,7,1,0,2,0,0,2,0,0,2,0,0,0,362,392,0.6888403083124097,0.9360440145378175,0.7284907905700061,0.8849958174861663,0.23302376811654815,0.6601902253359708,0.039118031486741034,113,16,0.07060626203706101,0.4082931596399356,0.0319660490496786,0.05060913439420335,0.8322467749481646,0.7377477717604035,0.029557790665516732,0.04503200618049636,guess_passwd
1,tcp,smtp,SF,275,3444,0,1,0,1,0,0,0,0,0,0,0,0,0,0,0,0,6,5,0.033280537212260035,0.09522967977656314,0.08885037667898434,0.07819452750462824,0.8403977659882761,0.054804194908370435,0.025216723884814995,171,168,0.766491401071811,0.18166763064908956,0.8267628296627173,0.020675172864311742,0.018862600365811923,0.013705384385194625,0.041295540571979844,0.004852446827611517,normal
3,udp,http,SF,1860,2027,0,0,0,1,0,0,0,0,0,0,0,0,0,0,0,0,2,16,0.06679238700585363,0.08918882018418167,0.02028917948060165,0.019679918784140937,0.8101914050774826,0.1377628194398324,0.07368252636964233,206,178,0.8851237528445254,0.17779983909030786,0.5013071785076105,0.030311634124357348,0.02812185297134205,0.04133931902407137,0.04145095608872407,0.04023390710049933,normal
41,icmp,eco_i,REJ,34624,86,0,0,0,2,1,0,3,0,0,2,0,0,2,0,0,0,486,227,0.9007402420906455,0.6465179376542838,0.9399558567348083,0.8055527165696271,0.2875755740418611,0.6311625382424689,0.037062946127471956,164,31,0.16021025441095876,0.40313013108697143,0.29566543348998814,0.08970390413575839,0.6528810422951676,0.6592864849713204,0.0062449927672397765,0.044923614378516816,guess_passwd
2,tcp,finger,SF,1496,1885,0,0,0,0,0,1,0,0,0,0,0,0,0,0,0,0,26,19,0.07173107187064043,0.07918298431946844,0.09598653574972293,0.042635324472435725,0.9978135026821465,0.19006796943601725,0.007358332295192583,174,117,0.9258969446420128,0.017970008618483035,0.7344675732391555,0.050996990497221575,0.028968970249224298,0.044685871550615604,0.02307591080048557,0.0047799264325385175,normal
121,tcp,eco_i,S0,18212,264,0,0,0,6,4,0,3,0,0,3,0,0,2,0,0,0,230,273,0.768295353046445,0.8317975649225221,0.7948758939111153,0.8161808308116039,0.08042042036719202,0.9712928392966442,0.08953034885142702,68,4,0.051269163682903275,0.712914554672154,0.29420544461476766,0.07844569658332866,0.7298122720605943,0.8158352584447646,0.009986179093561637,0.04809027249116046,portsweep
1,udp,smtp,SF,288,1297,0,0,0,1,0,0,0,0,0,0,0,0,0,0,0,0,15,2,0.048496025024361504,0.05780607631866924,0.0394996310172563,0.09730606535174524,0.8880753603169574,0.13445470953493205,0.044060822418952796,210,198,0.9757910296756365,0.18907890125022325,0.9446437893464166,0.03535201714692102,0.01622914287202809,0.03601998048219919,0.0360906899722015,0.034135092330709924,normal
0,tcp,finger,SF,799,1418,0,1,0,0,0,0,0,0,0,0,0,0,0,0,0,0,22,1,0.03847946349957074,0.09809809410158143,0.0751175140171928,0.09919294092179924,0.8560276775262814,0.03423692329221489,0.020467662915867414,131,136,0.9165220757006313,0.1037198148748471,0.7782941978617084,0.08759845252025905,0.046126874387091385,0.02003509261744531,9.24728498948646e-05,0.04773975137201637,normal
146,icmp,eco_i,S0,11914,191,0,1,0,7,4,0,4,0,0,2,0,0,1,0,0,0,270,405,0.7454753214696153,0.6546698184324536,0.9521128854229011,0.819252540390269,0.23749934501207917,0.6322040825306695,0.03478739658772911,66,27,0.04553113093469151,0.5015461928108488,0.04230257661611151,0.04021243665026458,0.6303797896709844,0.9372794798836257,0.037784816080020565,0.021356634292175148,portsweep
412,tcp,private,S0,14752,19,0,0,0,4,2,0,3,0,0,2,0,0,0,0,0,0,411,378,0.8558685740952912,0.9018238329944988,0.797706071161207,0.6199053006506282,0.24546371531618089,0.7564355704407497,0.008547845868213244,247,25,0.10444393786092683,0.8259331475066026,0.15935263552488918,0.042135826490543905,0.738293223931715,0.8867800961170349,0.0022090082967179125,0.006497658782399485,neptune
372,tcp,private,S0,43689,270,0,1,0,2,3,0,1,0,0,1,0,0,2,0,0,0,459,423,0.6122382772474758,0.9676842731894695,0.7769793952474074,0.9253622934425549,0.26902428446055826,0.7420924081923334,0.03703684577052339,85,27,0.21011963680038429,0.6235219040714738,0.20253823419201403,0.0639530286042393,0.8266593728815169,0.521057083449835,0.034082237437460174,0.03325432158551812,neptune
405,icmp,eco_i,S0,11593,12,0,0,0,7,1,0,4,0,0,2,0,0,0,0,0,0,234,257,0.6409518201931526,0.8639918600658536,0.6915917600462531,0.8328874350181686,0.006516952359285921,0.8465026531624991,0.03008856396687867,226,39,0.1327260919776739,0.8882769614024746,0.022810082310241342,0.07382196262987627,0.6383885982972783,0.850178932442996,0.010743239302911418,0.045279401520765025,satan
3,tcp,http,SF,231,2764,0,1,0,1,0,1,0,0,0,0,0,0,0,0,0,0,20,15,0.060264065232578504,0.0062551786277294415,0.08754382397942416,0.012641174364183895,0.9419254982327572,0.18189367918589813,0.05215442197328721,192,215,0.9807725945014907,0.03956333737405396,0.8029469311816222,0.015142738251046518,0.00614861935890424,0.02884413684713017,0.0027903394680688256,0.04799506988985279,normal
0,tcp,finger,SF,1042,4941,0,1,0,0,0,1,0,0,0,0,0,0,0,0,0,0,25,17,0.02043656937491969,0.0744645964201534,0.017937039206270378,0.0546684211569528,0.9353750752325257,0.05398383060535128,0.025028659313307368,146,116,0.9010341245752729,0.01385539870089856,0.6289818502824724,0.02254644960304608,0.03936678198625215,0.028032027861741443,0.04990744045794657,0.04795804128380994,normal
204,icmp,private,REJ,48362,187,0,0,0,4,2,0,3,0,0,3,0,0,2,0,0,0,394,478,0.8099661249522575,0.7445077601018066,0.9305339590908084,0.6180825545771894,0.2497479790009591,0.9455635643224043,0.034551278086248305,178,5,0.07458082942547002,0.46821309717074505,0.08631138809656798,0.083211612985777,0.8504845677398329,0.9238995393645606,0.03860870819558068,0.03852339778075941,portsweep
4,tcp,http,SF,468,3033,0,1,0,1,0,0,0,0,0,0,0,0,0,0,0,0,1,27,0.02366840035976563,0.04145480240903189,0.07467304458807168,0.04023286239239254,0.9355728728610202,0.08400594783663039,0.013751486946516345,211,156,0.9911176488644289,0.0853588971182516,0.9379893074434364,0.042030469987880806,0.03145505006378934,0.0013282710524968877,0.04740172412421148,0.026613188270702366,normal
367,icmp,private,REJ,20635,6,0,1,0,6,4,0,4,0,0,2,0,0,2,0,0,0,428,285,0.6230018193007723,0.9071760912465803,0.9329682374700868,0.9504059185058622,0.15175570020033233,0.5208326690825961,0.06922787005306501,93,30,0.13172834187881785,0.7779258167957106,0.02458320758005985,0.0332729016169887,0.7889095138849728,0.9874132040672544,0.00804522565297834,0.008718667492967347,smurf
3,tcp,smtp,SF,996,4180,0,1,0,1,0,0,0,0,0,0,0,0,0,0,0,0,29,1,0.09106640422500437,0.027551083945484934,0.07573728665464524,0.03029963006172174,0.8796696416887293,0.04467077940285402,0.09661811981223575,200,240,0.8013510208392319,0.17159442820115728,0.9300682540606173,0.04570134474794903,0.029980723885308716,0.03725404174015016,0.004849070686957158,0.00689833281730164,normal
0,tcp,http,SF,410,897,0,1,0,1,0,0,0,0,0,0,0,0,0,0,0,0,13,19,0.0031277251274806407,0.06024819979535043,0.03493216752360554,0.07716076001058686,0.9886288614783032,0.12243848796640228,0.056426371177503376,140,56,0.9306289480748482,0.09325834811262645,0.75190335500537,0.057894035632788055,0.04288892561795962,0.009705283367478596,0.04079938339213121,0.03697050469303794,normal
274,tcp,private,S0,42063,210,0,0,0,3,4,0,2,0,0,1,0,0,1,0,0,0,439,152,0.8081738157084564,0.9715848095603743,0.8938687070302449,0.7721629196208639,0.2710942998361207,0.6308849917062427,0.02475164014401702,212,8,0.2986787114923122,0.8050464797408156,0.16020570192110617,0.0714956445426563,0.5289526278423895,0.5773809849943891,0.02256955532304645,0.013051532194553612,satan
1,tcp,finger,SF,1812,4257,0,1,0,1,0,1,0,0,0,0,0,0,0,0,0,0,18,18,0.09283071330971238,0.0966743190512804,0.03369268477021086,0.0985635712513855,0.9592234201096747,0.1458141442826081,0.009505337815070892,206,179,0.7472540193052157,0.12904442739595248,0.8153144227416502,0.06549618886272099,0.038810856461131846,0.03258509509164596,0.045060836480466764,0.005440858903346269,normal
4,icmp,smtp,SF,1670,1534,0,1,0,1,0,0,0,0,0,0,0,0,0,0,0,0,2,25,0.024074295352419395,0.08199899477787728,0.08923062282318597,0.03683839375588025,0.8340674140755181,0.17707417964949013,0.09860503566836593,92,154,0.9893980694802399,0.14324113039543587,0.6613884734908604,0.07673299092753699,0.02759547095176635,0.03819542202449503,0.018410486874272904,0.017012344586201822,normal
3,tcp,http,SF,1743,4955,0,0,0,0,0,1,0,0,0,0,0,0,0,0,0,0,18,15,0.05542981352795981,0.015496899314989222,0.04279137204899498,0.08227918483482073,0.8390749994611929,0.15479976441892984,0.07431760807261967,178,252,0.7231568876318213,0.0006724572462757594,0.7920077885882983,0.0677363266414275,0.027338894320952295,0.028821491996922778,0.0370590390939688,0.032483791128875096,normal
2,tcp,finger,SF,1795,1668,0,0,0,1,0,1,0,0,0,0,0,0,0,0,0,0,9,4,0.00032076906851840063,0.030943368604734945,0.059378622693317576,0.07154929967908985,0.9019135035523325,0.02827006676303785,0.09578658963867491,59,79,0.8857339354802582,0.027989697297488503,0.5174721388583644,0.03481860130329572,0.028562772616377283,0.041521847232423234,0.0014160341762103513,0.04160038595348436,normal
1,tcp,http,SF,802,839,0,0,0,0,0,1,0,0,0,0,0,0,0,0,0,0,22,29,0.06341832153951836,0.005034584623646855,0.09364509147084886,0.094992295702238,0.9088327015298299,0.06433758177186695,0.0912045798249695,186,232,0.8004705071751699,0.03154729473019593,0.6387169961479691,0.006264944259457306,0.03447747956882101,0.04440780618331254,0.01594787483943395,0.036063649489044884,normal
2,tcp,http,SF,1210,4344,0,0,0,1,0,0,0,0,0,0,0,0,0,0,0,0,7,8,0.031177145877791704,0.005160766497226266,0.0006781599401304961,0.004333175346050033,0.9202100629070883,0.0168357084960979,0.022448647802751288,214,153,0.8036439034042199,0.03823079861484931,0.7702905103168542,0.04252572065208218,0.026130511819680943,0.002694211486925091,0.04760511322725653,0.03378599470835259,normal
2,tcp,smtp,SF,1955,2566,0,0,0,1,0,1,0,0,0,0,0,0,0,0,0,0,6,28,0.007318069058095955,0.030886275491526095,0.01573445388184953,0.0653124667553941,0.9921872540977212,0.1236947396601486,0.06126158294341719,161,230,0.7385686616393892,0.04154978834241903,0.6269156202024779,0.04819321148188526,0.01115228258953171,0.014169455606869281,5.7038807300119344e-05,0.0168946153573003,normal
3,tcp,finger,SF,109,2623,0,1,0,0,0,0,0,0,0,0,0,0,0,0,0,0,9,22,0.03170415629094531,0.0068560116064847465,0.0991770134252704,0.05237821909035946,0.90498980914666,0.14559087333449552,0.001936906603089217,88,164,0.9738545983405983,0.11850752977425077,0.6080492608838126,0.06550352551008597,0.001207038123534493,0.03614372771978482,0.03277410034386391,0.02572963973094476,normal
307,icmp,eco_i,REJ,36364,279,0,1,0,2,4,0,3,0,0,3,0,0,1,0,0,0,447,288,0.6311286949749394,0.7063898538321788,0.867366511490782,0.9456854429687153,0.24082124227666651,0.6108905628427783,0.08343738752092636,195,2,0.08403111140145497,0.6776238261392118,0.27714496488066265,0.053131502854399874,0.9883509583195468,0.5024217754534465,0.02947560153945481,0.026170489027666045,portsweep
1,tcp,finger,SF,1663,2970,0,0,0,1,0,0,0,0,0,0,0,0,0,0,0,0,4,13,0.02868938238323139,0.05200512786209478,0.06791133665720679,0.012725761828472648,0.9285620508577435,0.12612514086193527,0.0326130142625004,139,192,0.7692678835392827,0.034363859938737716,0.5262639943973879,0.04463906651698697,0.017117512629292425,0.033458408141997124,0.0394415484502042,0.004473997031181232,normal
273,icmp,telnet,S0,12843,171,0,1,0,4,3,0,2,0,0,1,0,0,1,0,0,0,276,283,0.6207150471686892,0.7401442184473056,0.6186305990630248,0.9914069329650799,0.2526033367028077,0.9021501079111443,0.010775092048228296,137,3,0.12820879383427905,0.9797600495912645,0.24799012462931067,0.06584600174664322,0.8519666388737279,0.8724039191260953,0.010581911317045029,0.0007575318576385327,guess_passwd
208,icmp,eco_i,S0,41176,98,0,1,0,6,4,0,1,0,0,1,0,0,2,0,0,0,375,410,0.704060860638198,0.7042325964811944,0.8644066538399866,0.6861030992018375,0.2435145297974822,0.551763644557602,0.0013109563726653286,208,34,0.24171502222687874,0.7000171873394059,0.2797362714198889,0.033375624001654794,0.813553505454714,0.5375014995154332,0.0010879333814193815,0.005654761489342192,neptune
4,tcp,finger,SF,694,1046,0,0,0,1,0,0,0,0,0,0,0,0,0,0,0,0,11,14,0.020827999443580516,0.032253642193885844,0.042362832540184615,0.031929024244587115,0.9916705626300837,0.07184293720290917,0.07547261030154673,133,90,0.7659647910349429,0.13849475788878382,0.7842995780780393,0.05478345802679188,0.04718463962732636,0.005601290036314161,0.04003402121529245,0.04472319364294666,normal
2,icmp,smtp,SF,821,2947,0,1,0,0,0,1,0,0,0,0,0,0,0,0,0,0,20,13,0.02817669578263532,0.08868059392806316,0.0788072927588106,0.08933758158837524,0.9940672382758988,0.16696793522871245,0.07677564933724812,207,180,0.7682319900381799,0.10182929618687504,0.6464763039060967,0.07151337259585594,0.01857494912047721,0.0056890965545964905,0.009918249286005832,0.000718260354165029,normal
3,tcp,finger,SF,1451,4606,0,1,0,1,0,1,0,0,0,0,0,0,0,0,0,0,16,13,0.06911320145375287,0.00537153651452258,0.07606272321111164,0.06925535452979048,0.9808652368116945,0.022576310636077325,0.03478811998798181,122,94,0.7630897882807176,0.1625856494671847,0.7247646361211382,0.040925506695826265,0.02229499134525846,0.027192807595052184,0.01328316797004922,0.014848785831106598,normal
274,tcp,eco_i,RSTO,21039,59,0,1,0,7,3,0,2,0,0,1,0,0,1,0,0,0,415,191,0.9346350943495678,0.6160022287070916,0.890744818148505,0.693350671566346,0.25644705007382657,0.6606255322544461,0.0065982446281824154,232,2,0.12155707549385035,0.7920747071764864,0.20813455177637782,0.0001021577517613781,0.7724340444114401,0.8503000012772601,0.042626946867503394,0.02592289355778355,portsweep
35,icmp,private,S0,11311,234,0,1,0,2,1,0,3,0,0,2,0,0,2,0,0,0,316,354,0.9365019133982297,0.7771796429124536,0.6158580061040283,0.9197474135691712,0.03972803677512712,0.9591723466516211,0.09477851172875768,222,1,0.015106602737703456,0.4917409299787079,0.12672021041380638,0.07068746429591792,0.885025159886546,0.9959440379518687,0.042616032047293945,0.004518420020372438,portsweep
14,icmp,eco_i,RSTO,48898,20,0,1,0,3,1,0,3,0,0,2,0,0,2,0,0,0,460,224,0.7824935382968403,0.7372795565625907,0.9996498037877313,0.6986333700268829,0.07377605524681492,0.6722114302486257,0.04874355568645155,92,0,0.2619842070268142,0.9719561289390108,0.21300707296829766,0.0003366713024695267,0.7449495168287317,0.6386935022257196,0.03549777123529415,0.04389556459608568,neptune
0,tcp,http,SF,520,3452,0,0,0,1,0,1,0,0,0,0,0,0,0,0,0,0,15,16,0.00042828106329350084,0.08172722192782778,0.0891701811225204,0.01615219317703126,0.9143334815856068,0.19256148551234276,0.07005459485221976,81,117,0.9103863042893932,0.1495999627959924,0.8278212794143449,0.04832832760046821,0.040866993760293235,0.04047034403500634,0.0007722577718837387,0.006234967538144293,normal
103,icmp,telnet,S0,47724,81,0,1,0,6,4,0,3,0,0,2,0,0,2,0,0,0,309,231,0.7287327967143111,0.9196020828769853,0.9211205160463323,0.794445202071268,0.2896291037495005,0.5745634865191735,0.00819911038532979,77,19,0.07561312165936507,0.6519625507542355,0.00870998143662094,0.0959339124614759,0.8545077152957244,0.7462162600400222,0.019143925826306658,0.0012430506397927534,guess_passwd
366,tcp,telnet,RSTO,48317,191,0,0,0,7,4,0,2,0,0,1,0,0,0,0,0,0,473,245,0.628308232437676,0.9010895350683024,0.9685371727235877,0.8777834844440895,0.060925763713014974,0.9664208274734094,0.09170770510772469,132,18,0.09054313836165696,0.47407626943036246,0.22594743328534897,0.007015807007385567,0.9221299609075742,0.8524194903661312,0.00713045965743247,0.006085419852983676,satan
3,icmp,finger,SF,475,4198,0,1,0,0,0,1,0,0,0,0,0,0,0,0,0,0,25,9,0.04291517898791625,0.050796584344996225,0.033748002307447324,0.08415885967530701,0.8520580619412383,0.12115594249077873,0.08606256161556447,142,56,0.7275506302805526,0.18431671177595035,0.9001877854272127,0.05080626097714577,0.03681182985217885,0.03346882963070429,0.04347348885594247,0.0011953119480462738,normal
4,tcp,http,SF,741,988,0,0,0,0,0,1,0,0,0,0,0,0,0,0,0,0,22,13,0.08856629200453749,0.06261023118092106,0.06778880255203257,0.06982963945882051,0.9879305841596451,0.05984602012033129,0.029194350795143233,86,66,0.7860518565209295,0.012085467137631834,0.8597223284681764,0.05102657746354712,0.003853233399854045,0.03930994872016316,0.025534860387700444,0.03827493529257741,normal
3,tcp,smtp,SF,895,1287,0,1,0,1,0,0,0,0,0,0,0,0,0,0,0,0,14,16,0.017175314606842063,0.060163836913886284,0.07152050043221464,0.0479064364585228,0.8591833210809624,0.04278437046150945,0.09430206845624496,98,188,0.8156722438587753,0.19037133024338804,0.84188792849193,0.016930403155433118,0.048445066959228095,0.011891051552029226,0.007448691811317171,0.010007863311851474,normal
294,icmp,telnet,S0,39020,111,0,1,0,6,2,0,2,0,0,1,0,0,1,0,0,0,347,354,0.6431488540983683,0.6731405017945357,0.6906466462177981,0.6012447799679309,0.16241230797914963,0.6565276267147337,0.004615096611878456,134,17,0.18817232516137974,0.9792203108626949,0.09948337809921616,0.004219346623796849,0.6421902156421433,0.6614525790934205,0.007421863036679782,0.027622593538189157,portsweep
1,tcp,smtp,SF,116,3533,0,0,0,1,0,0,0,0,0,0,0,0,0,0,0,0,28,8,0.03189695925826421,0.051773978707416325,0.020609390633044067,0.02160905383371934,0.856675853084013,0.15039737763367228,0.08947734692785168,127,180,0.9151401512804069,0.119772340745613,0.6618886358980114,0.07733322487976718,0.0321767690352222,0.008575388331039912,0.017278472699889153,0.02409464155847224,normal
0,tcp,http,SF,1530,2813,0,0,0,0,0,1,0,0,0,0,0,0,0,0,0,0,25,4,0.06578917814059948,0.09924587097750137,0.06605319663852102,0.08325074228768271,0.8509329382721786,0.12210304531607924,0.057331139071430386,146,217,0.7681850924525019,0.15770383157806722,0.9897093614176389,0.0960882125999357,0.02436479791161036,0.014942604203736866,0.032483998818432724,0.03779467075707753,normal
0,tcp,http,SF,1236,3122,0,0,0,0,0,1,0,0,0,0,0,0,0,0,0,0,15,1,0.07037698077660497,0.07877527188659603,0.08491536211995654,0.07035872571782559,0.8187872793184183,0.034032401613316464,0.08848125527500098,60,214,0.8682756734498907,0.19862233921073597,0.743771224588206,0.09917870480492452,0.027890452894179026,0.03865535483754816,0.04477340552546573,0.043455347099337543,normal
251,tcp,private,S0,5413,184,0,1,0,4,3,0,1,0,0,3,0,0,1,0,0,0,297,189,0.930381827965372,0.7332562949715049,0.6029622739857231,0.6015291788228466,0.23142295107890856,0.9509864720431084,0.09584966655537959,121,3,0.03118135871861791,0.5012444559834807,0.16601258824086879,0.09853449734618729,0.8115421347381422,0.5555962578531239,0.002078331571332448,0.03495078627691335,smurf
0,udp,smtp,SF,735,4864,0,1,0,1,0,1,0,0,0,0,0,0,0,0,0,0,13,3,0.06709213605539614,0.027886095823820203,0.05100105822590654,0.0379551107074678,0.9487183014824614,0.1304584089261752,0.09621351989835253,185,120,0.7829214487271271,0.04046100873551162,0.9889590571028144,0.017268561586575137,0.004347599266206654,0.003928768362468998,0.04503421815044304,0.021501726123605763,normal
0,icmp,finger,SF,793,648,0,0,0,1,0,1,0,0,0,0,0,0,0,0,0,0,24,4,0.05525479397729799,0.016561718054040064,0.0012535209678474991,0.05483648423800011,0.9888482972485099,0.004531668191168348,0.07847152195750329,240,151,0.9863401088042779,0.10215715279885013,0.9698494209794389,0.09358083306272585,0.032044670571609736,0.020903515631936254,0.0018995088788821225,0.032308121798688305,normal
47,tcp,eco_i,S0,16838,93,0,1,0,5,3,0,4,0,0,3,0,0,0,0,0,0,457,297,0.9965717276832582,0.8541790262984984,0.8190864263923755,0.6847382397593361,0.2778784111248609,0.5001437613932505,0.003002176358656461,82,16,0.243783687066996,0.5282631738587036,0.032852334283151687,0.07664685254205944,0.8341368691696192,0.5773462548897034,0.04410263052109909,0.04798144949948502,smurf
367,tcp,private,S0,11146,62,0,0,0,3,2,0,1,0,0,1,0,0,0,0,0,0,472,170,0.9388747806554396,0.8183390198985715,0.9575009303018281,0.6028866300853472,0.241654753867257,0.6726214792292816,0.03207744034612915,249,29,0.23811273401972194,0.942973072912851,0.025778939839011295,0.07139215028180697,0.8149960372814689,0.8690022042898013,0.03321769638124308,0.007581438815118241,satan
0,icmp,http,SF,277,4283,0,1,0,1,0,1,0,0,0,0,0,0,0,0,0,0,16,3,0.05951809731891022,0.012389060928835783,0.06900965197127477,0.013067050897865596,0.9865429746330412,0.02994440985929203,0.05426888375412619,80,121,0.9882301956636659,0.14641677937417666,0.8335063312365927,0.08706358689794536,0.04040045576158328,0.009067617930015514,0.02581056377922421,0.028108720566654595,normal
4,tcp,smtp,SF,1271,1783,0,0,0,0,0,0,0,0,0,0,0,0,0,0,0,0,9,6,0.062123317821366354,0.01003293178450484,0.08662419197575649,0.019564963648739442,0.808565999818738,0.007925452291683155,0.02258514837812349,220,62,0.8213885867318604,0.19668445175188654,0.6064938178468379,0.051680140025197135,0.04003928583392693,0.016683269557126717,0.009009218590852398,0.028566739505303015,normal
368,tcp,telnet,RSTO,18922,170,0,1,0,7,1,0,1,0,0,3,0,0,0,0,0,0,208,465,0.8587999643605817,0.7205916061218671,0.7912267665330905,0.7214616152116795,0.06170486418111003,0.7188172514407307,0.0729469283088183,130,26,0.1931630642217961,0.4476744642897145,0.1640046385434763,0.05038595626310968,0.8436160912110799,0.8351224577167177,0.022090396662172225,0.026635870040126675,smurf
2,tcp,finger,SF,1527,3919,0,1,0,1,0,1,0,0,0,0,0,0,0,0,0,0,16,13,0.06824892860020683,0.013326114443103089,0.06490970117635327,0.01930832074608152,0.9018048936509695,0.11276542162697578,0.07019287886531655,219,62,0.9428411904576175,0.02913951979314542,0.8244874933681079,0.08868782740270206,0.022801625612158285,0.017486624364558195,0.017931169633976486,0.04540614092644011,normal
29,tcp,telnet,REJ,27636,184,0,0,0,3,1,0,3,0,0,2,0,0,2,0,0,0,412,366,0.6942260393880617,0.6454417500281312,0.6958313348642536,0.6644411188182668,0.048411342757773236,0.8386744009127447,0.04880533609529865,248,32,0.28718507851554576,0.45897235049754026,0.14444126321953618,0.016245743479460863,0.5100066292298607,0.7230485041861928,0.012345289078234484,0.02393646709443741,neptune
2,tcp,http,SF,603,3735,0,0,0,0,0,1,0,0,0,0,0,0,0,0,0,0,13,23,0.004115320005240031,0.018298893352686873,0.0033402463063374245,0.035927834599623974,0.98772123324582,0.1353748467345621,0.04487462338751644,112,140,0.9579399166283833,0.008625313352496656,0.8213032504584183,0.06806769089738685,0.01681723221423429,0.031243734758381925,0.03032210616174312,0.00750852092735424,normal
3,tcp,smtp,SF,1474,788,0,1,0,1,0,1,0,0,0,0,0,0,0,0,0,0,26,8,0.008648419624538451,0.09185854490691313,0.06582403058111062,0.06501305992980431,0.8073084398159134,0.0432476598605744,0.0819762079217929,165,57,0.8054213309645086,0.14105147891303724,0.596133060793331,0.03310857790319788,0.028914916016935546,0.0010284528093504053,0.03857877553834872,0.031894660038246835,normal
130,tcp,eco_i,S0,40658,99,0,0,0,6,3,0,3,0,0,1,0,0,1,0,0,0,231,304,0.7243820137597325,0.701665260481471,0.7019619585528206,0.6806458634694024,0.09739504850492224,0.5768871545062725,0.08604971862547511,220,23,0.13994082339702732,0.7691016802310124,0.0705735934631871,0.08012850169152202,0.708165398731339,0.5335165915118825,0.04346627246124094,0.03723392578795112,guess_passwd
2,tcp,http,SF,1594,3731,0,1,0,1,0,1,0,0,0,0,0,0,0,0,0,0,21,18,0.07911331233595482,0.09055926492427657,0.05737807470636766,0.026882721888849128,0.8087047164134126,0.0008451852410209294,0.010338989989521798,223,217,0.7710091083242915,0.18917170957950952,0.8451758587559997,0.05981421221282743,0.049104669311056365,0.048956371984362076,0.048741277038710326,0.02014250059271959,normal
172,icmp,eco_i,REJ,10052,6,0,1,0,2,3,0,4,0,0,1,0,0,1,0,0,0,401,500,0.6056602950299343,0.731629704291373,0.8810446417278797,0.6448809238344617,0.09591240156633529,0.9603130016325547,0.06591964849983961,243,32,0.03304035528619496,0.4727925358648626,0.11611695344092848,0.03729049682957375,0.7001306314887882,0.6962210345001585,0.008244168800754681,0.0491696384629717,satan
111,tcp,private,S0,25180,147,0,0,0,5,2,0,4,0,0,1,0,0,1,0,0,0,222,431,0.6172296650759973,0.9286797835675762,0.7086752136064913,0.695234480091613,0.04909469025298132,0.8697866161686744,0.03867554813737789,109,10,0.026546233386153917,0.9688894453468255,0.20526210406753337,0.0716286737785434,0.5109285836535084,0.8585596260658429,0.018249170147900336,0.0003667235479323017,smurf
154,icmp,private,S0,32447,31,0,1,0,4,2,0,4,0,0,3,0,0,1,0,0,0,392,227,0.717086904831038,0.6043914336296337,0.7929235726202633,0.8957489498925886,0.16873162900065206,0.6154257482096694,0.07410253591056358,185,15,0.13011497384678516,0.6885256452114725,0.15304430540202127,0.05956815695330508,0.5301554531613554,0.889346669926991,0.015804635291882824,0.020098810464542257,neptune
242,icmp,eco_i,REJ,24720,72,0,0,0,2,1,0,4,0,0,3,0,0,1,0,0,0,280,311,0.7079361289297602,0.9954609100019954,0.7290255597384017,0.7745226767458906,0.11463389463146419,0.7881424863362205,0.08242617353835445,62,32,0.12856645491655413,0.5162434282571332,0.1898299933310685,0.05940591967110989,0.9478865136982777,0.7952969851560232,0.04170873665976675,0.012525228416005714,portsweep
1,udp,http,SF,479,1606,0,0,0,0,0,0,0,0,0,0,0,0,0,0,0,0,12,5,0.023790988666433078,0.006328363340203702,0.04908315662581837,0.0005639484822516971,0.9773469304332336,0.04200132156244538,0.08010270436309859,160,156,0.8090662885240899,0.04124855440033151,0.8454985407299423,0.05336395722182439,0.04503267639043562,0.02942815725123887,0.044330785145684365,0.015410140291992848,normal
3,tcp,smtp,SF,1214,3233,0,1,0,0,0,0,0,0,0,0,0,0,0,0,0,0,29,12,0.07146401611790269,0.06160872419411724,0.07128717219670093,0.06233599249634025,0.988214834049338,0.07003580360557347,0.0973383196718478,145,216,0.9962921526303958,0.13033410859202663,0.5664804509843406,0.09037467238279848,0.007848463940153079,0.03448842234962587,0.023476693533316773,2.5313513714320113e-06,normal
426,tcp,telnet,REJ,9937,60,0,0,0,5,4,0,4,0,0,2,0,0,2,0,0,0,220,315,0.9650611922477095,0.8808512034647042,0.882866477766116,0.8052382535689365,0.031491760119690355,0.8731967444291027,0.052697831766780605,206,30,0.15875202144989534,0.9153126712458924,0.07173801472327092,0.010277897949260617,0.7726115986551457,0.6084785430904398,0.04627800520533876,0.019339286020514795,neptune
0,tcp,http,SF,413,2259,0,0,0,0,0,1,0,0,0,0,0,0,0,0,0,0,21,6,0.024298586196281915,0.08393035720677539,0.07237997655986432,0.0040527034096262465,0.8512702685047712,0.007773127107177636,0.017897762359040392,221,100,0.8665172793166828,0.015983671583214055,0.7008460126764603,0.0891950122211263,0.019478156536649378,0.017225417651366193,0.01730348837439415,0.016120476769016064,normal
3,tcp,http,SF,809,1943,0,1,0,0,0,0,0,0,0,0,0,0,0,0,0,0,2,18,0.024675613927720965,0.05727041359331937,0.025746989322852423,0.01604844032718623,0.8160560653991891,0.023483377641682623,0.07099006789949233,202,209,0.8239185488295243,0.06471831557395684,0.524734957043538,0.06593408428482388,0.0038684154960751393,0.016259871294908856,0.04677842110160043,0.0006686587510652431,normal
7,tcp,private,REJ,28372,149,0,1,0,4,2,0,2,0,0,2,0,0,2,0,0,0,216,429,0.9327184617229844,0.6005649548548607,0.7867450668983129,0.8467913837874397,0.27754725725268425,0.6897511366926288,0.06093606526496096,239,14,0.1171003696193354,0.8185198215819465,0.16510086105975766,0.039516374765662166,0.9824638957811662,0.6954588080597811,0.03709119037832192,0.0012962693151935102,satan
2,tcp,smtp,SF,480,3844,0,1,0,1,0,0,0,0,0,0,0,0,0,0,0,0,7,24,0.006434898217492935,0.049957537835843904,0.02212213900245774,0.08041713344029737,0.9299297814423491,0.07368118571438857,0.0023279481482253008,161,228,0.9580367557263276,0.09084973212439301,0.9154057223698406,0.07715326176767494,0.0026755614758138205,0.010042547279734693,0.022300025230861654,0.021951229215350712,normal
349,icmp,private,RSTO,7441,53,0,1,0,2,2,0,2,0,0,1,0,0,1,0,0,0,400,376,0.6228763174202004,0.9965146301943456,0.6645230623430326,0.6356275122912423,0.06163899782496304,0.8542777429844518,0.0033961104436453504,225,15,0.07229906100694229,0.5911645757678647,0.007623260019366018,0.014913127691076656,0.6290487140459766,0.9560443478088684,0.0008768309401171571,0.011853146423686867,portsweep
390,tcp,private,REJ,33251,68,0,0,0,3,4,0,3,0,0,2,0,0,2,0,0,0,476,483,0.8935591811037891,0.63088188834055,0.7544358470041219,0.9746561563697906,0.17422414470108982,0.8703525171942531,0.022139849297332894,86,28,0.21116998857653507,0.698041183279737,0.07976076284654787,0.027238136174803265,0.6798517588727078,0.5776534542337757,0.030243690946502255,0.015258634156348394,neptune
2,tcp,http,SF,1925,3913,0,1,0,0,0,0,0,0,0,0,0,0,0,0,0,0,3,2,0.025091292895256467,0.04031432524508935,0.0285792477110597,0.02931542080066948,0.863232296160414,0.183340078152393,0.038155877390726484,252,50,0.8758471465702216,0.14748018910387625,0.8315069534674248,0.006837744536824142,0.008914748657234128,0.04880567669768038,0.03119745980997069,0.01788860037937854,normal
445,tcp,private,RSTO,36162,26,0,1,0,2,3,0,3,0,0,3,0,0,0,0,0,0,376,451,0.7349927265664993,0.7605704419876709,0.8134736020398489,0.7647669003176281,0.2907461142019799,0.8527123370581075,0.008051925475471422,238,10,0.1402967509989657,0.997686228076729,0.02637929691128241,0.03970534149808044,0.5149558525787105,0.9756176909412886,0.010981819384698527,0.026091858706543916,neptune
3,tcp,http,SF,1316,2923,0,1,0,1,0,1,0,0,0,0,0,0,0,0,0,0,15,14,0.05701930386989382,0.0028070011913956974,0.05533733717246886,0.06914175930297486,0.821134584072366,0.17449698063091468,0.07250780031386901,238,86,0.8709192902238452,0.02864877688943366,0.6020451870744343,0.035153867297293896,0.03097082858821247,0.005148985296791648,0.049786134929846015,0.0074260202419539735,normal
224,tcp,telnet,S0,35643,123,0,1,0,4,1,0,3,0,0,2,0,0,0,0,0,0,402,338,0.707443144273974,0.9713391624038887,0.6844253801746659,0.6000554912010378,0.14594003459682528,0.5947202147253279,0.08417022751223734,220,26,0.2436328117247264,0.9665714715432567,0.052474475421977126,0.05384915250436417,0.8461848359973749,0.7337709062302509,0.019690466526514266,0.043276696143864035,neptune
490,icmp,telnet,RSTO,18561,188,0,0,0,5,3,0,1,0,0,2,0,0,0,0,0,0,249,446,0.9868396691213952,0.8822341345230886,0.8269060036565083,0.8110474220562806,0.17818593088957788,0.6786973299230702,0.069966873026931,185,23,0.10882456096491325,0.8250216863027001,0.2946962815979606,0.07641993817331556,0.529465383888444,0.8153566537676766,0.005269366072616789,0.04547641846704455,satan
156,tcp,eco_i,REJ,40315,240,0,1,0,7,3,0,2,0,0,2,0,0,0,0,0,0,424,406,0.6507805165128456,0.6025232565200683,0.733834303573552,0.7057468559478294,0.0316929378225159,0.7442321972096307,0.03898302534778722,79,4,0.24494696397019877,0.4907207187434891,0.14562449722667753,0.01559392614427354,0.9867220169681411,0.8581979635476968,0.023146964899747536,0.012970811964705703,satan
2,udp,finger,SF,459,1603,0,1,0,0,0,1,0,0,0,0,0,0,0,0,0,0,1,23,0.0731393911774942,0.017382664913450453,0.07229066019649359,0.017236438158439584,0.8642880265969144,0.01582640594012985,0.08145268553210704,129,107,0.7919173417749845,0.1023034365835534,0.8835079342390058,0.05969473940466133,0.02140446379394519,0.029390137855915217,0.019749672945857763,0.0018616992521644006,normal
40,icmp,private,REJ,46845,90,0,0,0,7,3,0,1,0,0,2,0,0,1,0,0,0,364,394,0.7776989395781551,0.99846595510317,0.604100765018852,0.834224538082068,0.11622088802126085,0.8694993111697769,0.03721827110912464,103,18,0.286291597753699,0.481184552833152,0.14107270014661039,0.029955917699779712,0.6524548782204321,0.5024339853786968,0.019188272968644133,0.0004924528560984576,neptune
192,tcp,telnet,S0,46328,299,0,1,0,6,2,0,4,0,0,3,0,0,2,0,0,0,442,329,0.6510796542747085,0.6319438759505303,0.9909187719459497,0.8981720173060834,0.27101630604106575,0.680879292160099,0.0687357427306985,232,25,0.012611325037909571,0.5466205336756321,0.0631606283866646,0.019266668859200878,0.7493007114855652,0.598438720286337,0.022562995505645656,0.04444911705183134,guess_passwd
56,tcp,telnet,S0,18478,64,0,0,0,7,1,0,2,0,0,1,0,0,2,0,0,0,440,379,0.9714515419140857,0.856601205551955,0.9064242164488091,0.6538409598632975,0.06940200451773644,0.8529172653633275,0.019019390780882963,63,15,0.07575100803053322,0.5668374058791836,0.24469050850347884,0.008952330879104287,0.8024361057048274,0.6386503059700619,0.009132979970587374,0.00464637159193867,smurf
3,tcp,http,SF,500,4027,0,1,0,1,0,0,0,0,0,0,0,0,0,0,0,0,17,7,0.09140047054509676,0.029872352497443178,0.0347672030660947,0.09886620554100824,0.8888036036580731,0.07264763572957338,0.07193390654833291,156,94,0.8734720404893985,0.036193969944364836,0.7363692560885441,0.0734733917539036,0.04544179620352307,0.02459810145717671,0.015055159032909354,0.04551465473343336,normal
4,tcp,smtp,SF,641,3637,0,1,0,0,0,1,0,0,0,0,0,0,0,0,0,0,1,24,0.08838372360986317,0.03520827946342588,0.0316855085779924,0.08233299858567095,0.9547299549158961,0.02319258003336651,0.06075894499635455,175,162,0.7840079232611419,0.18346114728194354,0.6972213693656618,0.08334700035358941,0.025042539814402433,0.0019494755764615957,0.013108637657513706,0.019513154209296786,normal
272,tcp,telnet,REJ,27545,117,0,1,0,2,3,0,3,0,0,3,0,0,2,0,0,0,347,308,0.6054778389684714,0.6321593593501976,0.7287401959934685,0.9905811476549066,0.2755526653222352,0.7110244252694572,0.020936272041257975,72,0,0.06003933467992218,0.5902963590170475,0.2209919201552525,0.064339627194795,0.8632186884274673,0.7547657975849643,0.005278755819133907,0.009699511505658355,smurf
2,tcp,finger,SF,1654,4966,0,1,0,1,0,0,0,0,0,0,0,0,0,0,0,0,26,8,0.017468400492064152,0.01526936934997769,0.006182896069800193,0.0250682989509059,0.8494039676232854,0.11427130172549059,0.007033045786761405,191,52,0.7568340579582125,0.09664437249353625,0.9806035232661334,0.06694742435034769,0.039133034181070496,0.03682353607621167,0.018495827417953605,0.028392445098697608,normal
1,tcp,private,REJ,17396,62,0,0,0,2,2,0,4,0,0,3,0,0,1,0,0,0,249,293,0.7596868606141982,0.6180420915687544,0.7782318361437512,0.6245366565262406,0.16831005198121032,0.8942333833700125,0.053778744790647474,230,5,0.017909630297646594,0.8808644782710067,0.10250326523164147,0.09781320100568011,0.5622602245034194,0.7351698155688342,0.02936204381823933,0.03127251428765934,satan
366,tcp,eco_i,REJ,45928,11,0,1,0,4,1,0,4,0,0,1,0,0,2,0,0,0,406,179,0.7802214282206915,0.9195788871188394,0.6482817705790623,0.9124729473910231,0.2316758835322029,0.7283022950920238,0.022122842920593022,126,21,0.2677262455779179,0.5304355610339091,0.003719143977766159,0.06933135983051918,0.6349561991288952,0.956773201115751,0.040110652938339424,0.004990810312761835,satan
1,tcp,smtp,SF,139,1439,0,0,0,0,0,0,0,0,0,0,0,0,0,0,0,0,12,19,0.07243600948428013,0.019527718020659002,0.03141974864688068,0.03249300112112118,0.8457693001615536,0.051309669007133074,0.07543929197211882,109,243,0.8852393330745092,0.05373561435245107,0.5090979678548857,0.009468538541331107,0.01635223805774,0.029185113926250714,0.025245390821970182,0.039904968960234696,normal
2,udp,finger,SF,1225,4751,0,0,0,1,0,0,0,0,0,0,0,0,0,0,0,0,15,6,0.03247521164408084,0.06354292727910836,0.05997796559550853,0.09594000852714746,0.9742706166697455,0.08136409069001015,0.04256324432971814,136,193,0.9717590066727821,0.12356876853019655,0.5999939808587706,0.017425991771551696,0.0371907345089001,0.032607581439816694,0.011288425507195332,0.015203440138000141,normal
130,tcp,eco_i,S0,42050,235,0,0,0,7,4,0,3,0,0,2,0,0,1,0,0,0,232,397,0.9209937445336736,0.8487651742613923,0.8848564195057115,0.7154121583576628,0.14255368914962155,0.5918606874127321,0.07105994935564226,117,29,0.14109442915470805,0.5382193657941299,0.21418938306246285,0.0018827886206110424,0.7404754751952225,0.8200808687600931,0.03813121060354868,0.010322838162121657,satan
284,tcp,telnet,S0,16849,51,0,0,0,2,3,0,2,0,0,1,0,0,0,0,0,0,290,390,0.7740087162907157,0.7721707533611386,0.6827437621275939,0.9956574684954287,0.29426692495033346,0.962662154473295,0.00172158373242568,54,14,0.040008739842922435,0.8298691944865237,0.18728913405144795,0.047805165971509335,0.7834772048571126,0.9106738499063871,0.03137077207852177,0.041422508316786746,neptune
1,icmp,smtp,SF,764,4374,0,1,0,0,0,1,0,0,0,0,0,0,0,0,0,0,16,19,0.09360475203348233,0.07344338301788308,0.011161604667215575,0.08233725913706562,0.9455510557706425,0.11919212198822358,0.02344183019424806,91,51,0.8275197609618874,0.16105922897806046,0.8513618010043038,0.09699978224020184,0.011008426447552722,0.007595807698067458,0.0015850514021913732,0.02309391801552059,normal
1,icmp,http,SF,198,1316,0,0,0,1,0,0,0,0,0,0,0,0,0,0,0,0,12,9,0.08279241471565724,0.010010542876721052,0.009334624568067195,0.026431625233098388,0.8904239584854692,0.15946424946969737,0.07271236653171491,218,89,0.7470162674454746,0.03520493974048813,0.824140996155568,0.061470650653857276,0.04624865357501205,0.012341738118947638,0.03442690480807436,0.04994238161712401,normal
4,udp,smtp,SF,866,644,0,1,0,1,0,1,0,0,0,0,0,0,0,0,0,0,26,5,0.09194733085100915,0.08013173262158622,0.09689749032410411,0.08600237828834534,0.8390574958946275,0.020580594844727185,0.09163278159339559,189,136,0.8292397594017442,0.07541440616987737,0.7003900401728409,0.030101671295788515,0.03507501606092884,0.013864720958600408,0.004400614574668021,0.048917070259824766,normal
5,icmp,telnet,REJ,11761,291,0,1,0,6,2,0,1,0,0,3,0,0,2,0,0,0,433,434,0.8076755606755925,0.7694204933578607,0.727760047151632,0.6303022979948698,0.2368187574852712,0.5974724227023636,0.014482888171412934,72,9,0.09609161103229018,0.7209897063704906,0.198143627196566,0.050983878375522755,0.6931244043832709,0.503785171345019,0.03101509866840474,0.039732858542477385,portsweep
1,udp,finger,SF,1216,4429,0,1,0,1,0,0,0,0,0,0,0,0,0,0,0,0,24,9,0.010293904704739976,0.08612373420184544,0.04554633001731421,0.06617593412619689,0.8782538815168301,0.1945950201763206,0.08380252535954189,150,219,0.775062433131136,0.1638629337023287,0.703113306986251,0.009529013663007159,0.0002150103017419247,0.0151874114983583,0.02570872661052891,0.049293352467222266,normal
442,icmp,eco_i,REJ,14829,88,0,0,0,7,2,0,4,0,0,2,0,0,0,0,0,0,357,357,0.6044686574628231,0.7633466355500405,0.7439209630355579,0.9088370282101993,0.2613274284412224,0.9284741947703397,0.004482885136021786,187,3,0.26840692859397364,0.9251702966301167,0.13387682286480193,0.017845373980957903,0.9234724815206514,0.6432669174390953,0.010851270560655768,0.005257740273769135,neptune
1,tcp,http,SF,1302,3493,0,1,0,1,0,0,0,0,0,0,0,0,0,0,0,0,15,11,0.03553598703559985,0.08969427918333073,0.016046466272797145,0.08200644880229958,0.9727927392969542,0.14489475804060786,0.05903838503691392,126,79,0.7542433585179906,0.058090943629023985,0.9106390216509607,0.015726032668708503,0.01814191205008142,0.027241417990300467,0.020694944726801792,0.000731729147034893,normal
318,tcp,telnet,RSTO,19837,253,0,0,0,2,4,0,2,0,0,2,0,0,1,0,0,0,413,331,0.8700665180982259,0.743207166753137,0.9142203829144493,0.9165038692489513,0.07814130862569187,0.6564044275579801,0.048036239442944384,248,29,0.02221505823951476,0.7768298244822334,0.12317618888484776,0.05581331310115202,0.5255634382803649,0.7808531346486105,0.028523871710694728,0.02520511998791321,smurf
0,tcp,finger,SF,177,4756,0,1,0,1,0,1,0,0,0,0,0,0,0,0,0,0,8,19,0.004186152540683808,0.04777909068183822,0.09097922838293669,0.014589321977911818,0.871234554287082,0.0608579656952732,0.07007125802683718,58,85,0.7945626071066568,0.0753749076979548,0.7919107516913384,0.0907487878727419,0.047014307154955824,0.034918133554125326,0.02744072556541532,0.04084374309904389,normal
202,icmp,private,REJ,35289,65,0,1,0,5,4,0,2,0,0,3,0,0,1,0,0,0,412,505,0.6708407584094175,0.7007742121023361,0.6689074209867073,0.8240795546353363,0.06671840279278013,0.6493730276834759,0.09816221734845601,137,12,0.17838795174182337,0.8397361211441234,0.14239757066000694,0.040199510327721316,0.832616025950395,0.6926610284687309,0.04142594779912562,0.025989460862643116,guess_passwd
435,icmp,telnet,RSTO,43910,183,0,1,0,3,2,0,3,0,0,1,0,0,1,0,0,0,493,380,0.9040664822002691,0.9601246380528349,0.8895753135498723,0.8481748993922247,0.032329925668366954,0.5070617045728425,0.051814282715048836,51,24,0.01083554808347481,0.8607501900855896,0.18862740542035716,0.014823096691699268,0.6331081822692933,0.675804181208723,0.025964750279218157,0.0015505243880825526,portsweep
0,tcp,finger,SF,1935,1585,0,0,0,1,0,0,0,0,0,0,0,0,0,0,0,0,27,4,0.08598500568655341,0.011321728300705158,0.01733267962959556,0.030940993736162648,0.8119602418545079,0.02156276900608405,0.04783243858342251,128,208,0.9684981238124994,0.09740322898288623,0.7823271132439386,0.011632794634927791,0.025180616166011534,0.008126986689316818,0.005288559764819462,0.02045985315499765,normal
1,udp,http,SF,799,2194,0,0,0,0,0,0,0,0,0,0,0,0,0,0,0,0,25,3,0.01452724673660355,0.08108740179106258,0.057437117043144394,0.000871469732673369,0.9733867669704545,0.14826338720481977,0.03858609761067945,219,252,0.7448169860516624,0.1113216515173282,0.8284603872481644,0.054085675193756594,0.022982704022083383,0.028530918564020014,0.018382262143180995,0.045363926585763076,normal
36,icmp,private,S0,49174,26,0,0,0,7,4,0,4,0,0,1,0,0,0,0,0,0,308,231,0.7458900640018791,0.6245845536118869,0.6596493646021567,0.6167989410898947,0.06042493534728066,0.9565954287897338,0.07776370487606177,225,35,0.2967815254819193,0.4777680687269379,0.05846476524746464,0.07084798620413643,0.8470877325513501,0.715558903324458,0.02432422116638628,0.0033783582485396647,portsweep
2,udp,smtp,SF,1032,3253,0,0,0,0,0,0,0,0,0,0,0,0,0,0,0,0,13,26,0.07169585958944741,0.04694895316998602,0.0208170941304622,0.06931771194590108,0.8003749695746506,0.12257025591208548,0.09572550484597893,232,156,0.8148256886659797,0.06025808212133006,0.8125736067016074,0.08400712867281832,0.032831102300459075,0.028283730583301428,0.04306945635517806,0.04120185993844033,normal
0,icmp,http,SF,1244,4268,0,0,0,0,0,1,0,0,0,0,0,0,0,0,0,0,6,10,0.02996468963520691,0.031155813839396085,0.06772546436783458,0.03563030847683104,0.9299484080601583,0.14438083619559716,0.07890247339340722,236,63,0.7721470245118518,0.1183277709159528,0.6673837108198027,0.0259598670800521,0.04325249905627405,0.0005239576947192071,0.03182085930116212,0.04994118911332529,normal
4,tcp,smtp,SF,1942,533,0,1,0,1,0,0,0,0,0,0,0,0,0,0,0,0,6,6,0.05183806472769689,0.019549329494514656,0.05976381689598429,0.07691117068175701,0.9044957298174389,0.1568394508685851,0.017965322681492823,88,87,0.9447664742492754,0.19710786385988616,0.5280268203182543,0.061328760749133064,0.015048257315323256,3.4562795687181906e-05,0.0026444165993295857,0.03145158443556735,normal
0,icmp,finger,SF,1014,4654,0,1,0,0,0,0,0,0,0,0,0,0,0,0,0,0,12,12,0.0368468203310597,0.01204818041391177,0.03172485978947344,0.0716336800129603,0.9331835560001275,0.19484330593686605,0.04526398030424971,135,209,0.7185942916006944,0.07822613918691275,0.7289324381719033,0.020097742640987393,0.03461655485913126,0.021774939947152412,0.01932365503805908,0.006037116860392312,normal
19,tcp,eco_i,S0,7062,219,0,0,0,3,4,0,4,0,0,1,0,0,0,0,0,0,313,291,0.8106566780120339,0.8579405000921747,0.76114603318664,0.6648410310453813,0.23203884330161598,0.6818552590244745,0.08492528189584929,161,9,0.09354560256076623,0.5864754148564895,0.20129626269077708,0.056420896234560584,0.7716677964343893,0.7045720635071355,0.01809486058586923,0.04601366192866869,neptune
119,icmp,private,REJ,22704,274,0,0,0,7,2,0,3,0,0,3,0,0,0,0,0,0,410,352,0.7562441037739319,0.8570809620847106,0.7705544898676374,0.6736135988673942,0.13454710515584117,0.6013814378436533,0.00741127417580596,212,7,0.130238211086783,0.9400026196545287,0.22546224982025181,0.08645146638853929,0.9760763689773471,0.8728456277294373,0.022813768605452856,0.031712153044519985,guess_passwd
4,tcp,http,SF,1675,4986,0,0,0,0,0,0,0,0,0,0,0,0,0,0,0,0,8,8,0.06580323103841129,0.08113809515227648,0.05739032935718357,0.04516854958057447,0.9764432032803191,0.0801852765312972,0.04993518058684685,169,202,0.9163163106299467,0.18607739408755597,0.7368260482749714,0.0027915545071051876,0.04025952346261963,0.039577338037407594,0.0038971131140693727,0.017795087740740168,normal
31,tcp,private,RSTO,25406,233,0,1,0,7,4,0,4,0,0,2,0,0,2,0,0,0,247,315,0.8866608511650158,0.6246450658660889,0.7740439931275265,0.864562646780583,0.26620406882686576,0.5330818634906453,0.08433112888998226,146,26,0.19724510192748332,0.4061842829023289,0.21782001126778938,0.004469548847133365,0.8787501027676161,0.7079461647347024,0.031848446651171085,0.024480404501935844,satan
56,tcp,eco_i,REJ,27852,50,0,1,0,2,2,0,4,0,0,3,0,0,1,0,0,0,311,256,0.7425147447481901,0.7130789049777166,0.636948019179904,0.6479963662859909,0.2142590301677079,0.799276262436017,0.09699470895037976,65,20,0.21014453922060047,0.7808309900200809,0.14825179513926842,0.06194846984907141,0.9361283093294356,0.8559158498975554,0.0014195955203249013,0.018664132444336456,neptune
3,tcp,http,SF,825,1731,0,0,0,1,0,0,0,0,0,0,0,0,0,0,0,0,7,5,0.07756033922266313,0.08003770314825252,0.01623266213376291,0.037739177140498785,0.936987287424712,0.01861543227051257,0.0008683598463870013,161,148,0.7106340804999308,0.15337549323064556,0.5637711648170947,0.09658403745728311,0.006163182289288416,0.04143420871515198,0.036718135255052985,0.0015184080552874736,normal
0,udp,finger,SF,1656,773,0,0,0,0,0,1,0,0,0,0,0,0,0,0,0,0,23,26,0.05744676592713584,0.049484856159015655,0.023492817955053414,0.02149963424200444,0.8853828003471123,0.13968031913867582,0.013950690090624508,76,206,0.9141467056527186,0.18436115214855947,0.8908828038875515,0.08768268228395329,0.02614116206078141,0.02305633611123993,0.020203260722666053,0.008009197851344607,normal
322,tcp,eco_i,RSTO,6312,58,0,0,0,2,4,0,3,0,0,1,0,0,1,0,0,0,213,336,0.8963202276466138,0.7242228523438529,0.6622666901759797,0.6238140435537134,0.2079454446228746,0.7161633272797467,0.06854184093700362,197,22,0.1258043298712657,0.9639325936541944,0.2474537823567151,0.03396752561183899,0.98766643501655,0.8782126661955165,0.0016053138526344825,0.01588291276309955,portsweep
4,udp,smtp,SF,150,2943,0,0,0,1,0,0,0,0,0,0,0,0,0,0,0,0,3,24,0.0437444600499917,0.07462732339820062,0.030396025868608557,0.03577956372594787,0.9251165949076878,0.015813434292721553,0.013748668341890214,137,178,0.9058638640108485,0.044549629586676964,0.6013110493343681,0.07816995193687026,0.04102883308961015,0.015978361256048883,0.03753523702689125,0.042095667078021204,normal
3,tcp,http,SF,164,1475,0,1,0,1,0,1,0,0,0,0,0,0,0,0,0,0,5,6,0.025562774396908974,0.024498085899016232,0.0026052452377506976,0.09476983214653384,0.9446321188109701,0.05143943618491727,0.0828402883175355,209,114,0.9694468576545107,0.059942500292705626,0.8999287724540977,0.07167776685390508,0.014183247110659082,0.042040237382726026,0.044950197687764155,0.013107975091142294,normal
474,tcp,private,RSTO,18199,257,0,1,0,7,2,0,3,0,0,2,0,0,0,0,0,0,334,455,0.9085855235744709,0.8243816835017472,0.7919683816853857,0.703437208893124,0.057921356545152056,0.8347028896779836,0.012016908344224154,125,24,0.252721705828574,0.8846014810881515,0.21914253263893035,0.08438952038875003,0.9818220771977936,0.7580511402601933,0.004641308768329866,0.027299714925190163,smurf
4,icmp,smtp,SF,1814,3033,0,0,0,0,0,0,0,0,0,0,0,0,0,0,0,0,8,19,0.0627125975312123,0.08692078108304946,0.0806533247646205,0.0746338923482891,0.8230085630724405,0.15260658669427826,0.0010506856589846847,234,249,0.957252589921523,0.19790852864297515,0.5523760135408182,0.0157239962179342,0.04087121498814726,0.03414051543247114,0.0011681294803567112,0.04363764119635718,normal
499,tcp,private,REJ,44159,32,0,1,0,3,2,0,4,0,0,1,0,0,2,0,0,0,286,492,0.9378094009152036,0.6131328486833146,0.8551742464755803,0.992667489022193,0.24388685202378696,0.9777785189098233,0.04079951130520248,183,32,0.1135608142451752,0.8784342210475287,0.14185644678027065,0.08851016930006729,0.6239229349592641,0.74571615852455,0.020933659397223033,0.023922806379483175,smurf
2,tcp,http,SF,1039,4058,0,0,0,0,0,0,0,0,0,0,0,0,0,0,0,0,16,4,0.005755603594395454,0.03281779446054718,0.0641417904513436,0.019687100856436726,0.8444726205880906,0.1966077742995763,0.03268814416995254,101,104,0.8915215905756395,0.18769688776098598,0.9290302936475416,0.09130280253334802,0.011476005390217465,0.0002647939952751033,0.007597376274760004,0.012250630068608326,normal
0,icmp,finger,SF,508,4940,0,0,0,0,0,1,0,0,0,0,0,0,0,0,0,0,11,21,0.0727308559627431,0.08915757763383318,0.07497313169463148,0.01453503050084376,0.817762017357149,0.09824591024733811,0.032683467492391295,182,213,0.9841423119719988,0.014081250793755795,0.5764844460266045,0.07820621004762171,0.004200262238613051,0.02536791108258972,0.047593273877696136,0.033364413086551185,normal
0,tcp,smtp,SF,1178,1127,0,1,0,0,0,1,0,0,0,0,0,0,0,0,0,0,4,19,0.05585640667679065,0.07602752846863485,0.08398742827317392,0.0879044330472637,0.9817748113047459,0.025562907184426754,0.06291721687105115,165,78,0.9615933414243542,0.14054264839865152,0.81428058549904,0.09663190964832098,0.04754352097494169,0.01415505179485509,0.029963965148523904,0.021806437323042716,normal
218,tcp,telnet,RSTO,23840,89,0,0,0,5,4,0,2,0,0,2,0,0,0,0,0,0,285,311,0.937746001197129,0.8188952980209983,0.7297192496838947,0.7663331766913108,0.04752754291722059,0.7869680949404387,0.061693779968065576,237,13,0.14407506828726366,0.9177496085820428,0.1997932588610072,0.0025372995069434024,0.6908844872879506,0.5355630627295715,0.025505581193911997,0.03808283909090429,guess_passwd
2,tcp,smtp,SF,1890,4687,0,1,0,0,0,1,0,0,0,0,0,0,0,0,0,0,2,4,0.05012331895262763,0.08652403500715021,0.03035825052326585,0.031755489388757295,0.9605015058512016,0.027128353735172462,0.03112792187447442,221,213,0.7967575945453848,0.020743279066699195,0.7762622764262905,0.03040717187519454,0.012052428628577966,0.016346483019463922,0.022723045307423684,0.034344198367723656,normal
478,tcp,telnet,REJ,35179,276,0,0,0,5,3,0,1,0,0,3,0,0,0,0,0,0,388,389,0.8474045462427389,0.6119129936436094,0.6186466635778564,0.7725215387348271,0.05868382041103672,0.5932213247567606,0.06323162940562745,73,22,0.14892935634246804,0.897602376800957,0.11675340174807132,0.02054120101631851,0.5166750642202546,0.7775406976222126,0.04048222305650776,0.0023399528653849032,portsweep
62,tcp,eco_i,RSTO,13300,1,0,1,0,5,4,0,1,0,0,3,0,0,2,0,0,0,267,207,0.8588604994123896,0.74525784002152,0.7030002557518104,0.6588911672821103,0.21282363559862466,0.5575779781704155,0.01665287659825283,189,8,0.27040898242801836,0.8847699796178169,0.10600202195929717,0.0752304907926042,0.611976993612652,0.9548707306545532,0.003298467680645656,0.01201574062348873,neptune
374,tcp,private,RSTO,8941,176,0,0,0,7,3,0,4,0,0,2,0,0,1,0,0,0,419,317,0.7541568949398064,0.8239449208046769,0.715330040681532,0.6199199088079917,0.24241152872518737,0.521208179293446,0.0205356639024358,183,35,0.21332548263197124,0.6656194616181828,0.1924635637178904,0.07284250103597804,0.5372243738613129,0.7681632219002192,0.025273380571607176,0.047314205956567566,satan
69,icmp,telnet,S0,44528,295,0,1,0,7,3,0,1,0,0,2,0,0,2,0,0,0,297,481,0.8559244725693138,0.6241755139912637,0.9687927964529042,0.7660312248848519,0.13184283113696516,0.6405089153277159,0.035118841029378935,202,4,0.17725275188525785,0.7726976837020001,0.29372736524317505,0.032432803611614026,0.8984114559062922,0.7410999901478208,0.03897241192793488,0.043665599794558724,smurf
351,icmp,private,S0,19134,120,0,0,0,3,4,0,1,0,0,2,0,0,2,0,0,0,204,442,0.9511488700050128,0.8825150839923404,0.8310739340117775,0.9555598172303905,0.2975912338682965,0.9356845981064663,0.07144489073433467,100,16,0.055102815006445933,0.8473049509167441,0.008271684701961556,0.07182986448167553,0.6673542498704093,0.966428824758384,0.000569679555333702,0.041500388404955665,satan
3,udp,smtp,SF,1216,1798,0,1,0,0,0,1,0,0,0,0,0,0,0,0,0,0,24,14,0.060266441054650656,0.042073387116500986,0.06585711623461042,0.013046755477242822,0.8658824432223536,0.0010432642129788673,0.04912408965105728,75,176,0.9302010682792403,0.045689489096911395,0.8877601546740923,0.03452260338531301,0.023925181634444983,0.04191441286633475,0.044937590803430814,0.01689742076930908,normal
409,tcp,private,S0,41519,136,0,0,0,2,1,0,2,0,0,1,0,0,2,0,0,0,250,320,0.6757879934312819,0.720617357184912,0.8244610722071929,0.6383169396073332,0.2723244223237952,0.9087301775284711,0.06174929558885,153,38,0.03211120606568622,0.4882256910855916,0.29406039788180277,0.02541119332448546,0.6452389574321254,0.6779898460067456,0.01189550753191887,0.01355459689740956,neptune
4,tcp,finger,SF,469,1615,0,0,0,0,0,0,0,0,0,0,0,0,0,0,0,0,2,22,0.059843260166578316,0.09078020527624597,0.008529657553990789,0.01768488681070587,0.8628269548196088,0.14068118649544256,0.06237695676599199,131,190,0.8283619483700873,0.04422976023294825,0.553934609203148,0.026237357027767128,0.03002281113199802,0.03625291438692346,0.009521686201462065,0.02154190412299627,normal
0,tcp,eco_i,S0,7660,31,0,0,0,2,2,0,3,0,0,3,0,0,2,0,0,0,233,169,0.6696152928459805,0.6839380572925595,0.903523468267453,0.7537859981074619,0.0440993543799346,0.5650049199479973,0.0749561234619054,120,19,0.21483275601526028,0.9994174264267586,0.27805332189205006,0.0261380462049589,0.5272728262184525,0.8032952990940379,0.021486740736342907,0.0029293044280575445,guess_passwd
4,tcp,http,SF,1300,3181,0,0,0,1,0,0,0,0,0,0,0,0,0,0,0,0,11,3,0.04059443974879698,0.08273926622355085,0.08540837654752675,0.05501270478179646,0.9847750078240843,0.1277380762772907,0.09933333014602896,162,69,0.7163260086129306,0.09025406598098829,0.6218555135876661,0.02640840042882039,0.03978333636640554,0.04645122531018197,0.008527550380686578,0.028310290971920945,normal
164,tcp,eco_i,S0,47438,2,0,1,0,2,4,0,2,0,0,3,0,0,1,0,0,0,471,377,0.719372420257331,0.7894849851491192,0.9350423022444558,0.6165883618639094,0.05420532804665163,0.980541546467365,0.03116024260922369,114,38,0.07315644037676129,0.6128761492251067,0.21025530068835005,0.04453859535183566,0.6339824366396265,0.8433422506387263,0.04336974692996579,0.029235290272999703,portsweep
3,tcp,smtp,SF,1735,1892,0,1,0,1,0,1,0,0,0,0,0,0,0,0,0,0,29,7,0.004712491659557239,0.03481962181548629,0.09579198327687352,0.06128734889795206,0.8309029800468575,0.055863756068947494,0.03732674176207038,244,60,0.7237484729144433,0.010381437615099354,0.7076417625358298,0.045249904694547254,0.0005823636868555138,0.04202791595475833,0.042070926593900514,0.04021297907721,normal
2,tcp,smtp,SF,1025,2234,0,1,0,0,0,0,0,0,0,0,0,0,0,0,0,0,18,17,0.017012440561565013,0.04302265263460036,0.04584850106253278,0.09558192060173926,0.8600500767075726,0.09494834834143986,0.030702553933956423,75,95,0.7354930534743779,0.16899671821204254,0.6910673460713318,0.020400166658718223,0.04411261520797718,0.03632700007810782,0.03151377876936491,0.004849348133849763,normal
132,tcp,private,RSTO,23242,172,0,0,0,2,4,0,4,0,0,3,0,0,2,0,0,0,457,393,0.8467311925406302,0.9335968252582924,0.839340190610776,0.7465430795917843,0.15457242800164284,0.7337367199688964,0.0023420838726130213,227,6,0.01146497840392241,0.7466470114726189,0.018190917605381073,0.02859212547720479,0.6708875999812836,0.8498179164026546,0.04305928715608476,0.03697735652054212,guess_passwd
250,tcp,eco_i,REJ,14149,185,0,1,0,3,2,0,4,0,0,3,0,0,0,0,0,0,311,299,0.9035009577016075,0.7399557180253736,0.6181703632590302,0.822440080374915,0.2755319833845339,0.914237696487463,0.015224802867538202,115,27,0.2725883290764917,0.9867495336134112,0.22535041121693855,0.05116565260050224,0.9817084168991199,0.8284143414045804,0.02867005907178202,0.043673884994584224,neptune
201,tcp,eco_i,S0,33263,63,0,1,0,7,1,0,1,0,0,3,0,0,0,0,0,0,492,200,0.8930125778882998,0.9319875322723825,0.9270265672940987,0.9953697767202476,0.20100524905717834,0.8294958568781206,0.009843165534649657,50,8,0.0030790605019854088,0.6729592655959682,0.23203403373163384,0.09662828163785177,0.76268085711848,0.8790411672194633,0.013690611241942846,0.03446010546981505,satan
0,tcp,smtp,SF,958,3052,0,1,0,1,0,1,0,0,0,0,0,0,0,0,0,0,1,6,0.047775225535295375,0.09598138329368772,0.05794133629298055,0.006270458740317586,0.9648518019909548,0.004935082286585457,0.03216866673265535,135,176,0.992465584089664,0.1898741657183003,0.7196537183893794,0.002430945721119138,0.028493025067079847,0.005330828718314346,0.04408631040048303,0.004288885696521622,normal
143,tcp,private,S0,47278,183,0,0,0,6,3,0,2,0,0,1,0,0,0,0,0,0,302,178,0.7490559346591811,0.7038537121687071,0.7205298028627768,0.6051948178900212,0.14854737890592384,0.7926637379082071,0.02516644846279367,194,24,0.007503270894821501,0.7447781048666857,0.23976972272385502,0.08161946287224514,0.5122120143374793,0.5895860117000795,0.02442725267771529,0.046937730011582766,guess_passwd
2,tcp,http,SF,212,1404,0,1,0,1,0,0,0,0,0,0,0,0,0,0,0,0,26,1,0.020145656224734423,0.08159310621992495,0.05258652309625133,0.05022779118089321,0.8146223680018343,0.09281792753810283,0.08942325832284657,139,91,0.8471978846369819,0.08097056778699326,0.6715602647725483,0.04261188000723603,0.02052647487842202,0.005663408769661549,0.03472738005317094,0.039679508917943265,normal
139,tcp,private,S0,45982,183,0,1,0,6,4,0,1,0,0,3,0,0,1,0,0,0,227,277,0.9677215041492675,0.6578121508723552,0.8363435589557332,0.6422423644682131,0.015814116766713283,0.7408621103039388,0.08217082647918056,64,38,0.25211335657862766,0.4462522976894713,0.11448320415686351,0.08994204160228156,0.5554608206094044,0.5000760147025273,0.04318421110965501,0.04308291560476005,neptune
156,icmp,eco_i,REJ,49045,72,0,1,0,2,2,0,2,0,0,2,0,0,2,0,0,0,257,346,0.7516353532485862,0.8840116453603288,0.617862794415009,0.8558435094025169,0.09077267462528694,0.9530600148817758,0.00030397805836501757,137,9,0.06978173752049399,0.6590584020788641,0.12450637461298947,0.008905272438837685,0.9777198190784316,0.8953624513714151,0.03322451091687506,0.005181827846527348,guess_passwd
1,udp,smtp,SF,1910,4105,0,1,0,0,0,0,0,0,0,0,0,0,0,0,0,0,27,3,0.048670993414349495,0.061630709605209,0.06512419287826812,0.06289096189027389,0.9419742508874348,0.1969023106581973,0.0360587547162083,130,155,0.8210528884759765,0.15091500580357806,0.6636923053483005,0.04334301088833247,0.014577137709366124,0.024664302193102273,0.02844808934171348,0.008740787311848337,normal
1,tcp,http,SF,326,4736,0,0,0,0,0,1,0,0,0,0,0,0,0,0,0,0,5,27,0.0681816725646319,0.0804708588581187,0.036005312749412786,0.08197824956598392,0.9007577225300937,0.06911639050235514,0.022548418633954972,173,93,0.9359758797305097,0.007317146684365428,0.6211588594627862,0.07971062507813322,0.006294520912494878,0.00175868033621428,0.006876680942299202,0.01473683272244476,normal
181,icmp,telnet,S0,34296,138,0,0,0,6,4,0,1,0,0,1,0,0,2,0,0,0,396,221,0.737294577581521,0.6764803196138823,0.939657004506307,0.7332540675047101,0.12240668587539616,0.8337028006334504,0.08104630842591234,117,16,0.19446532790412283,0.46049130698893365,0.00978501038906926,0.029120405562252163,0.8328499997498442,0.7008360029588623,0.0336910045136569,0.047348882745816084,guess_passwd
478,tcp,eco_i,REJ,22572,99,0,0,0,5,3,0,2,0,0,3,0,0,2,0,0,0,452,307,0.8770516847881946,0.6530239632647231,0.8096561194925653,0.629223908534664,0.24257663048098285,0.8828551692809503,0.059107972779720255,95,10,0.1351194855625789,0.5322074747409419,0.17299381763417113,0.020859566916957974,0.5451870446922273,0.8001910518637115,0.03186956451299512,0.007401213538279073,portsweep
491,tcp,private,S0,8952,20,0,1,0,5,3,0,2,0,0,1,0,0,2,0,0,0,412,466,0.9116707164818436,0.7422834373550887,0.6151129713277964,0.63900748416801,0.09418896918530062,0.8286950380294636,0.030965373391852704,117,3,0.2380073216625208,0.7287065575919338,0.08782883703252166,0.021717665567503364,0.6248894620087886,0.725061145497685,0.04680389596732298,0.005368525161210874,portsweep
395,tcp,private,S0,41690,280,0,1,0,2,2,0,3,0,0,3,0,0,0,0,0,0,400,476,0.8417934779350967,0.6748919512509722,0.9506417025966902,0.7244432880810392,0.10265229237593762,0.7300037754528392,0.03751500042120653,84,27,0.03288574145918396,0.8840007452107018,0.2605590631731188,0.07057333402691236,0.7581454883004304,0.8231580279293891,0.008000120519961901,0.007392375531174911,portsweep
4,udp,finger,SF,1481,2167,0,1,0,0,0,1,0,0,0,0,0,0,0,0,0,0,10,13,0.03960589447836547,0.08700258808571378,0.019226013412649567,0.08838666668118358,0.9094503828095186,0.12062604503564288,0.017448101060972786,248,50,0.7666986782755839,0.08721064381323838,0.6854043008691699,0.07391816270431581,0.004194290161179066,0.032289208765179565,0.03883600613857882,0.03392693132113805,normal
0,tcp,finger,SF,1689,1159,0,0,0,0,0,1,0,0,0,0,0,0,0,0,0,0,6,8,0.035465557605636466,0.04512805015659471,0.07453556652802636,0.07933983204890725,0.8377937212725127,0.09231153171251108,0.05474281970000026,190,110,0.9027578501545437,0.1690418992794741,0.8825494055949512,0.09539449253562586,0.015628971098765626,0.01596494820038895,0.028401212066938603,0.02037391191162599,normal
140,icmp,eco_i,REJ,15283,171,0,0,0,6,2,0,1,0,0,2,0,0,2,0,0,0,247,341,0.99872511835919,0.8753593668918038,0.6762651647832695,0.9004831422637433,0.02621936815849226,0.9842020153629871,0.02819473841193917,145,22,0.2505729327260665,0.45078502384170355,0.10402239436519162,0.0709196262378906,0.5145828313482235,0.9122902278536733,0.03447030999388852,0.01714773564649611,guess_passwd
4,udp,smtp,SF,286,1656,0,1,0,1,0,0,0,0,0,0,0,0,0,0,0,0,14,21,0.029455607496639936,0.08636000698541542,0.01143955574012756,0.015764656491214193,0.8359364030759271,0.029988435385378945,0.019524589454557942,155,73,0.728325864734244,0.05028822176747723,0.9559965856552786,0.08893128703076673,0.012083527009014017,0.0371935988901611,0.010803377228144796,0.024645155096938605,normal
466,icmp,private,S0,19112,46,0,0,0,5,1,0,3,0,0,1,0,0,1,0,0,0,430,428,0.7557254687383863,0.9871180739536154,0.8783779964214314,0.9654960226591154,0.14640929083823975,0.989144052550625,0.03173905689857594,151,32,0.2500126520785324,0.7371608279213979,0.07264866445238723,0.01701436976494536,0.6379169407824016,0.7856527733522807,0.012519214405635859,0.029587482774167485,neptune
2,udp,http,SF,313,919,0,0,0,1,0,0,0,0,0,0,0,0,0,0,0,0,19,24,0.06144032510643202,0.025126355070646603,0.015986277590948072,0.05754031333367385,0.9451438946200708,0.11949551933131962,0.03920339010613503,195,154,0.8837856227458256,0.17848320243504176,0.578543758693755,0.07364593080209655,0.04957298755874049,0.01380900476137606,0.0013556368066901304,0.044638750679459625,normal
90,tcp,telnet,S0,18996,127,0,0,0,7,3,0,2,0,0,2,0,0,0,0,0,0,457,278,0.743288670080691,0.7214867090435265,0.6607783805627714,0.8713292424561834,0.25597447668525497,0.7391677019926653,0.03730972919515906,86,9,0.2981549952971097,0.4749181035779985,0.16062416005685515,0.08627093488844176,0.6102508704565874,0.5395169503377173,0.0014407573105613637,0.025974164268543494,portsweep
356,icmp,private,S0,15341,215,0,1,0,5,4,0,1,0,0,1,0,0,0,0,0,0,418,351,0.6191261796077765,0.725804592385575,0.7365300302907436,0.6851252926829217,0.10135888073013113,0.998754674051886,0.0530350699890907,116,18,0.24651958471212515,0.4930965513004236,0.1264314808668298,0.05345602440124139,0.5850569662293876,0.6906623489270468,0.045426446080800625,0.011064252784030882,neptune
3,tcp,smtp,SF,1784,3684,0,1,0,0,0,0,0,0,0,0,0,0,0,0,0,0,21,28,0.041631348873180034,0.051261324805362864,0.0966737574672076,0.04882518902812995,0.8345973616098965,0.14623959992456836,0.05280480287502093,234,151,0.8771234522225538,0.18462189472715873,0.735131931074346,0.08667257074057799,0.004216831166502083,0.016401974103292662,0.01434073143816237,0.044596970306012604,normal
3,tcp,http,SF,655,2712,0,1,0,0,0,1,0,0,0,0,0,0,0,0,0,0,19,11,0.022778719096120472,0.053631062192495804,0.06672952760161996,0.06065058323730488,0.9675359024015161,0.09558617679129194,0.053262913252576455,72,246,0.9769013053273323,0.023648346077734073,0.7640422857031728,0.041276854924210064,0.04869976847934121,0.009960741754696979,0.010494175945272728,0.02839698664285178,normal
4,tcp,http,SF,656,4711,0,0,0,1,0,1,0,0,0,0,0,0,0,0,0,0,26,13,0.06295165714034376,0.052702204929237544,0.021958489946633266,0.023942783775253152,0.8826361145871189,0.1504938236667639,0.05109994145616105,60,184,0.9302922566049853,0.12979985162981,0.6198600885332506,0.02215143650960122,0.018969773301999605,0.014972091722305188,0.006358750992162338,0.03289818006390373,normal
496,tcp,telnet,S0,29513,53,0,1,0,6,2,0,2,0,0,3,0,0,1,0,0,0,500,243,0.6179891790495855,0.8356801427871156,0.6296726004475892,0.6688430763794063,0.10473611035371123,0.8529715974265618,0.010464679030048907,114,39,0.19985835697552506,0.8682609323635307,0.2834187460014006,0.06964975966981825,0.9319980575794192,0.8403632223290696,0.045620107722903494,0.03345670695708487,neptune
413,tcp,telnet,REJ,28897,222,0,1,0,2,4,0,2,0,0,1,0,0,0,0,0,0,488,307,0.8567773908364458,0.6785704542471444,0.758920089900635,0.968751397979033,0.07379906640533646,0.6354759713645941,0.002305583260948363,73,22,0.11430167866048421,0.6615105078155746,0.25601931937163885,0.07945157464926139,0.6327050824971361,0.9411604078830282,0.04620957922765564,0.020515022974152572,guess_passwd
339,icmp,telnet,RSTO,32655,231,0,0,0,2,1,0,4,0,0,2,0,0,0,0,0,0,311,357,0.6329457136092388,0.6177768064995245,0.8893928021653017,0.7752379871281713,0.07420240275029612,0.5140629306965888,0.013306801114937617,227,24,0.2669024195402465,0.5993758056307421,0.1859955212899126,0.05889039177873506,0.9591628336835065,0.8326416854293146,0.006829430409391219,0.022496558594885564,portsweep
3,tcp,finger,SF,945,4087,0,0,0,1,0,1,0,0,0,0,0,0,0,0,0,0,13,24,0.09715761249080562,0.08044943549475032,0.03819188839183421,0.024322079589035175,0.9491871567843563,0.020275016537183735,0.06363106066625744,249,66,0.8767737712570028,0.19998945149090674,0.8121014272854905,0.0048344642215713335,0.025125816973416232,0.005467803898750074,0.023231301211169772,0.027876271605134114,normal
395,icmp,private,REJ,5030,191,0,1,0,2,4,0,4,0,0,3,0,0,2,0,0,0,472,218,0.8217499972415745,0.8023975915278593,0.8345818979070505,0.6963612744585126,0.25592387396577654,0.8866867264507838,0.01726761940085182,234,16,0.04459924363446418,0.9460369673741252,0.07113976628065921,0.05723025607914948,0.7464726598572704,0.5208661280859817,0.005225377659636804,0.02935675263995612,satan
2,tcp,finger,SF,1814,1171,0,1,0,0,0,1,0,0,0,0,0,0,0,0,0,0,1,3,0.035730898287717486,0.0036712187580449696,0.024147808521538174,0.09969195722095231,0.8015795126639307,0.08540429638019563,0.007519957207847561,153,147,0.7396628010972607,0.06082376177553966,0.7756839810770293,0.017720677030991405,0.01694469720770917,0.022960156159205988,0.031784146304964234,0.013559646790215475,normal
424,tcp,private,S0,33328,17,0,1,0,6,3,0,4,0,0,2,0,0,2,0,0,0,362,151,0.6507209043669018,0.6836235659520777,0.7993919682022245,0.6838262704607241,0.21389540676726415,0.701858798368092,0.07055318086990701,56,19,0.23200926666279525,0.9160321610547276,0.29071759434947203,0.05857701800405382,0.6757899872547886,0.8879828540448127,0.0018598695011860123,0.006416916887388541,neptune
2,tcp,smtp,SF,431,2215,0,0,0,0,0,0,0,0,0,0,0,0,0,0,0,0,21,22,0.07018817204145913,0.023968570084112153,0.05887584743743296,0.0711736729344619,0.9680168745296265,0.07850700137948415,0.0723060597074709,74,85,0.8016478952565941,0.05995338434715576,0.9272608637490078,0.004670487325018291,0.04798557786180939,0.0016440562970349239,0.005466314465543288,0.04115233903887465,normal
312,icmp,private,RSTO,36309,45,0,0,0,5,1,0,3,0,0,3,0,0,0,0,0,0,392,375,0.7557137433726216,0.9737065010165085,0.826914250565292,0.6150633518349841,0.29077013148638475,0.7067077177333703,0.03094520414632751,243,38,0.014352493808706422,0.7935543224353218,0.08705086985434715,0.04077342179963211,0.5254811494388827,0.8898542403206733,0.020163808527812563,0.04995365904945315,smurf
186,tcp,telnet,S0,40221,234,0,0,0,7,2,0,3,0,0,3,0,0,0,0,0,0,382,400,0.8387310271863387,0.8613920750331752,0.9228724418133534,0.6780060973822295,0.04824268178445988,0.6454218966781982,0.011279873186730294,117,7,0.24125421855899662,0.7097125761614425,0.1110803863125984,0.0414318509366611,0.8206893395948913,0.8780380627239563,0.006007383250683618,0.030169875350120196,smurf
4,tcp,finger,SF,1617,2849,0,1,0,0,0,0,0,0,0,0,0,0,0,0,0,0,7,8,0.03783760148053711,0.002063428803254741,0.006084687269600997,0.004554243332111941,0.900836264673137,0.17750244304038487,0.02236995738290151,88,198,0.7231299006853916,0.03069234267513843,0.7523026365680101,0.09095623770231386,0.03489704948391279,0.010729101870644082,0.010765850108624443,0.04494763605166961,normal
0,tcp,smtp,SF,1851,4565,0,0,0,0,0,1,0,0,0,0,0,0,0,0,0,0,1,23,0.026129820102416403,0.09079452465442572,0.0008461519089330905,0.010812816375158763,0.8729093697520887,0.0730861533799827,0.06433857530332387,87,245,0.8935245479701582,0.07245456137079678,0.7904793240161734,0.040133834350100185,0.01184260608791678,0.01734148000274672,0.030480361623862584,0.03331162202815987,normal
1,icmp,smtp,SF,1675,2880,0,0,0,1,0,0,0,0,0,0,0,0,0,0,0,0,26,14,0.07834134858339759,0.07251156888229772,0.039777472114235025,0.08869311692981874,0.8216645348475784,0.08396396571906857,0.0646449387528928,156,86,0.8376608374154407,0.06548331191234051,0.6593320672754681,0.09429256204246439,0.03537845799879693,0.039758510194937285,0.014413267675245606,0.0009946253305075814,normal
46,tcp,eco_i,RSTO,34311,77,0,1,0,6,2,0,3,0,0,2,0,0,0,0,0,0,236,357,0.8150452465795573,0.6290188167568905,0.8357616763593856,0.8910346255850434,0.17205681069029202,0.5124513701936723,0.07097980588888772,189,11,0.18985875835042781,0.9610289755022258,0.1758322537166646,0.0711500814890617,0.9374947194491239,0.9698521081673183,0.014407078974040156,0.044938478225900885,neptune
1,tcp,finger,SF,1567,1148,0,0,0,0,0,1,0,0,0,0,0,0,0,0,0,0,22,1,0.08290382557516825,0.011664591474418607,0.010871703968635927,0.08383117218922788,0.8845934550924455,0.1299134558164435,0.03534480396843307,126,254,0.786242658672192,0.17425586314130215,0.6567641644188172,0.04569928414497119,0.024551566318622382,0.02104008364349231,0.039113192364530355,0.0011511250786170046,normal
467,icmp,telnet,S0,42231,132,0,0,0,2,4,0,3,0,0,1,0,0,1,0,0,0,218,269,0.9383805940756857,0.6039753290136983,0.8708069292544178,0.7718776874385218,0.0476163033781768,0.9342538731994598,0.0537384756228717,130,26,0.14560257634665527,0.8094827447731863,0.19912723910166283,0.039832155762928645,0.629693678824826,0.5185486661530663,0.031942361572505046,0.01237421263330011,neptune
4,tcp,finger,SF,284,3557,0,1,0,0,0,1,0,0,0,0,0,0,0,0,0,0,16,9,0.009876485771356226,0.05354455210588809,0.04183930979091578,0.035347487180574844,0.8655927670811594,0.16548743275759212,0.04820197667062357,169,205,0.7230039559655312,0.18816690000927835,0.5125747505451166,0.005148925462343201,0.04259627011200869,0.021611689329101003,0.04296926384713457,0.010714997556056906,normal
0,tcp,smtp,SF,1413,1646,0,0,0,1,0,0,0,0,0,0,0,0,0,0,0,0,1,24,0.05850687560928541,0.07032393969061394,0.0591082821894856,0.05451786426597738,0.8166984756032116,0.13683038739716796,0.00376896957150501,131,194,0.9635243999335514,0.010556676157288348,0.7822666776545952,0.03688425926429848,0.030568273496802547,0.01522771523071424,0.04967500605014201,0.008311850572914432,normal
0,tcp,smtp,SF,1416,1171,0,1,0,1,0,1,0,0,0,0,0,0,0,0,0,0,18,13,0.05544195974459784,0.0607695509418463,0.020447475501396608,0.09977573142328605,0.8247403963913361,0.009857549277144285,0.021731631198439263,97,87,0.868979249748118,0.06024181806449036,0.5948814234272664,0.019849861250224102,0.013838247222667044,0.009317632055800084,0.016501487631872414,0.03965033560291542,normal
4,tcp,finger,SF,212,1748,0,1,0,0,0,1,0,0,0,0,0,0,0,0,0,0,6,21,0.0626922015704689,0.03661914669626253,0.09770063680159924,0.07904134900444079,0.8220450409691651,0.1497161526221765,0.05897552388806061,140,188,0.877528537147546,0.0601312940266888,0.9971283607785955,0.08725672659015656,0.02228746791916372,0.04126478776709672,0.039932465622221004,0.04734899350876239,normal
163,tcp,private,S0,49847,255,0,1,0,5,1,0,1,0,0,1,0,0,0,0,0,0,301,389,0.7106730830056017,0.9682533315845536,0.9435525142050832,0.8463603176726879,0.05913992874175354,0.9501484114048986,0.08293075853983005,147,22,0.0933308373446904,0.5807418476587047,0.1510082105088472,0.04495047487658813,0.997278605232707,0.6119852289942689,0.03164924199865097,0.04679075585088519,neptune
450,tcp,telnet,RSTO,40854,110,0,1,0,5,1,0,3,0,0,1,0,0,0,0,0,0,230,329,0.9519321948086394,0.7199551036558801,0.6697328258934754,0.8498345135317681,0.09527905608911508,0.6773206602303696,0.017257369903382638,55,14,0.06778315892020864,0.7407703881072571,0.14544986410744845,0.07741468493198711,0.599991597212878,0.8458355065907835,0.007285882191563464,0.04000606519282322,smurf
41,tcp,telnet,REJ,46797,189,0,1,0,2,2,0,4,0,0,3,0,0,2,0,0,0,277,168,0.9832528128681639,0.8187019707797744,0.6521947271447596,0.9392883325779693,0.2356539953997785,0.6968053153820998,0.014708780618086337,108,2,0.23456199685093715,0.5695732332568546,0.13603551746260037,0.06602909930759451,0.8656375519143522,0.7663730240593214,0.0009642722461697673,0.014929546121232769,neptune
3,tcp,smtp,SF,1625,1929,0,0,0,1,0,0,0,0,0,0,0,0,0,0,0,0,20,2,0.0913216058508605,0.055286197353519674,0.09955975267446494,0.09981530006126929,0.9807840296396432,0.06283869121117536,0.02540845784245549,89,130,0.7160858544119091,0.02922043692040237,0.8553395714489382,0.061791480145649225,0.00028711370271208294,0.031637123043222866,0.017471618492687895,0.016566073482937173,normal
445,tcp,telnet,RSTO,18224,115,0,1,0,4,1,0,3,0,0,3,0,0,1,0,0,0,356,334,0.7459531022761229,0.6518499200760173,0.9296007405745222,0.909606482126928,0.23353509587159607,0.9359562969398427,0.009976246962267933,110,38,0.2557027657937982,0.7492894787961364,0.0006537594981900541,0.005575524044441504,0.9803635967194044,0.5791956163160314,0.03339137128164593,0.006555301886684123,guess_passwd
0,tcp,http,SF,1734,3850,0,1,0,1,0,1,0,0,0,0,0,0,0,0,0,0,14,7,0.07875625625397042,0.01733087598959161,0.010908996367748669,0.06899400296120728,0.8140007120921694,0.1553753365119065,0.0585799255585633,119,72,0.9174940054732564,0.17356607802279422,0.5565792587702364,0.016399972606481884,0.02911656950659053,0.0467585345214529,0.046464836795183095,0.02344651035358965,normal
1,tcp,http,SF,1344,1258,0,0,0,1,0,1,0,0,0,0,0,0,0,0,0,0,27,16,0.046808538145559325,0.005431027586070736,0.0005501174039798774,0.025471022905514507,0.9001265714307811,0.1411203978923272,0.004392814357338493,176,104,0.8753178816235564,0.09175981220921109,0.9934244509653323,0.027435308018295114,0.03229164396339685,0.024331083896216105,0.03591909597863532,0.015981997830615546,normal
447,icmp,telnet,REJ,31600,24,0,0,0,4,1,0,2,0,0,3,0,0,2,0,0,0,434,417,0.7262660015558685,0.9813658948070805,0.8415725251390357,0.9932011967263238,0.06128317297192128,0.5497029735120122,0.076224782791131,138,21,0.080414846028609,0.8413282292807941,0.09099466520353225,0.02343876023967059,0.7683350471325878,0.5796073869868195,0.03702325101274299,0.023925519005556558,satan
456,tcp,private,RSTO,6030,84,0,0,0,5,3,0,4,0,0,2,0,0,0,0,0,0,306,260,0.9707416637197387,0.9366073341762524,0.6648429082121375,0.6132676504767284,0.18722337535778283,0.9702811934240316,0.03243006642619931,189,27,0.24212604750241323,0.729426520289401,0.18977110948773,0.08687116678303866,0.5980313948319103,0.7565984129789631,0.04189522808548571,0.035048944606809275,guess_passwd
86,icmp,eco_i,RSTO,20348,215,0,0,0,2,2,0,4,0,0,1,0,0,1,0,0,0,294,237,0.6238786738553481,0.8547708763014121,0.6038991170731851,0.9142900031171721,0.23305782969783514,0.8435823720018927,0.06376611751524021,240,35,0.0631656302059538,0.49286698307237187,0.14132503444643726,0.0849725017388249,0.7961215763481451,0.8807954215273588,0.014430760697907786,0.026731041748835383,neptune
3,tcp,http,SF,499,831,0,1,0,0,0,1,0,0,0,0,0,0,0,0,0,0,7,3,0.0830634826982857,0.09072617908488283,0.055950937747296065,0.007923348900695971,0.9955997047123455,0.12005222959377433,0.0698561946604516,151,79,0.834614855283774,0.06807313659750905,0.5998082608237195,0.022805258686175403,0.04684992161035364,0.005898073321006586,0.017732163855895718,0.04809317841218085,normal
4,tcp,finger,SF,727,3303,0,1,0,1,0,1,0,0,0,0,0,0,0,0,0,0,17,23,0.014638982888620734,0.05234667866310813,0.05583288868357085,0.09811837721908184,0.8428375252875007,0.025307321714541198,0.004641807579130586,141,185,0.802218133969381,0.19898762856472485,0.9192508104017217,0.08291073466812379,0.03179547933085854,0.031276471732143284,0.030779100307968085,0.016113566635653633,normal
2,udp,finger,SF,830,3521,0,0,0,0,0,1,0,0,0,0,0,0,0,0,0,0,4,8,0.02181491845610315,0.0036799400400117977,0.0914842348702632,0.05348112978078347,0.9118642667306819,0.14453886405190594,0.0690854582340663,121,215,0.9408473113911904,0.17197080194045322,0.8680549485040302,0.07615364113005157,0.02886738602852278,0.009559276881715574,0.029672178240458716,0.00865955575036333,normal
340,tcp,eco_i,S0,38284,37,0,0,0,2,4,0,3,0,0,2,0,0,1,0,0,0,336,390,0.6628715212009569,0.9929119859863476,0.6012593604783995,0.7508914993848824,0.04944779067361188,0.6774653158974906,0.055129055293681645,157,31,0.004247590447173999,0.8384869602785462,0.14587784190030284,0.05129872305959169,0.7242570042648159,0.862570507413268,0.008966738326715474,0.02277286054968408,guess_passwd
2,tcp,http,SF,702,1371,0,0,0,1,0,0,0,0,0,0,0,0,0,0,0,0,16,20,0.07293504449521397,0.009703036053335846,0.08171028503327521,0.07617616053220831,0.9650620758988201,0.18288523112652677,0.0708542469191227,157,73,0.8248591399006033,0.020783232973771784,0.9446320509440973,0.01854727788822036,0.04409166709806017,0.03991496811846515,3.241915812277618e-05,0.039309094504964205,normal
72,tcp,private,S0,38982,50,0,1,0,7,3,0,3,0,0,3,0,0,0,0,0,0,254,427,0.9118584405923695,0.9193662891288885,0.7089302424791364,0.822699704160936,0.2642033603525081,0.638271675455931,0.00230931425078319,82,28,0.1508416509174746,0.6215832445193078,0.08144640885172884,0.05537123422882924,0.7613515581136074,0.738884756938804,0.015104533881566152,0.03840284421749901,smurf
3,tcp,http,SF,1266,1751,0,1,0,1,0,1,0,0,0,0,0,0,0,0,0,0,19,14,0.04895287993304775,0.01509197553293914,0.01811193877636814,0.07413613729498658,0.8972354586977669,0.11571207512176346,0.016249081974892342,60,179,0.7337954896491542,0.14524356842579203,0.9312177260597271,0.050602572949339855,0.032223310418330285,0.04498179049766146,0.03235687406438972,0.017266699260189994,normal
2,tcp,smtp,SF,1418,1858,0,0,0,0,0,0,0,0,0,0,0,0,0,0,0,0,26,16,0.0009238921418512681,0.019829801199995348,0.08553116678744016,0.006826310555190063,0.9628262321531256,0.005349574596369023,0.023561023459781505,132,217,0.7396149378523916,0.17395121063347252,0.8893077728128178,0.01875978119709637,0.04791478487388895,0.0022794570625953694,0.002902567587623284,0.03313503517752869,normal
393,icmp,private,S0,18548,191,0,1,0,3,3,0,2,0,0,1,0,0,0,0,0,0,506,358,0.9343634847308269,0.8864484017000225,0.8431390002142489,0.6540332626216491,0.2433048713816804,0.7524108814306478,0.039829867592945406,196,28,0.29663646462245813,0.5587426199018533,0.09191899946333648,0.03752734351189849,0.8420494975759774,0.556313789644927,0.017765014858359435,0.03623493499337455,smurf
0,tcp,smtp,SF,423,1518,0,1,0,1,0,1,0,0,0,0,0,0,0,0,0,0,6,7,0.05492699016016638,0.07052645499070363,0.08540555127981793,0.0072591426323665225,0.9154274880901926,0.004728623702446999,0.03633640838567596,165,62,0.7646753414877816,0.12216164086521031,0.5412470864742912,0.09434511591699268,0.025879142200477035,0.025864214716074602,0.04334023734116125,0.025993752644459047,normal
285,icmp,eco_i,S0,40304,2,0,0,0,4,2,0,2,0,0,1,0,0,2,0,0,0,341,304,0.9513794898002601,0.9913470755291387,0.8706496028484856,0.9865709346329171,0.07259504954899133,0.9090347358216566,0.04866524791771048,92,25,0.21630162665700983,0.9720849739346812,0.15556250447889042,0.02088251392187046,0.5754279567055827,0.7074515284520619,0.026387449585624247,0.017609514873566424,smurf
253,icmp,telnet,REJ,29671,89,0,0,0,5,1,0,1,0,0,2,0,0,0,0,0,0,202,232,0.9446120132041198,0.6921881170680979,0.8553933164365075,0.7542094111767336,0.1712031038353037,0.8656841672809383,0.03488721156763428,80,4,0.13533458265957218,0.40992844811101614,0.2515256776763994,0.012524801055455326,0.8059628887197225,0.7792493946298871,0.007892465880146993,0.03504269502862849,guess_passwd
335,tcp,telnet,REJ,7628,203,0,0,0,2,2,0,4,0,0,2,0,0,1,0,0,0,211,314,0.7434309042293079,0.8992733022869769,0.7542389024149487,0.9055555341475154,0.15875909259885748,0.6356359696806828,0.022306313549190184,67,25,0.01396245917945783,0.7243574369224668,0.09884039390302383,0.039231728241872044,0.7564989857692299,0.6094698664776506,0.014226435876129102,0.04253335993466966,portsweep
0,tcp,http,SF,1577,2959,0,0,0,1,0,0,0,0,0,0,0,0,0,0,0,0,10,15,0.060845036979375794,0.04258665581754267,0.08462608634124594,0.026807878240970487,0.8499585617210028,0.00888140072556336,0.09029429044285987,192,206,0.7685700821315005,0.11557856304426531,0.6347298946968443,0.09014756288113435,0.018617892139635644,0.040008811372281454,0.03923890840252034,0.005416814800681147,normal
2,udp,http,SF,384,1513,0,0,0,0,0,0,0,0,0,0,0,0,0,0,0,0,10,19,0.04394817665788924,0.060738545342949736,0.0641813224179221,0.007921955107309742,0.8838749514153829,0.1759326276359127,0.02247374404547512,211,189,0.8062875249063763,0.15847615636375356,0.7600227925520747,0.020571211209092655,0.016610045088782395,0.046156966631226065,0.022509499553813036,0.008257138886663318,normal
2,tcp,finger,SF,488,1515,0,1,0,0,0,1,0,0,0,0,0,0,0,0,0,0,7,15,0.05315047318427486,0.07494776291225896,0.022560920423184416,0.0795974856566028,0.9194561741550968,0.15852465411205896,0.0710873175292858,202,82,0.9811717870942238,0.06135910759632213,0.7402111044060031,0.037490861948233346,0.002908253972590469,0.03895597207434252,0.045325638440111476,0.02403570645950137,normal
5,tcp,telnet,REJ,41677,56,0,0,0,3,2,0,3,0,0,2,0,0,0,0,0,0,461,410,0.7579125899283027,0.6767205675420115,0.9680948302727665,0.7318969324010078,0.03135045126778455,0.5767894890096479,0.0783020138768217,134,3,0.1436510867656707,0.8203278342383931,0.24207077439276375,0.09846771489512712,0.6305191126521044,0.5562642691548803,0.03076508251721472,0.04629605532177351,satan
2,tcp,smtp,SF,646,4768,0,0,0,0,0,0,0,0,0,0,0,0,0,0,0,0,3,20,0.07740240859924372,0.014286961854085746,0.09427907641276623,0.04483028697585574,0.9090983291348388,0.053997747469831686,0.05704053166451111,244,138,0.942212766951136,0.1918934940533057,0.8521275241648927,0.04649017060515331,0.04361564214822966,0.013785422303013106,0.04640541268071284,0.03098589231593766,normal
1,tcp,smtp,SF,1262,3210,0,0,0,1,0,0,0,0,0,0,0,0,0,0,0,0,26,6,0.004849458227196646,0.016930028201945068,0.013719780837266538,0.01867259020194323,0.9786747617631821,0.09395970150913946,0.010926725355818824,112,154,0.8524125555997815,0.06981029394048047,0.5908908054766437,0.03430353983138856,0.024493904461841572,0.033595493808438404,0.008256085463012158,0.006338746106759047,normal
100,icmp,telnet,S0,9640,97,0,1,0,2,3,0,2,0,0,3,0,0,2,0,0,0,244,341,0.8491194090822884,0.6360737526964468,0.6024653344605347,0.8145793343679371,0.05110386221729805,0.5394642726217302,0.07001205101459526,119,29,0.2541047561383936,0.6174821415388424,0.19602400568309764,0.048567217730749235,0.6321127559798185,0.6732892334072974,0.0033786958865840936,0.03978818532592432,smurf
1,tcp,http,SF,474,3102,0,0,0,1,0,0,0,0,0,0,0,0,0,0,0,0,17,5,0.017215788496970297,0.04557407307994942,0.062300557207768975,0.03141666119075859,0.9961806136254105,0.1002293679865922,0.011528557529907125,108,94,0.7360411643435475,0.08863387195877206,0.8594447902242237,0.06317210554978671,0.04578547200219993,0.03527629422672026,0.04676536036796962,0.03644700011328259,normal
128,tcp,eco_i,S0,31146,212,0,1,0,7,3,0,2,0,0,3,0,0,0,0,0,0,436,391,0.7610873766323316,0.802685638976286,0.706711839829375,0.7399684117206426,0.26745088138054546,0.529032773783086,0.02537114659106339,166,36,0.09101635760162947,0.7486744417019884,0.11576761578163826,0.02041495352725503,0.5121471468532821,0.9884071079010985,0.011756826639008589,0.04841368669278582,smurf
414,icmp,private,S0,14435,265,0,1,0,7,3,0,1,0,0,1,0,0,1,0,0,0,221,302,0.958646260742185,0.8462285407038055,0.8054270042302779,0.7217909699440634,0.09683675116722225,0.9339515098083746,0.09120866183548543,244,19,0.11835294419445365,0.9940239422573031,0.026280960551506003,0.06794810049163448,0.5412385632757164,0.9133817176730075,0.03892460131718867,0.019361960901784925,portsweep
2,udp,finger,SF,1047,1033,0,0,0,1,0,0,0,0,0,0,0,0,0,0,0,0,18,4,0.06502122741817089,0.006631281762097496,0.02264351900997762,0.04173360401734016,0.9271352050944581,0.1719812890581669,0.02024196092305949,198,82,0.7188075168880403,0.19955239055883164,0.6812547742625902,0.00468858214939274,0.008439990752540876,0.024560517242329185,0.04828427780752506,0.00033518099630622245,normal
53,icmp,private,RSTO,14847,26,0,1,0,7,3,0,1,0,0,3,0,0,0,0,0,0,214,388,0.6023245702520118,0.8011813457035358,0.9332665725997787,0.8460309482103104,0.12975452620350203,0.7675377252426945,0.06816302485708399,249,6,0.18515956218926616,0.4826678368548241,0.2680626584986597,0.02242735763327436,0.9361125726893498,0.5380255321161562,0.011866327631127155,0.0069173799650005426,smurf
27,tcp,eco_i,S0,9813,122,0,0,0,3,4,0,3,0,0,1,0,0,1,0,0,0,280,218,0.6796030222471563,0.6659507967377948,0.857448976283228,0.9256460917656552,0.205660209729782,0.7664921201840649,0.0841217558425238,163,8,0.14885538339344895,0.6123842376880425,0.1381424013574573,0.014439534273578459,0.7132521593659233,0.6973233071107101,0.02124783605938865,0.024019833237953977,neptune
0,tcp,http,SF,1770,3071,0,1,0,1,0,0,0,0,0,0,0,0,0,0,0,0,6,10,0.0564828363162763,0.04832624820884171,0.033189413985090344,0.0021652875032036833,0.8745750943082562,0.0773153190554631,0.0659512400691333,137,156,0.7411535006469413,0.13336052693949238,0.8575465955927466,0.09919438166601402,0.00048663362343081,0.04240167525148658,0.024698500754807992,0.018774218746301627,normal
2,udp,smtp,SF,502,591,0,1,0,0,0,0,0,0,0,0,0,0,0,0,0,0,15,18,0.014533771122714223,0.0055940873974450024,0.06809662658546915,0.031988559070701576,0.8843866710705878,0.1218400319852217,0.004397774786056452,72,221,0.7512080034859324,0.07826464602793037,0.9507550289313687,0.06110653619586211,0.03194661979632853,0.013647301591965533,0.011610109724068125,0.03482696424523626,normal
255,tcp,telnet,S0,8726,194,0,0,0,4,1,0,2,0,0,1,0,0,2,0,0,0,476,197,0.8390166492869767,0.8221193506753484,0.9155055180246157,0.7081636428341572,0.13450288066061253,0.5394104162672504,0.06398862823291417,211,15,0.28363214616495847,0.7672022721374003,0.04966503627296039,0.04322275467369853,0.9750452347312031,0.7009765502834115,0.02009265144084013,0.035018545632749275,guess_passwd
1,icmp,finger,SF,1716,4136,0,1,0,0,0,1,0,0,0,0,0,0,0,0,0,0,16,21,0.09109858394978043,0.03104016590300687,0.0630333387078631,0.09062157365473852,0.9214272390042018,0.11147724420213917,0.0798518849638182,217,183,0.7239146738102312,0.04918677610248939,0.7566113974203943,0.026566751340716455,0.01339790145780106,0.04883461770998158,0.03563060585468693,0.002967203584631334,normal
3,tcp,finger,SF,1758,3394,0,0,0,1,0,0,0,0,0,0,0,0,0,0,0,0,3,24,0.09913980488856211,0.03927518932212033,0.07726930232038545,0.053194845595206236,0.9347291073232431,0.05296174746346676,0.0017649874511122656,240,220,0.9187844139517996,0.12089478650290511,0.9371807526015647,0.09842320620416789,0.006823065626331987,0.004681070316959668,0.0022512137715207325,0.015335819689670394,normal
2,udp,smtp,SF,693,1899,0,0,0,0,0,1,0,0,0,0,0,0,0,0,0,0,20,28,0.07629902693330352,0.04630266320888651,0.07428665843155083,0.018723062608985142,0.9674221026810784,0.16376677308521026,0.00886119937549965,136,133,0.9543218508644242,0.03767307722713982,0.8320904061304106,0.09996913443012583,0.015556212600466536,0.027898344693503992,0.04665938209340935,0.02503166222434743,normal
2,tcp,smtp,SF,943,2199,0,1,0,0,0,1,0,0,0,0,0,0,0,0,0,0,5,18,0.08783828771868955,0.03603818603300104,0.05246341563952881,0.05785522493158854,0.9325376478206544,0.02393471353750223,0.046392164464384704,245,149,0.8431047672196763,0.11259935597032325,0.6981906975030379,0.06584496214590319,0.025443130691345017,0.030582219232407087,0.0343508069356384,0.0243097629584921,normal
4,icmp,smtp,SF,206,1890,0,0,0,1,0,0,0,0,0,0,0,0,0,0,0,0,7,12,0.03876778482082255,0.015670845628560814,0.03217786137188812,0.09149794172782004,0.8869906926580802,0.18879582425727268,0.05038028046845188,235,186,0.836310039093901,0.12838515232186387,0.9135821007053171,0.07390477062001563,0.021073376791035867,0.04724343110132736,0.03151368323985912,0.018105838947564287,normal
1,tcp,http,SF,1738,4133,0,0,0,0,0,1,0,0,0,0,0,0,0,0,0,0,1,13,0.027624614103391155,0.03507339517432785,0.0616577623556849,0.04585838238763206,0.8251222338925223,0.15515975548021713,0.007568601549625709,197,96,0.8253487049570295,0.009417888750863758,0.9950124570615879,0.07603676022094713,0.032285630694060055,0.026054740758421492,0.018166179497680963,0.020658356266344886,normal
28,tcp,private,RSTO,28320,222,0,1,0,5,4,0,2,0,0,2,0,0,1,0,0,0,469,410,0.6183777455975913,0.79207999555186,0.7607318585401113,0.9014715388890481,0.0716425151259106,0.6597198359839015,0.08245433887925177,164,15,0.19283656094883803,0.9804582076520221,0.26369495454631203,0.02925894596025962,0.5075673785693985,0.6990397939424406,0.045297777105774054,0.001777352972073043,neptune
363,icmp,eco_i,S0,20240,211,0,0,0,5,4,0,1,0,0,1,0,0,0,0,0,0,329,276,0.6822757331429357,0.8349504047765604,0.8573491968944034,0.8176145682354211,0.22154415695279933,0.7347302279260117,0.06564828666503023,98,36,0.13985484113645946,0.9827123848730803,0.15529698991506743,0.04115954108978379,0.8712702658560414,0.538090843211751,0.039895621159459674,0.031950235225557753,smurf
446,tcp,telnet,REJ,20585,74,0,1,0,7,1,0,2,0,0,3,0,0,0,0,0,0,213,482,0.9119419659485922,0.8364455271791797,0.8507573478516912,0.9149883102451466,0.25839381608724826,0.6177732842014423,0.08291215853386713,188,15,0.27932628165778106,0.474710930421596,0.274159224729522,0.06383566956936244,0.7185037029450831,0.7953761046775951,0.04356756944138826,0.015181312046718971,satan
379,icmp,eco_i,S0,16306,270,0,0,0,4,2,0,3,0,0,3,0,0,1,0,0,0,203,497,0.8117313494496136,0.7771151331556566,0.8027171388291121,0.9612592649695463,0.0027370521696177706,0.8602436114033998,0.09769962533877247,87,25,0.21567134136092972,0.4600257209555184,0.02484668860666849,0.06228174586925861,0.8359963894349394,0.8051524485842668,0.01545352290745205,0.024721418584393084,satan
0,tcp,smtp,SF,913,3392,0,1,0,1,0,0,0,0,0,0,0,0,0,0,0,0,6,20,0.024578467649892344,0.077192213593464,0.025883491818511718,0.06461791686100758,0.9862304670932928,0.11189815097384484,0.059777486231802214,123,138,0.8832859123994516,0.13383480026649247,0.715694544176771,0.0011032621440349888,0.040744059625818674,0.020721165643214717,0.040128733437168204,0.02146288103606593,normal
0,udp,http,SF,363,1266,0,1,0,0,0,0,0,0,0,0,0,0,0,0,0,0,14,29,0.031623271018623514,0.013245139814420437,0.0922991986655397,0.0828930981487466,0.9680531094127762,0.06615964389294347,0.04422136385173778,102,146,0.921589114635954,0.13045817706549498,0.5414955631163637,0.06549432841908859,0.036157480263484525,0.04440406497529305,0.011378016295133804,0.0134811212384093,normal
1,tcp,finger,SF,597,921,0,1,0,0,0,0,0,0,0,0,0,0,0,0,0,0,17,25,0.01981790308228533,0.06564171236607336,0.025106166561132105,0.08736397464358032,0.9389719239085569,0.009280712165832306,0.016193069382035276,191,176,0.9170833233439162,0.13286491644958048,0.7364433010959558,0.08427942887822104,0.04419420782551938,0.03971338528394871,0.04996429543529383,0.021730090164579188,normal
3,udp,finger,SF,1749,1612,0,0,0,1,0,1,0,0,0,0,0,0,0,0,0,0,11,15,0.01591177470904728,0.06595903568712186,0.07216215350299666,0.09078495019625249,0.9099227274440622,0.027130831607149998,0.05250764923252757,135,174,0.8109267047697675,0.033310969857635174,0.5407679527303815,0.0514035897986198,0.02150873106191449,0.04108404600025314,0.03739360390368789,0.01119631012252757,normal
2,tcp,smtp,SF,1583,2612,0,0,0,0,0,0,0,0,0,0,0,0,0,0,0,0,4,27,0.04637113062212886,0.06401712481082494,0.021000483882559897,0.07047774013150962,0.9402802258763417,0.13516780240705034,0.08976622104341048,136,116,0.8283835403961116,0.030352126809483918,0.5595487139673951,0.0148486072534602,0.04467224257059459,0.02248401828369099,0.03412681391471828,0.03349372727227326,normal
436,tcp,telnet,S0,15340,65,0,0,0,3,1,0,1,0,0,2,0,0,1,0,0,0,408,457,0.9074194428025016,0.6759621624377099,0.8250838260045839,0.8157272297035474,0.16173351742714998,0.5083141777056315,0.03541839089612551,50,18,0.004818826894528804,0.454223683847082,0.2588695126302809,0.041473326472463545,0.9081525549554315,0.9752059087402434,0.00026375840670025963,0.018998302105808586,portsweep
23,tcp,telnet,REJ,10090,52,0,0,0,4,4,0,4,0,0,2,0,0,2,0,0,0,469,255,0.777847114810298,0.8852786337499557,0.8228881837685875,0.8708316252161801,0.08200030899743817,0.6124097364526965,0.06277557337178707,226,37,0.19509718856414657,0.7124419411415353,0.29920806156869423,0.0892750963066915,0.5823261333982017,0.8529278878532958,0.012948465025007112,0.04995475567120348,smurf
28,tcp,eco_i,RSTO,12815,96,0,1,0,4,2,0,4,0,0,2,0,0,0,0,0,0,370,294,0.8552093620461707,0.9863569850359147,0.7862632947976993,0.9261687873916389,0.09745913260659318,0.7182943241513462,0.0628081477037436,249,10,0.053624765346368064,0.8406276808857598,0.02759877014006726,0.030522019993885485,0.6232010856628165,0.751052203436434,0.021755166140082584,0.01985513795759307,satan
4,udp,http,SF,1092,3296,0,1,0,1,0,0,0,0,0,0,0,0,0,0,0,0,9,2,0.04278509673283237,0.03867053635121738,0.05176070950188873,0.029378029176507094,0.8239260910482086,0.03105504750960271,5.710564031722321e-05,98,155,0.7515087398343717,0.07638329496193984,0.6326253223338091,0.008165317909202363,0.043762219965125373,0.0032706513423941767,0.02395228693973116,0.03153091518150646,normal
20,tcp,telnet,RSTO,7177,295,0,1,0,4,2,0,2,0,0,3,0,0,2,0,0,0,255,376,0.7981388552501785,0.7490848623968919,0.7191812565979123,0.6546171139872715,0.1269229191599752,0.5600221495080486,0.06082433220995706,238,29,0.07251452656497386,0.8328195051071557,0.06923838507652429,0.07406482134439236,0.7722875346846689,0.7167905932592761,0.013902861635443227,0.03750558973423622,satan
0,tcp,smtp,SF,1787,2284,0,1,0,0,0,1,0,0,0,0,0,0,0,0,0,0,9,20,0.06555941353552873,0.08540887466322111,0.06837127129568436,0.07047969382849022,0.8573927873224669,0.03306102950750458,0.02473908789118037,164,191,0.8387218434473016,0.16394985962697906,0.9050356840631014,0.0009956330863795328,0.04738975069349868,0.023089440200928082,0.04618154366495936,0.00926953471467098,normal
390,icmp,eco_i,S0,7651,295,0,0,0,2,3,0,4,0,0,3,0,0,0,0,0,0,257,254,0.7383651250714689,0.6627367551511155,0.7841802625232566,0.9197493888602943,0.19521503882114113,0.596793738415757,0.08926313867474622,183,28,0.16989343883540736,0.9172396595182818,0.15690137333474186,0.03516444866188902,0.72845787433478,0.6677107262977873,0.002039009862671992,0.03569866536028026,satan
0,tcp,finger,SF,574,655,0,0,0,0,0,1,0,0,0,0,0,0,0,0,0,0,1,28,0.010621744837643533,0.0381988558998581,0.057638914016545285,0.042599209857369216,0.931679331863014,0.026975213675846255,0.014309394977919433,53,248,0.8958233993644418,0.134937048752904,0.8959321016720173,0.09798540715953395,0.03285559165515243,0.03105789188792138,0.03113800849121186,0.023030652955317078,normal
270,icmp,telnet,REJ,9980,194,0,0,0,7,3,0,2,0,0,2,0,0,2,0,0,0,327,443,0.9254681868757744,0.9550432144154721,0.6778020732883091,0.6549156892704516,0.0816106165077769,0.5617903468273524,0.010536857774407339,63,29,0.15859452188074213,0.40438890957814566,0.09298782634041279,0.04976383029669678,0.6099407703584975,0.5868868153160235,0.03619401283503085,0.019646962631561318,satan
3,tcp,finger,SF,332,4610,0,1,0,1,0,0,0,0,0,0,0,0,0,0,0,0,20,23,0.05188142491538,0.038954595819974826,0.020991956332393813,0.05049147371706423,0.8393780287780069,0.09528045712257725,0.072599895714805,90,175,0.7178489115468347,0.19128592208344963,0.5595856674154238,0.07213841168006198,0.029143958349347934,0.04735645050817154,0.005505603667186782,0.00013968132706409508,normal
269,tcp,telnet,S0,14453,135,0,0,0,5,1,0,3,0,0,3,0,0,1,0,0,0,509,445,0.7961876120698798,0.9589865129376228,0.96528815308627,0.8449724074537677,0.13764217949184918,0.5010132668650471,0.006807335571247575,106,20,0.19841554381874302,0.6442663248409897,0.24916762075847765,0.06945246417906713,0.8069751659328642,0.9390742259000444,0.027191978125526314,0.011894691219238597,satan
2,tcp,smtp,SF,1672,2901,0,1,0,1,0,0,0,0,0,0,0,0,0,0,0,0,4,14,0.08366812189776666,0.025245125869659116,0.0010106644431258527,0.06559021196637528,0.9204389841464363,0.04137658618021341,0.036640613717049346,100,87,0.8085353052519625,0.10642550637943214,0.9240104055731315,0.009168567168606256,0.03485840643003487,0.02373751087190524,0.028216080277462113,0.04613926398995852,normal
4,tcp,finger,SF,669,4676,0,1,0,0,0,1,0,0,0,0,0,0,0,0,0,0,26,18,0.05979505131197568,0.0942764592687814,0.05681895585686249,0.02422284109731603,0.9490418723800467,0.12974169734235066,0.09472710730443698,192,94,0.8179387239553675,0.04765138579574997,0.6705683071028563,0.03166075723616504,0.02657239965935983,0.01539701929435382,0.03481143369718241,0.038196886409854386,normal
3,tcp,smtp,SF,153,1390,0,1,0,0,0,0,0,0,0,0,0,0,0,0,0,0,14,26,0.02904703344288975,0.019843933663226232,0.05136986184699269,0.09019166628522043,0.8204085996949269,0.1388873438617538,0.013698551501108047,136,245,0.8767935099158282,0.0031575193057433283,0.8853258039799092,0.0041308864999840544,0.00942477521361853,0.002464290151125126,0.03988006477788836,0.0050255423102125996,normal
2,tcp,finger,SF,394,2784,0,0,0,0,0,0,0,0,0,0,0,0,0,0,0,0,7,20,0.019009577174837502,0.08146662660807785,0.05870654133488021,0.011671856067595932,0.8984176970107993,0.1318528614045313,0.023582622695141678,57,228,0.8367141776557563,0.06447758793994643,0.7710237123677499,0.0967202747053633,0.015238431826989546,0.04443676442644955,0.0017475655038799499,0.025619495034953345,normal
0,udp,finger,SF,621,2248,0,1,0,1,0,1,0,0,0,0,0,0,0,0,0,0,12,29,0.06507798355741427,0.049320933286779334,0.004664690425861273,0.09080415620455078,0.9630685459458426,0.033216343796418316,0.018616246727567867,189,222,0.8942467127870757,0.06930584168534785,0.7533411838765582,0.06967290247449352,0.04894447598666358,0.04435324033176158,0.03440271763316254,0.004366219944141087,normal
254,icmp,private,S0,43228,254,0,1,0,5,1,0,3,0,0,1,0,0,2,0,0,0,435,217,0.6358021303138592,0.97904976355074,0.8823768408920483,0.9763768832484222,0.008185339029544202,0.8543539745759803,0.016671141566622805,106,17,0.13680968471926777,0.4143712002977938,0.09629563478591421,0.09802262357101552,0.5326066130489004,0.5411452128800645,0.036676912809501826,0.024916286151085987,portsweep
3,tcp,smtp,SF,1895,4097,0,1,0,0,0,1,0,0,0,0,0,0,0,0,0,0,15,13,0.06434622341536099,0.021947342922809088,0.026738248879475825,0.04767342553788578,0.905799386223472,0.11829546821407384,0.034591737245465375,177,217,0.9016900368521578,0.10262832047173716,0.711176081311123,0.07831464752783852,0.013028122799496406,0.02202458842649002,0.017468405254767838,0.04123876140634236,normal
392,icmp,telnet,REJ,15428,101,0,0,0,5,1,0,2,0,0,1,0,0,1,0,0,0,448,152,0.6739870227923604,0.8183225171018862,0.6418869624778061,0.9083819596020901,0.03076887731166504,0.9109361474501287,0.05397087443844883,79,34,0.1928768300860577,0.7937699529803091,0.2638727270534864,0.07648857933964358,0.9545219753202243,0.5959088751567356,0.007389592375664922,0.007930421502938994,satan
336,tcp,telnet,REJ,39425,282,0,0,0,7,4,0,1,0,0,2,0,0,0,0,0,0,252,201,0.936853140560923,0.984815775584236,0.7019291198729074,0.9853760346009319,0.1428283734022077,0.8266836988961299,0.03372618581421847,121,25,0.04058798684976634,0.8578592338414579,0.04510990802266311,0.0898671100487104,0.7102260012126816,0.8700529850252183,0.038485491193994706,0.00828484048332488,guess_passwd
2,tcp,smtp,SF,1482,4958,0,1,0,0,0,1,0,0,0,0,0,0,0,0,0,0,3,22,0.01686187618315679,0.051376045095169,0.04525083985945288,0.03868228456077292,0.9292632452257863,0.16460337657466437,0.06750188608709529,50,176,0.8243893540730269,0.19285283449751908,0.6344942259028169,0.05736055613382882,0.00765184418280479,0.0463204150648559,0.003036686331193428,0.035238543395494384,normal
3,tcp,http,SF,1295,4467,0,0,0,1,0,1,0,0,0,0,0,0,0,0,0,0,8,3,0.07488270004683448,0.025714203714119612,0.044977444179727794,0.07179326455436245,0.9769695184528763,0.09137552149696887,0.04016531465585143,238,235,0.8280134925724665,0.1404185024001175,0.9557111995002838,0.018424281006138077,0.0033123237052341994,0.0027593645297387284,0.021471679150472447,0.030307481733312443,normal
4,tcp,finger,SF,1042,1399,0,1,0,1,0,0,0,0,0,0,0,0,0,0,0,0,27,18,0.015616522353826512,0.07064897186006883,0.0947383711701767,0.06593276777642525,0.8910471476575929,0.06738364988976797,0.09601006296631157,125,188,0.9199937515692181,0.10662879612122018,0.9136894272803211,0.08382970791992078,0.0072212087714176865,0.0030263685654921936,0.04149867920467734,0.008002659963557118,normal
2,tcp,smtp,SF,1757,796,0,1,0,0,0,0,0,0,0,0,0,0,0,0,0,0,20,11,0.01606227748095368,0.08956720847092428,0.07349255887776994,0.03738529048034903,0.9945671896636075,0.09608988285735819,0.06384099510316661,171,82,0.7418630998618478,0.023631926885127365,0.9050442304880446,0.0652871773917137,0.035079769060400716,0.037065338806495936,0.006298019399045613,0.021280167444918202,normal
1,udp,finger,SF,1684,1691,0,0,0,0,0,0,0,0,0,0,0,0,0,0,0,0,15,29,0.09411736093251855,0.01300464400848661,0.09467868615146531,0.07980427344855086,0.974674750512132,0.1847354747980501,0.09619152563650189,187,142,0.8956666139852782,0.07756040696356917,0.9745282956790728,0.015321318761720083,0.005121951263478014,0.02562474159278934,0.03740218116860441,0.007044581660254446,normal
3,tcp,http,SF,167,2270,0,0,0,1,0,1,0,0,0,0,0,0,0,0,0,0,22,12,0.07387594198812474,0.04859695037678052,0.05965804553802915,0.02247911018680713,0.8825509702072772,0.0516986947802861,0.0573045576528096,148,240,0.7151786254067068,0.07651630131237164,0.9145076864024496,0.021914239706296947,0.008487277382840348,0.015138576598322618,0.03507494725920789,0.0074870261956040745,normal
427,tcp,private,RSTO,9191,195,0,1,0,2,3,0,3,0,0,3,0,0,2,0,0,0,501,402,0.6672338603939886,0.8335238836603882,0.7477368375872695,0.9878592861102904,0.1415377324807875,0.8376817708167914,0.04422430336974356,214,1,0.26995916933377595,0.9907856840849233,0.05512686106849677,0.018128920849316454,0.8774355701221914,0.8624901239669802,0.02153022366140729,0.039475097610338294,guess_passwd
249,icmp,private,REJ,34458,56,0,1,0,4,3,0,2,0,0,1,0,0,1,0,0,0,210,350,0.9482127543787162,0.8225131558566784,0.960684965305679,0.8377498607439624,0.15088015888363684,0.8506941975824466,0.013454613852323473,155,21,0.20058361434969493,0.4112228231327579,0.021021710106372726,0.03256398560058338,0.5375875183236052,0.7988319434998628,0.01614445934382938,0.041942380415737314,smurf
386,tcp,private,REJ,22267,106,0,0,0,5,4,0,2,0,0,3,0,0,1,0,0,0,228,395,0.6012037582113376,0.9188066202896525,0.7623864184458164,0.7626541624803252,0.026525227235365368,0.7475704277098592,0.03224831164056037,107,37,0.16794888087686285,0.49941148777266664,0.2667569808848915,0.009133411951104786,0.825419105095851,0.9894395982599717,0.01988924678839739,0.014191731412606596,portsweep
3,tcp,http,SF,864,2346,0,1,0,0,0,0,0,0,0,0,0,0,0,0,0,0,14,7,0.036373397955941626,0.03677138048324676,0.021502168839771654,0.032263973434386396,0.9791082399624847,0.16223493820582752,0.051852100560208496,212,211,0.760122267459228,0.060984440114562416,0.8927202803138341,0.039539100600482116,0.006309937640532004,0.023217462583971796,0.03510638682777502,0.0012902430290915813,normal
0,tcp,smtp,SF,170,529,0,1,0,0,0,0,0,0,0,0,0,0,0,0,0,0,19,26,0.05824297349221781,0.06069717344671073,0.0339251123401396,0.08111857883682239,0.8709587214478764,0.044524672764837916,0.06394439539862674,233,159,0.7587128545567982,0.07841743544028201,0.6112488776833043,0.012487399459254811,0.01931558434321804,0.03977048666759463,0.0041791391007295065,0.01121598910386349,normal
235,tcp,eco_i,REJ,14594,232,0,1,0,7,1,0,2,0,0,1,0,0,0,0,0,0,220,243,0.795858338194041,0.9313572096283659,0.7283647756548826,0.9110630269977995,0.19569458989287455,0.8401209116609312,0.013473913145603833,172,17,0.11637594254791195,0.8316914462530355,0.19738441350703498,0.07522452222717028,0.9016774978330142,0.8808965021063311,0.023245622989430344,0.03491843503721067,neptune
43,tcp,eco_i,S0,32118,169,0,1,0,3,1,0,4,0,0,1,0,0,0,0,0,0,212,350,0.7419935034997839,0.7344449448059618,0.9802220292080013,0.8753390098713134,0.00920517744035223,0.6836542011785847,0.03172960918843572,165,19,0.2658060826747945,0.8903935567287954,0.03720793282326474,0.041038830736477995,0.9918602280142494,0.766887935954729,0.04102938476302205,0.016884595579677437,satan
3,tcp,http,SF,1620,3268,0,0,0,1,0,0,0,0,0,0,0,0,0,0,0,0,3,25,0.07923956468500529,0.018272768153810914,0.08136783706814607,0.06008912265083856,0.8610129632922783,0.12897271337048985,0.06679520914227803,139,95,0.7312348525934584,0.16680140106024724,0.7960040153376438,0.02483160976448434,0.02795352787329062,0.03256118033300206,0.013386945857102307,0.005554282463080146,normal
254,tcp,telnet,RSTO,14066,234,0,1,0,4,3,0,1,0,0,2,0,0,2,0,0,0,404,221,0.8087527722655494,0.9219799939194732,0.7598650610918642,0.8701170727773512,0.13599960950885684,0.624007566228493,0.0318273019017697,250,25,0.19379091569346518,0.604073353247783,0.13008010544309026,0.022197066594229077,0.6559172473542257,0.7619203070324377,0.045478506678930074,0.026865517973545135,satan
398,icmp,eco_i,S0,26276,224,0,0,0,2,3,0,2,0,0,2,0,0,0,0,0,0,465,373,0.8302186348828173,0.6809021740001109,0.7476858132019703,0.7192009457795936,0.06962901595726247,0.9098290920774648,0.0009755061208099437,95,22,0.1434083695943977,0.903757134500094,0.09887499756879786,0.033036432241471285,0.5636631299927084,0.5742911783558264,0.026816917895594556,0.01750279793579761,portsweep
0,tcp,finger,SF,687,3932,0,0,0,1,0,0,0,0,0,0,0,0,0,0,0,0,7,15,0.09838205002316064,0.0855605460596945,0.08128018914258495,0.0492707847167238,0.9027342114695301,0.007065488941589537,0.029880336145797895,235,100,0.8363853472191789,0.05260212931788284,0.6130035300505969,0.035444665002384794,0.010349240730498683,0.010205214672050773,0.01330402617410017,0.03904575396055365,normal
270,tcp,eco_i,RSTO,44174,137,0,1,0,5,1,0,4,0,0,3,0,0,1,0,0,0,272,467,0.9677781095139866,0.9211622909652974,0.7926029249210944,0.7346298662041164,0.23715658205810167,0.5404679189204111,0.017344939508777937,123,24,0.15374895981314293,0.9887322259623678,0.2083403365319443,0.04875356474264081,0.8997758464150292,0.9305059944460389,0.0345390326153719,0.029375475311847768,satan
238,icmp,private,REJ,38690,73,0,1,0,6,1,0,1,0,0,3,0,0,1,0,0,0,483,442,0.9350507727100841,0.8828406229589072,0.9177790975364912,0.9396223010632854,0.27242568020704777,0.6222684575971135,0.09269177334214962,61,14,0.2284902938297603,0.672183632698094,0.12408153422065034,0.02267905068358469,0.6901779110625368,0.5287421620789626,0.03883658348777282,0.010828656537087112,portsweep
2,tcp,finger,SF,989,4087,0,1,0,1,0,1,0,0,0,0,0,0,0,0,0,0,23,10,0.029327349340844456,0.06878268293762259,0.03621225308474483,0.09999770204176943,0.9915944882683658,0.03610459253723804,0.03837480462293833,93,231,0.7235670992304896,0.05136938829355675,0.5853910476291808,0.07778749517567218,0.0033467012830511733,0.007342074962987322,0.02682569285268273,0.002295350909275501,normal
2,tcp,finger,SF,1905,2305,0,0,0,1,0,1,0,0,0,0,0,0,0,0,0,0,6,11,0.021911667408463453,0.028749628879666613,0.006289124231952859,0.05088741740900254,0.8993384268910306,0.01872856090940438,0.02374913839022539,102,189,0.8946275126882595,0.10319857425205475,0.552134230323422,0.01644784619519467,0.027693529670926614,0.03930641205973003,0.001599259688986854,0.0007559854387785115,normal
489,tcp,telnet,S0,19119,255,0,0,0,4,2,0,2,0,0,3,0,0,0,0,0,0,315,225,0.8522045959837585,0.6805379280251124,0.8159593011507527,0.9935311836421998,0.1712063009628473,0.6798957049149764,0.07341361560881791,189,19,0.20399407391326918,0.7164630297920433,0.17610222015377405,0.04517665148050335,0.8691883278952566,0.6855657294250198,0.015004011812833385,0.014128542392274207,guess_passwd
458,tcp,eco_i,S0,13039,88,0,1,0,4,4,0,4,0,0,2,0,0,2,0,0,0,416,500,0.731915383315878,0.9073043814230639,0.9330737757090835,0.7848471091863422,0.05914495302187552,0.5991352690964138,0.0824014022189522,235,26,0.08187899780783799,0.8441137173120657,0.17642967247261468,0.02837833964260619,0.9515659915113704,0.7871474631070867,0.016300829785425793,0.03741386077336174,neptune
1,tcp,smtp,SF,404,1771,0,0,0,1,0,0,0,0,0,0,0,0,0,0,0,0,28,8,0.04266349975544507,0.07828355539543036,0.04136602706937195,0.06215184202299502,0.9518977193937055,0.139201496442004,0.007649043525094679,121,154,0.8462889137682731,0.1527376785447061,0.6907576639813388,0.02717545487509241,0.020691097011933453,0.021597874404931324,0.03537995081009664,0.027439937191152508,normal
1,tcp,finger,SF,815,1130,0,0,0,0,0,0,0,0,0,0,0,0,0,0,0,0,7,12,0.07090436302344373,0.047205633596400835,0.014733460043554381,0.07411925257292111,0.8324740207692591,0.013976072696354414,0.03594904484423265,108,69,0.7011227285047135,0.19884193932183575,0.5634403329650948,0.08618806119086496,0.0488051253922295,0.014511714174550511,0.04507694542104068,0.040779551220786685,normal
2,tcp,http,SF,1365,3228,0,1,0,1,0,1,0,0,0,0,0,0,0,0,0,0,8,1,0.058461321221583776,0.08808029380377796,0.08369503623191604,0.006986442597481102,0.9743024644155529,0.167225083223705,0.014995694932840831,182,188,0.9703123444216035,0.0203494466164341,0.7462014531378058,0.07201797790003354,0.03870615538451461,0.027322078330555777,0.008712009620312556,0.014995814822225617,normal
115,icmp,eco_i,S0,18387,280,0,0,0,7,1,0,1,0,0,3,0,0,0,0,0,0,251,189,0.7286109336766146,0.8241021281576826,0.6753306058965537,0.9911776485326697,0.1580656149099706,0.6352829708555487,0.02261938749646443,80,19,0.2477688583710052,0.7463794078960049,0.034275784492953584,0.0281484278408375,0.9009081883592407,0.5250530846727525,0.0004355693282840412,0.04146257579625984,portsweep
2,tcp,http,SF,814,1903,0,0,0,0,0,1,0,0,0,0,0,0,0,0,0,0,21,8,0.03438064481938507,0.08561581624921683,0.07446911693761461,0.036696949410636615,0.895130421350304,0.06711956988701016,0.051516748701411735,103,65,0.988547542149228,0.07849086865355914,0.5673538164136662,0.028054474165599076,0.009736444439811864,0.004515012338540714,0.005524999157178407,0.001999100103952356,normal
4,udp,http,SF,929,2789,0,1,0,0,0,0,0,0,0,0,0,0,0,0,0,0,17,19,0.08427712776094289,0.008485398743320516,0.03860335336192914,0.02242343482792274,0.8646926848830179,0.007212111099280861,0.029539328389611087,100,211,0.7511624312071301,0.002313742932088059,0.7448661020043275,0.09946576772125906,0.03962735612703221,0.022875612782814338,0.01934342127224345,0.024515403744454645,normal
2,tcp,finger,SF,1551,2273,0,0,0,1,0,0,0,0,0,0,0,0,0,0,0,0,25,26,0.02278111510863841,0.08236744898245643,0.029531350734475093,0.03743008971424723,0.9310579230528774,0.055261564134828724,0.09421814547860458,126,208,0.8150322643833484,0.07796661918974468,0.6393242665137645,0.0827936731040582,0.04526360737176946,0.04857018767717334,0.016665337343315635,0.012357677489807496,normal
360,icmp,eco_i,S0,19506,269,0,0,0,5,4,0,2,0,0,1,0,0,1,0,0,0,269,465,0.7773942921449957,0.6269491164103149,0.8945198047082372,0.9208185364042968,0.2860330313868378,0.7310510021866848,0.006452301833069974,225,7,0.12231782162665578,0.6500394938814646,0.2894190478533472,0.09176543187627673,0.9270764647443972,0.9379805814580829,0.0016593356394805582,0.04311835196441958,portsweep
0,tcp,http,SF,1550,1858,0,0,0,1,0,0,0,0,0,0,0,0,0,0,0,0,29,17,0.028808207293564092,0.05137185411670539,0.022111450371095288,0.014125947590609334,0.9679790355708598,0.1913496736908377,0.052803664751236545,123,96,0.8350363590223985,0.10914836374122668,0.9525536434274774,0.008454247756905831,0.011111382179812786,0.010642422585822865,0.026014904466623242,0.017060293446146624,normal
2,tcp,finger,SF,168,3143,0,0,0,1,0,1,0,0,0,0,0,0,0,0,0,0,14,22,0.03281435160347943,0.013647016454268902,0.09690867275989246,0.09766703668060661,0.8857195067111274,0.06941373334923577,0.08842533654753777,56,195,0.7743182307212474,0.12980266073496147,0.7650157655496616,0.08710484423186046,0.026493878006292777,0.022676249348620416,0.036389982081011046,0.002712183347604419,normal
4,tcp,http,SF,868,743,0,0,0,0,0,0,0,0,0,0,0,0,0,0,0,0,18,14,0.0956339940073418,0.09789762586504105,0.03485056785957707,0.005916164649768008,0.8975034721131252,0.06065997497731146,0.037392707585142064,95,173,0.7957243812029712,0.05535554503949385,0.7750670853487036,0.06098853339390975,0.04570041345059256,0.042753423900991766,0.047932834581478526,0.042590532772787806,normal
2,tcp,finger,SF,1416,3174,0,0,0,1,0,1,0,0,0,0,0,0,0,0,0,0,9,22,0.08805249763593188,0.04207477948214936,0.05977460849545932,0.07384792656062276,0.988392697717708,0.0721312307446773,0.08320292543194271,50,169,0.9864167811402572,0.1365944972425899,0.9556903443456014,0.05105846530470237,0.00842449780793938,0.03376957303395792,0.03617857819081064,0.03504104298711098,normal
3,tcp,http,SF,1155,4222,0,1,0,0,0,1,0,0,0,0,0,0,0,0,0,0,8,3,0.042168855478359225,0.0605244360817585,0.02402845633579849,0.06596924785411186,0.9502674679450938,0.05602110619428516,0.011504508234561528,53,181,0.8094752705931022,0.08188014490925116,0.6884009741575112,0.08937644305331285,0.04180762652982134,0.033843413950448625,0.018890156686219746,0.0351571426194574,normal
4,tcp,http,SF,1450,3645,0,1,0,1,0,0,0,0,0,0,0,0,0,0,0,0,5,4,0.026871514868066316,0.03755596424575082,0.013334920518049333,0.009488117867166846,0.8299378448956262,0.06387869763147368,0.021117692001284518,115,159,0.8391539048227444,0.12176047396813659,0.5272487972612954,0.07501511791919019,0.023950843217652798,0.036064433579254394,0.027724711618406603,0.04976239110992194,normal
1,icmp,eco_i,REJ,16004,118,0,0,0,2,2,0,3,0,0,1,0,0,1,0,0,0,252,205,0.6523668423219099,0.6409711753655835,0.8193533759226507,0.7536856497548702,0.10170104732485073,0.9285828688455877,0.030208784780209587,197,39,0.29866649120007865,0.5970421394245462,0.1688553927803557,0.053623528947132196,0.9419640277261698,0.5332756411352211,0.0036889706495437436,0.00676933792687463,satan
263,tcp,eco_i,RSTO,43179,178,0,1,0,7,2,0,3,0,0,1,0,0,0,0,0,0,358,359,0.6528783301306876,0.9555105613289767,0.9146551247765563,0.864622585085514,0.1341635060653635,0.8087486380007807,0.06302620684545267,112,10,0.1443985861079897,0.6812302058214048,0.02767751784891401,0.057817776115633525,0.5771805062482611,0.676920330535796,0.01679939950449441,0.03703893851839814,satan
1,tcp,smtp,SF,335,3108,0,1,0,0,0,0,0,0,0,0,0,0,0,0,0,0,12,5,0.037511365307557026,0.07727961684751687,0.07398946312315234,0.02127915920415109,0.9703869540583658,0.10109643744955064,0.026461657607922618,186,90,0.9661635793068033,0.14412129139277435,0.7608633921516115,0.020868908144849575,0.043883637473441595,0.03864867234343526,0.004998893932798365,0.034709989607773176,normal
129,tcp,eco_i,S0,47853,180,0,0,0,6,2,0,3,0,0,1,0,0,2,0,0,0,364,228,0.9965688366134711,0.9206713843681307,0.9626568636559899,0.8734675367283148,0.07477948908796374,0.8061487888224892,0.0942105932371825,162,18,0.037229403492650116,0.9759724707562956,0.26166073742999857,0.09679826973607485,0.9803161317035133,0.5631631957485458,0.0035777964343429894,0.016278390991050048,guess_passwd
42,tcp,eco_i,REJ,30344,32,0,0,0,7,3,0,2,0,0,2,0,0,1,0,0,0,406,372,0.6392040641582402,0.8652872501803306,0.7512431458081902,0.7253617204022291,0.19123353807073418,0.5528258725386641,0.05914824873096686,212,17,0.2674814461174155,0.5882209101191389,0.10486382070676788,0.08165686017896046,0.8163408152138325,0.621626715032583,0.03857663086792384,0.0035040864952382623,satan
4,tcp,smtp,SF,428,1224,0,0,0,0,0,0,0,0,0,0,0,0,0,0,0,0,18,14,0.06325712197859872,0.04446549702913957,0.0773612623041591,0.01961203551445122,0.8896236817960692,0.19554189118262433,0.07227719679634789,136,112,0.8197000174072142,0.14427196096578399,0.5309695009737699,0.05249690217053291,0.016317493180211667,0.009217040678190574,0.014880806818878668,0.011036737383271789,normal
3,tcp,http,SF,898,4671,0,1,0,1,0,0,0,0,0,0,0,0,0,0,0,0,1,23,0.036379698216463675,0.006983859249350322,0.050690718347220665,0.026058899448143193,0.8429443885171268,0.15621808871651593,0.02794228449704308,119,192,0.9355415767276709,0.03980302219109225,0.5483252686621167,0.018493785561126044,0.042596980236495746,0.011267838380740037,0.01749616112181866,0.029788234684652883,normal
86,icmp,private,REJ,31973,53,0,0,0,5,3,0,1,0,0,2,0,0,2,0,0,0,386,246,0.6176901574954031,0.7702988945766346,0.6684702689651584,0.9511340503831973,0.2592754215503542,0.9870682980999868,0.05623255129054233,224,26,0.2636352380765754,0.6156314083736794,0.1724855089505889,0.059637204691603676,0.6343731554350267,0.5939947297405215,0.048076886094079986,0.040075012646536505,smurf
0,tcp,http,SF,436,3879,0,1,0,1,0,1,0,0,0,0,0,0,0,0,0,0,22,25,0.048333501321613674,0.08407780989404322,0.002570377157527426,0.03194137259035577,0.8412848553146415,0.06055793429548602,0.050066176057543134,72,187,0.7144875552311201,0.051159793171134796,0.6623822983432917,0.03912261506742603,0.045688414949372126,0.005552605575332082,0.03923389115670226,0.029135075517916366,normal
479,icmp,private,REJ,16265,88,0,0,0,3,4,0,4,0,0,2,0,0,0,0,0,0,388,181,0.8112651619695452,0.626927383621642,0.6853036486707612,0.6475154760841254,0.2821523125584957,0.5312515983521509,0.07143691638578681,178,33,0.2210390740435051,0.8350602137630876,0.20761075613336435,0.057014792898562074,0.7153163728657754,0.7060455157599816,0.010552470895603478,0.0395467989775727,neptune
456,icmp,eco_i,REJ,21265,212,0,0,0,6,1,0,4,0,0,1,0,0,2,0,0,0,319,317,0.9388257075763062,0.6330072115283312,0.6774859265887615,0.9641433229342707,0.018947001419184293,0.8947255967777044,0.06669895195904998,187,24,0.2578708081024461,0.47689149988371926,0.23372778438843433,0.03597176302254445,0.9720887662838911,0.7813943225218747,0.03646773532162947,0.022928863593002204,guess_passwd
378,tcp,telnet,RSTO,49879,286,0,1,0,2,2,0,2,0,0,2,0,0,0,0,0,0,271,349,0.9682318156380555,0.6579239086567749,0.9078738915800095,0.6152877103514954,0.090943524469732,0.9511291680135572,0.03556422409520932,69,17,0.03917911627039978,0.8417052890241986,0.11003330961350728,0.06091081376651386,0.9784412117238438,0.7462283123355171,0.03721176390220615,0.0320561119334165,guess_passwd
272,icmp,telnet,REJ,42738,71,0,0,0,6,1,0,4,0,0,2,0,0,1,0,0,0,247,379,0.9589511358435656,0.7226139003595098,0.6131170283980855,0.6030387399171592,0.09348617245652915,0.8484251442119624,0.014976239924459756,93,18,0.025007410101453187,0.7263347998968777,0.2465829796331173,0.07941817554979858,0.570529935452468,0.6691234545609446,0.003546842972200576,0.04670177175335968,smurf
0,tcp,http,SF,302,620,0,0,0,0,0,0,0,0,0,0,0,0,0,0,0,0,27,29,0.021733180215834792,0.0797824523826629,0.052509479585618,0.05153643488293872,0.9771300231814272,0.06889554069828747,0.06734209781290618,221,234,0.9252732112589568,0.056068410365832544,0.8326310468086353,0.06765756670198043,0.0025447775250940774,0.018673441371547674,0.01593268798687656,0.027900027706382963,normal
4,tcp,finger,SF,253,1790,0,1,0,1,0,0,0,0,0,0,0,0,0,0,0,0,2,18,0.04656085100069332,0.0015396654960569856,0.07585541942145849,0.044929506288650445,0.8281974680793321,0.05572431485072793,0.035632316621507676,231,102,0.8787881551824496,0.0834502866968615,0.8905623826541507,0.02057953415650221,0.0006958847911924638,0.023653794340339842,0.035872334843470424,0.012287557311768567,normal
0,tcp,smtp,SF,645,3598,0,0,0,1,0,0,0,0,0,0,0,0,0,0,0,0,20,3,0.06066785152579738,0.09685548109027557,0.07385316090207217,0.08466142061905152,0.9897838889737003,0.11210744665330097,0.062228913394240686,223,144,0.7492491020838045,0.15415784782487868,0.8107727804260786,0.02361284758843171,0.04923203159821908,0.007784931305293924,0.015202238623704751,0.0013967239997270398,normal
179,icmp,eco_i,S0,9351,162,0,1,0,2,4,0,1,0,0,3,0,0,2,0,0,0,466,231,0.6427257544964109,0.7230245976844767,0.8402775578615888,0.7039882927523563,0.19654438260407112,0.5946762948453542,0.05850544543209474,83,14,0.09562063909906952,0.6581666336320593,0.06465060376722255,0.02605512573894202,0.6272440995758077,0.9614055864924302,0.03506149981952485,0.019625893650799954,satan
348,tcp,eco_i,REJ,12136,12,0,0,0,7,1,0,3,0,0,1,0,0,2,0,0,0,291,362,0.7741280515836766,0.837118126410721,0.870541956025426,0.60017343407429,0.17932731752452682,0.8282758473212917,0.026052124057145677,148,16,0.028957338626320536,0.6337362446202198,0.02248607034972414,0.0581737216006927,0.8364657285483463,0.5811041360571431,0.030091145150503013,0.03454771806955932,satan
283,icmp,telnet,S0,23368,101,0,1,0,3,4,0,3,0,0,1,0,0,0,0,0,0,363,462,0.904042657324369,0.724449367683001,0.824865018007163,0.9122192224042885,0.0883643341068965,0.6642688134135191,0.05995060671175652,245,12,0.1863437613999063,0.5732362762330665,0.24917043083246446,0.030131638657553507,0.7672928625028588,0.8059327627875374,0.026648355706295004,0.022481289695729878,satan
3,icmp,finger,SF,1836,4401,0,0,0,0,0,1,0,0,0,0,0,0,0,0,0,0,1,27,0.0651705330453108,0.012904892289825654,0.05313487532694519,0.04999574601876097,0.8139612198742462,0.10255272614607557,0.08606674662887857,216,208,0.9332656402956849,0.12434285119133547,0.5322636887427235,0.044024246671087335,0.014426728489092839,0.044193261164074175,0.046317786588369325,0.005387924095231245,normal
3,udp,http,SF,226,2805,0,0,0,0,0,1,0,0,0,0,0,0,0,0,0,0,6,29,0.06235751477026844,0.030024810862930153,0.05752676766640311,0.08693675105072667,0.8254994181933122,0.17268675121117416,0.024576246632407074,214,143,0.9695517265235345,0.12875806765010453,0.7103184760835515,0.03220867257956516,0.04800667387160082,0.03793036895263346,0.03606451316172668,0.03515111074846993,normal
86,tcp,eco_i,RSTO,48183,88,0,1,0,2,3,0,3,0,0,1,0,0,1,0,0,0,441,157,0.8884396838566935,0.739297858085773,0.8267102229895094,0.9066193625135739,0.14048568095353328,0.6322312176126927,0.005616115669595523,213,29,0.08854559055579307,0.6872360656000606,0.13729430008511861,0.06859412017549972,0.9139189589955776,0.8866651877018559,0.026128846463335076,0.046873995081688574,satan
0,tcp,finger,SF,405,2352,0,0,0,1,0,1,0,0,0,0,0,0,0,0,0,0,17,2,0.07425690617556514,0.0033059200545114686,0.0618402437908263,0.08469322772425023,0.9279686800245663,0.07212349807736296,0.022447108598256396,226,116,0.9869525113092164,0.17533909633149444,0.7577682857796106,0.02757429641984457,0.030934305024129624,0.027329671796732593,0.016875281569750444,0.0432911752985159,normal
3,tcp,http,SF,415,953,0,1,0,1,0,1,0,0,0,0,0,0,0,0,0,0,10,1,0.028786140049078257,0.02044221378902096,0.09796624516555634,0.019512005545372482,0.921712604599803,0.15761149247609216,0.0001273746250890495,53,195,0.7400872411008691,0.030886810484140506,0.574778009795313,0.03167280531777318,0.014700750224322318,0.006142831295563956,0.035905601867493094,0.022603895607801988,normal
8,icmp,telnet,S0,39097,18,0,1,0,4,3,0,2,0,0,3,0,0,2,0,0,0,351,355,0.8090479208817132,0.9074954598195399,0.6876583719894669,0.8093792433948981,0.0712142257053273,0.6470920464953136,0.012926248249215977,121,22,0.19998332362908136,0.6602515657499575,0.2883474266777233,0.02936304355248163,0.8783192597249769,0.6887331486795856,0.02897148273607707,0.027920618240847597,neptune
262,tcp,telnet,RSTO,44299,125,0,1,0,2,3,0,2,0,0,3,0,0,0,0,0,0,456,436,0.6805351194074967,0.7698454874266563,0.6551478464963761,0.808694987056291,0.23503428574769242,0.608102546273579,0.06922981298108345,136,20,0.013923969588553863,0.7658060120067307,0.018159182260010707,0.07792563689106839,0.665162799844464,0.9300585077266171,0.03170804458421061,0.011911024480046517,portsweep
2,udp,http,SF,263,1426,0,0,0,1,0,0,0,0,0,0,0,0,0,0,0,0,23,25,0.09104123398316256,0.04331905556359056,0.00623017702837122,0.04834472117737784,0.9975788347124748,0.1453769313023356,0.08066196928080298,99,132,0.9980769687317752,0.12390225351676415,0.858956553508386,0.036170958441959444,0.046317132669478706,0.03678648709507098,0.018302197964052098,0.03125433748419892,normal
1,tcp,http,SF,147,4372,0,0,0,1,0,0,0,0,0,0,0,0,0,0,0,0,19,24,0.05548254003765684,0.02845630692721185,0.07192529907079513,0.0822644656835189,0.9829878023541105,0.11213415378373551,0.037556341025014144,61,169,0.9794615897668977,0.10636732933550935,0.8898329209603861,0.09025304510891584,0.0050066711073510186,0.002779404280199238,0.016605722058281425,0.04407851006422797,normal
220,tcp,telnet,S0,17716,86,0,0,0,6,2,0,4,0,0,3,0,0,1,0,0,0,239,248,0.9276352660531226,0.7273955078612924,0.9716143885943511,0.6356840871731043,0.13382364508386219,0.5310132758727748,0.07544504152521464,238,39,0.20524203879981737,0.9031942863952221,0.06709519086700014,0.07997925013388382,0.5863445652569443,0.6895529063853963,0.03853391853828836,0.00839656012426268,satan
1,udp,http,SF,585,3731,0,0,0,1,0,0,0,0,0,0,0,0,0,0,0,0,3,14,0.06632380285105513,0.017726707761694816,0.02576524913477737,0.045784219349337685,0.9863404532680247,0.09872728171284946,0.03466957617763199,88,164,0.7080227457232098,0.04458226480308956,0.7119905644416848,0.05983189320282927,0.035250898986599014,0.04004609552026226,0.04838492989912009,0.03230396210726334,normal
2,tcp,finger,SF,1164,1728,0,0,0,1,0,1,0,0,0,0,0,0,0,0,0,0,26,16,0.010309947008530995,0.038075297469462865,0.09911067244295983,0.08464953462533985,0.9714560532698969,0.12790732648153927,0.09046750477895155,225,163,0.9688144946284396,0.1426686213441946,0.6077155965431577,0.011460486854982667,0.011074484414927456,0.039344590873983024,0.044818356088812315,0.04762456895525014,normal
0,tcp,finger,SF,618,4218,0,0,0,1,0,0,0,0,0,0,0,0,0,0,0,0,14,5,0.08626641257530912,0.07792531125598329,0.07143421014945195,0.06484061284483224,0.8918247234127095,0.07296725808212126,0.0035155311527143686,51,182,0.7490652084013895,0.18456720744969357,0.7477098067981336,0.016485182509961015,0.02992349343128985,0.0050149417262891575,0.04706628684332756,0.017118573559545585,normal
268,icmp,telnet,REJ,22166,222,0,0,0,6,1,0,2,0,0,3,0,0,0,0,0,0,473,285,0.7688791586775829,0.6110797395526697,0.6032439583478096,0.9551016586940012,0.13381610139648212,0.7323594596427951,0.06907600345794233,156,33,0.18016477877562156,0.7194088424006255,0.08131489457215281,0.02579786725312,0.6105831598361255,0.9991613134389842,0.04481754332502122,0.044021824818227966,portsweep
290,tcp,eco_i,S0,47955,57,0,1,0,6,2,0,2,0,0,2,0,0,2,0,0,0,377,234,0.6525015149729475,0.6436878612598429,0.918745125895598,0.7935951356574882,0.232593727555037,0.7105294833663935,0.09486685209720412,221,33,0.22685234216734115,0.6399553851047126,0.18532596474658844,0.006570482491539265,0.7167151291751265,0.5777822487163914,0.027346967732948577,0.003948311908168656,guess_passwd
4,tcp,finger,SF,307,2352,0,0,0,1,0,0,0,0,0,0,0,0,0,0,0,0,17,13,0.0998863240391683,0.04337493594431742,0.07051624271559648,0.015203590769457088,0.9621409767683249,0.0780627341133102,0.012586315437006624,174,66,0.9536721543484592,0.12191090693906569,0.9027648088660466,0.09050870333062111,0.0234861432072382,0.03857516573466466,0.048990907971538274,0.040795498534953456,normal
22,tcp,eco_i,S0,27480,30,0,1,0,2,4,0,4,0,0,1,0,0,2,0,0,0,505,234,0.7270812491386902,0.8311470070306741,0.6587668437125024,0.8165471853531556,0.21378593090914927,0.5306997879972424,0.015679024564762056,140,6,0.2859092001404336,0.47324776371565336,0.2521426273477498,0.09919979909349493,0.8086288234958479,0.9864295846485296,0.004938078194023416,0.0015919840085293069,guess_passwd
4,tcp,http,SF,668,2602,0,1,0,1,0,1,0,0,0,0,0,0,0,0,0,0,14,11,0.023565795556903357,0.010414301269702532,0.0555970991040175,0.08152657043053135,0.8321537409205189,0.0007886981771222379,0.09756778418979017,80,99,0.8608912029394473,0.16853714458322114,0.9215143593768671,0.08285742782003216,0.042031007418567044,0.03295440151326819,0.04095203712575849,0.03534719820018769,normal
264,tcp,telnet,REJ,46837,37,0,0,0,2,3,0,4,0,0,3,0,0,1,0,0,0,449,395,0.6503617832826755,0.8085565163960133,0.8235103678451452,0.6872931447896886,0.1597606381837182,0.5845657711954696,0.014613151511985712,130,25,0.04927936855354644,0.6805410732717739,0.06572846771971633,0.025788597906072463,0.5986202634725536,0.786391039582468,0.031200484984513457,0.01494052570649237,guess_passwd
9,tcp,private,S0,31132,1,0,0,0,3,3,0,4,0,0,3,0,0,1,0,0,0,438,168,0.6054760469052669,0.9771970550319895,0.9766167462282517,0.6284330916098421,0.15883348988832638,0.7068802380925703,0.05182652605894089,56,33,0.2564648155512518,0.7921670556102955,0.06312408264640398,0.058790499670786305,0.9606538461063385,0.7759334036889751,0.025678065538709834,0.014157271739307321,portsweep
159,icmp,eco_i,S0,15935,298,0,1,0,4,3,0,1,0,0,1,0,0,2,0,0,0,451,467,0.6242647737330631,0.9575154251499215,0.6174240087538269,0.8257404146932867,0.2580598389886751,0.6034283472641944,0.06865329847841088,133,20,0.1396375132728415,0.48091484943904844,0.06690250944855285,0.050509053683800265,0.6822711675934208,0.9937613899668151,0.03341643123165156,0.02384671435395412,guess_passwd
335,tcp,eco_i,RSTO,11217,21,0,1,0,7,1,0,3,0,0,3,0,0,1,0,0,0,225,223,0.9969513941972193,0.730163944119073,0.6507329405062284,0.8085707812233327,0.1834629031821359,0.54084941355293,0.0881463595296748,206,30,0.2514102836115582,0.6762807613830228,0.01771210999141797,0.018887740350530025,0.8838330804497199,0.905408919074795,0.007603370772333251,0.018864957053913813,satan
4,tcp,smtp,SF,1389,4649,0,0,0,0,0,0,0,0,0,0,0,0,0,0,0,0,28,27,0.0597335918711443,0.034170429529077576,0.03501415422940825,0.013806172895190472,0.8810538918193205,0.0697479896705463,0.024973571888589053,110,129,0.9880246323956094,0.18948259873809262,0.8874702240553921,0.09924729476354588,0.006124826400019301,0.03994775002677736,0.03324057735370857,0.03318085087791717,normal
4,udp,finger,SF,1091,870,0,1,0,0,0,0,0,0,0,0,0,0,0,0,0,0,22,12,0.010905430648243132,0.0262572461160155,0.027571918361811068,0.01359693900603718,0.8596069095093815,0.05206337113161979,0.08866821059184682,230,204,0.8563017421685862,0.15467335135495952,0.5938379085117346,0.010953785317232002,0.04954674823172226,0.03688668502660807,0.011169759416996279,0.04354577896969054,normal
0,tcp,smtp,SF,1715,4453,0,1,0,1,0,1,0,0,0,0,0,0,0,0,0,0,20,7,0.08752418092119761,0.08932839863739822,0.05829886258785541,0.03517982616417863,0.8313930862297692,0.19856601298140586,0.07443773012062915,215,131,0.7959319326641506,0.08990867321142407,0.6348048224043668,0.08356078453038202,0.040063206792615866,0.045065478073716414,0.000141566997686865,0.008101831917442048,normal
2,tcp,finger,SF,1704,898,0,0,0,1,0,0,0,0,0,0,0,0,0,0,0,0,15,1,0.03017692985194961,0.013368052355173354,0.042422661703323754,0.021147113375381922,0.8689548271830342,0.0469250645816292,0.039588511584806196,97,229,0.7796027769320364,0.12134220539593461,0.610872643696498,0.01976318665294137,0.04735460745845032,0.03212572634093827,0.03865934273379639,0.023836644379613553,normal
4,icmp,finger,SF,1492,1648,0,0,0,0,0,0,0,0,0,0,0,0,0,0,0,0,3,1,0.024711928836902,0.05058310965565258,0.08102098556993458,0.031838624704281275,0.8735845660073638,0.18824651135214868,0.09242984130144702,212,174,0.8295907949115544,0.07342251785123247,0.501144768673161,0.09668259506101438,0.02638411653560159,0.027153669888924988,0.0474114100569033,0.03249040945364294,normal
261,tcp,telnet,S0,49358,231,0,0,0,4,3,0,1,0,0,1,0,0,2,0,0,0,225,411,0.6150469202916858,0.8147721067345676,0.9338855821599061,0.7639396040026541,0.11054019746739102,0.728535672441519,0.04996976474209748,125,29,0.07266454684983044,0.5846099546127193,0.2302422112000283,0.05946562610977899,0.942532014010231,0.8771581925873225,0.005812509156989299,0.01014555219199962,satan
34,tcp,telnet,S0,7447,293,0,0,0,3,4,0,3,0,0,3,0,0,2,0,0,0,309,350,0.8492177751258825,0.9948700622457278,0.7136543527143014,0.9489143569431541,0.20499523650789295,0.6487816562852415,0.05016744045509585,105,24,0.2855258338516504,0.7035529881757545,0.008756898572422678,0.07883629109854436,0.527646951405629,0.8839754635465782,0.04607340570253002,0.01999312560749782,portsweep
3,tcp,http,SF,661,1324,0,1,0,0,0,0,0,0,0,0,0,0,0,0,0,0,7,12,0.09327460760074581,0.06918594739723322,0.03767684712967352,0.05540710968913485,0.88310049248636,0.03434442345864619,0.057227234758488336,102,93,0.7460171275354536,0.13493988758669515,0.6750029771293293,0.05161473415322018,0.03646571118637346,0.02079164901885769,0.017371916278517658,0.045958884565260566,normal
497,tcp,eco_i,RSTO,15395,222,0,1,0,7,3,0,3,0,0,2,0,0,1,0,0,0,223,423,0.6870394542363566,0.8391541207229396,0.8252748489019381,0.7422326929530895,0.28310678719427196,0.7987805311852516,0.012529498253409755,54,6,0.25985262451347957,0.4717378478050839,0.11019833969492103,0.025788852447056167,0.823854201352383,0.6165135031574828,0.01259417958978782,0.03651059081468754,neptune
3,tcp,http,SF,1046,3693,0,0,0,1,0,1,0,0,0,0,0,0,0,0,0,0,22,3,0.06149877629496451,0.024356855580555684,0.0448686718591796,0.0932480069842819,0.8002184148624685,0.14532702572077935,0.09173157722879235,193,67,0.9589547627231314,0.12774692002813212,0.654444441278129,0.09731019852367317,0.029155345840163827,0.005608200404190561,0.03877411903691583,0.03632879896010211,normal
191,icmp,telnet,S0,32376,257,0,0,0,6,2,0,4,0,0,2,0,0,0,0,0,0,243,199,0.9123348507668514,0.6723154761648967,0.6495132877643596,0.9910706058753729,0.20682045653102862,0.751288451308133,0.051314166838398005,253,15,0.20142613531916262,0.88458333856134,0.04556577111051722,0.06016850100000918,0.8956340599594563,0.7048331472640247,0.01364448528743097,0.020874367458998205,smurf
434,tcp,private,REJ,34135,90,0,0,0,2,2,0,2,0,0,2,0,0,0,0,0,0,275,324,0.941751506184798,0.8815159141478948,0.9197004785804741,0.7588711229203046,0.13873838749729925,0.9389727883600731,0.030219629284925886,69,16,0.2942619111401507,0.8130917873644481,0.2878786091306008,0.06635596409365446,0.7417666608630133,0.9178626268261676,0.04861703221336834,0.014409982912183584,satan
0,tcp,smtp,SF,354,863,0,1,0,1,0,0,0,0,0,0,0,0,0,0,0,0,16,6,0.021950415094834308,0.07852061359431911,0.08808465308105726,0.09449968278943383,0.9600567233290838,0.12686423984364076,0.023143692051266575,114,225,0.7545388829818818,0.11845337783147224,0.9763533794074125,0.022150442903659043,0.04237468528134569,0.0042458301943284985,0.006698390519513831,0.04298864980129535,normal
4,icmp,smtp,SF,1102,3829,0,0,0,1,0,1,0,0,0,0,0,0,0,0,0,0,3,10,0.04511884455335324,0.0014434802779022095,0.01547238990088764,0.04821107202544245,0.8857269300012466,0.048753794953806745,0.08132329156105762,223,56,0.884856024215749,0.09779522591479516,0.8315912561015781,0.005466679583308132,0.039698419443270946,0.011748026742236807,0.04883958386015896,0.01272669167200114,normal
76,icmp,private,REJ,13029,112,0,1,0,2,1,0,3,0,0,2,0,0,2,0,0,0,348,319,0.7763602996826311,0.9148495690429902,0.8716155249626996,0.6348865591682309,0.10288056614780026,0.7150854422061167,0.057800789445683225,99,19,0.13900270105344809,0.9268456601855368,0.2692671116187096,0.04578001731969722,0.657871406468735,0.747204068319608,0.01924789417338478,0.042981227563289016,portsweep
179,icmp,eco_i,S0,6306,10,0,1,0,7,4,0,4,0,0,3,0,0,2,0,0,0,325,331,0.7201458209392304,0.6908021948709249,0.896990792754473,0.9340802780615318,0.20335767331697874,0.977017843470646,0.0353713027632807,239,5,0.023139653627842427,0.840997650359526,0.12018528442271226,0.05508310529464725,0.8129341375935413,0.889585996389086,0.0007242089439026323,0.048812656530221855,guess_passwd
0,tcp,smtp,SF,1880,2973,0,0,0,1,0,0,0,0,0,0,0,0,0,0,0,0,7,29,0.05618778348930105,0.018930635920056917,0.062234493607589675,0.0030922017080913357,0.9338153110854359,0.08708578839922841,0.05747383779742352,54,149,0.8010726293849552,0.07688561004684154,0.8538698617790079,0.013066888299846058,0.034027808120699894,0.02802584911259271,0.017350877344125878,0.021548539828166038,normal
235,tcp,private,S0,28227,141,0,1,0,2,3,0,2,0,0,2,0,0,2,0,0,0,282,255,0.8930872207001295,0.8080462473447994,0.7260403301315665,0.8970753959820599,0.05622326310988607,0.6781565347036715,0.04848637948320228,85,11,0.29186899859763765,0.841677482218797,0.27840435813810105,0.05979886411473282,0.7210509413711618,0.5188929629350586,0.019947788086165114,0.02972591783074587,neptune
237,icmp,telnet,RSTO,48542,281,0,0,0,4,3,0,4,0,0,2,0,0,2,0,0,0,493,444,0.8527360450116723,0.6089551178715701,0.9949529690590737,0.8318841571330193,0.24026085365276506,0.7176491775262044,0.0994040425209049,98,21,0.06149348500252225,0.7513228072247912,0.28271415885957885,0.011231386662431243,0.6882896769447323,0.5731881232606147,0.020664167589773148,0.030304874333806006,neptune
228,icmp,telnet,S0,6364,227,0,0,0,6,3,0,4,0,0,2,0,0,0,0,0,0,206,347,0.7090649180737353,0.6939241802346688,0.8109314083253865,0.7396567512860394,0.2028451289753123,0.8588472013190482,0.03338966512743163,179,13,0.08482186448344832,0.4707979075976685,0.11707648223472232,0.09279691405742815,0.8758595873081298,0.5935529218350118,0.02114448161613089,0.043664267863583274,smurf
107,tcp,eco_i,RSTO,23504,157,0,0,0,2,2,0,1,0,0,3,0,0,2,0,0,0,483,422,0.6798756572158686,0.7088198829201076,0.7426516576253255,0.9014229779333349,0.10215822710773605,0.9000514486180164,0.09604706370350286,166,22,0.12452761274017005,0.6517055235379106,0.27755583082440116,0.0016729693068413766,0.6171218640198406,0.9289818439655373,0.015789878475048737,0.03511932566913483,portsweep
476,tcp,private,S0,31498,207,0,1,0,7,3,0,2,0,0,3,0,0,1,0,0,0,476,435,0.718894012821318,0.6548060202938375,0.944358870723446,0.6582150698484518,0.058360705152141444,0.8204985051740007,0.041498158925836526,79,31,0.1082543875726479,0.7925643782249824,0.1253793548032292,0.07377605675051205,0.8002836015178247,0.527209430251841,0.01696091644811033,0.04003889808389882,guess_passwd
0,tcp,http,SF,978,1498,0,0,0,0,0,0,0,0,0,0,0,0,0,0,0,0,27,15,0.031218007260679626,0.07733000080093963,0.09262833210715732,0.006377750646072534,0.9094655624435403,0.047687437360298617,0.06555109607382938,113,87,0.951546014839054,0.08177545713747998,0.6351000363292879,0.062326879005801965,0.03285832482608913,0.0475397174379899,0.008967185045199994,0.03525228115742613,normal
0,tcp,http,SF,1123,1586,0,0,0,1,0,0,0,0,0,0,0,0,0,0,0,0,4,23,0.05063740694865626,0.008126469394752246,0.01555126010122724,0.07638028523302401,0.8148085374935864,0.04954875973659292,0.08633361740209838,114,135,0.9283598672582187,0.06993610157628882,0.6873230097751102,0.015123291294056207,0.017228414484611747,0.0418275611514979,0.013264611518295683,0.009964117198412293,normal
0,tcp,smtp,SF,1707,2530,0,1,0,0,0,0,0,0,0,0,0,0,0,0,0,0,10,21,0.09154383505272151,0.05392305576556773,0.054268804438076496,0.09163864104223757,0.8417637868570857,0.1139108072433684,0.03767546632290131,239,174,0.9981742636519141,0.04667368974585726,0.549688655717853,0.01631047685044661,0.010923244624906526,0.036130242276154814,0.026961483786037195,0.041195150430871526,normal
460,tcp,eco_i,REJ,45224,231,0,0,0,3,2,0,3,0,0,1,0,0,1,0,0,0,213,420,0.7751054782058561,0.7264259825098045,0.6107173621272449,0.8642200332291823,0.23287828745300748,0.9922989741217132,0.05577788172611614,170,24,0.285200698177305,0.8579651978622411,0.06783875248183414,0.047838879764483325,0.8587433205972093,0.7081496127259822,0.0016059186719030616,0.02158378553291366,smurf
3,tcp,http,SF,1549,867,0,0,0,1,0,0,0,0,0,0,0,0,0,0,0,0,12,20,0.04487315194162592,0.024065347556576445,0.0839170875582635,0.0003481923684611754,0.8125841411798762,0.03348207036742481,0.0487794134917517,138,213,0.727467594268137,0.021844469868059813,0.6291981320605115,0.007676514871352059,0.01605313609229744,0.03648222303103488,0.01509933061559945,0.038015002195733144,normal
3,tcp,http,SF,1494,4041,0,1,0,1,0,0,0,0,0,0,0,0,0,0,0,0,4,6,0.09986954925203828,0.013416880530685838,0.0526290785000375,0.029913909105211068,0.9383504067293296,0.12730870067710762,0.06902881673309265,208,110,0.7779260081578621,0.07164401380356981,0.964152737438644,0.052952385121048245,0.013350102652290958,0.04011372827360559,0.04126924951173988,0.010576143997082944,normal
2,tcp,smtp,SF,1567,2863,0,1,0,0,0,0,0,0,0,0,0,0,0,0,0,0,16,20,0.06661786521150226,0.06383468117617903,0.02018184935630453,0.040444774239189255,0.8046320349065339,0.1113278345763576,0.03784721897419292,160,124,0.8276086240705424,0.17311808365106865,0.5210050206521837,0.03433709594978237,0.048867339872434544,0.041457934522317066,0.04962041244172311,0.0422643001585849,normal
0,tcp,finger,SF,1979,2003,0,0,0,1,0,1,0,0,0,0,0,0,0,0,0,0,23,4,0.03436673152808569,0.027073568282942686,0.043480108454992755,0.08779268918167042,0.8529093056034854,0.02947265330494915,0.09132506086268677,106,244,0.9034335985976275,0.12705424455617984,0.8914914393475458,0.006174354700882768,0.046671895128467734,0.016747596171678925,0.02714518236140763,0.015995001480116924,normal
71,icmp,eco_i,S0,40407,64,0,1,0,2,4,0,2,0,0,3,0,0,0,0,0,0,447,171,0.9857352020800335,0.8064192032019348,0.8000310316158689,0.8719957539863326,0.09604933149796552,0.5165700502352046,0.02120922398163724,135,36,0.26215023142157123,0.865641327226633,0.07663812501243418,0.025728740349250292,0.7381316110219465,0.678022120021161,0.024205096069570976,0.03713296180991805,satan
16,icmp,eco_i,S0,45297,105,0,0,0,2,2,0,2,0,0,1,0,0,2,0,0,0,381,300,0.9505047269937826,0.8080797477598017,0.9722231978583608,0.9511182318276339,0.14191136703201587,0.6591051639940431,0.08466505764833103,100,22,0.05363552033690692,0.5013369252570145,0.2803156925727084,0.015926813629184224,0.6084470103533738,0.6143012453616368,0.003117495744713078,0.03116626910735651,portsweep
95,tcp,telnet,REJ,5197,218,0,0,0,5,2,0,4,0,0,1,0,0,2,0,0,0,468,339,0.8882179781909614,0.8445532730829217,0.751017668207655,0.8496923257795583,0.09730891508966517,0.6878489845321489,0.02051468522994551,237,8,0.10445142594594481,0.44782097388872966,0.1351611996174804,0.07534338143753105,0.8068550335090079,0.6981912545546887,7.129802440886124e-06,0.00245156083668065,guess_passwd
185,icmp,eco_i,S0,41002,188,0,0,0,7,2,0,1,0,0,3,0,0,2,0,0,0,399,394,0.7855165358138387,0.6760314864480255,0.9130017319916789,0.7022357515466092,0.011598882834766733,0.9723463146117934,0.05544092857895081,96,9,0.2629953181410901,0.8598467641336638,0.03416670379547497,0.06155528369782531,0.8820864358418968,0.8386797023890037,0.008696494431483076,0.005912422402053946,satan
1,tcp,finger,SF,1484,2512,0,0,0,0,0,1,0,0,0,0,0,0,0,0,0,0,21,29,0.003115581082667041,0.00983392668723897,0.09539667171468871,0.027516354968001103,0.817457077969509,0.1062686210540612,0.055618658357478645,115,170,0.8808673970046015,0.11547811847032863,0.6236172130188591,0.0611757953968084,0.01133588017046759,0.0017020890595071505,0.006391621568940131,0.031964866288497436,normal
401,icmp,private,S0,30718,147,0,1,0,6,4,0,1,0,0,2,0,0,1,0,0,0,435,285,0.8747094227379395,0.7742767703615064,0.9363361278370452,0.6323498484074097,0.22185753765644414,0.8989446733243521,0.09796267807841487,189,13,0.21441293921698154,0.4935875603759645,0.11002520111053296,0.06696806096094272,0.544280081035223,0.704935866923444,0.02067266967940079,0.01132845859580451,guess_passwd
226,tcp,eco_i,RSTO,40031,28,0,1,0,7,1,0,1,0,0,2,0,0,0,0,0,0,490,393,0.6292762399148165,0.6424409760586268,0.6600009529730781,0.8560950033856942,0.10603423158663204,0.9156984056725388,0.09153474644025679,224,20,0.2626637886202529,0.8738114108928475,0.05737039782958198,0.04355342850246996,0.5096138634358622,0.5661571215758154,0.021764659666612063,0.03335161289333365,neptune
3,tcp,smtp,SF,1879,1675,0,1,0,0,0,0,0,0,0,0,0,0,0,0,0,0,3,13,0.0018750586736279162,0.03785065964886303,0.021704630315825958,0.05780392479199319,0.988738899664983,0.05649182592254083,0.09072468719812243,187,207,0.9980004086531625,0.0828820283701633,0.5728669335237826,0.091008598777376,0.016148619733140652,0.03039031325925695,0.02145887462929358,0.04989067635904501,normal
301,icmp,private,RSTO,45434,97,0,0,0,2,1,0,2,0,0,3,0,0,0,0,0,0,449,433,0.7423910368418245,0.9050365705678491,0.6922732803594278,0.6111807224290486,0.10774472866855041,0.7757668429753037,0.05457485186513287,140,23,0.28204910039377407,0.8609203635357733,0.06726609762744881,0.05688213689679962,0.6721768821666854,0.7431517411901405,0.03641676747528243,0.013803418912705768,guess_passwd
1,udp,smtp,SF,497,2897,0,0,0,1,0,0,0,0,0,0,0,0,0,0,0,0,24,24,0.05920028874488703,0.07239272795530836,0.0512921577555336,0.06121586173620352,0.9924232212981763,0.17327259258841465,0.08158605931167728,207,208,0.8480855701271587,0.07233255983884944,0.8279599749648079,0.031004604418479645,0.03655653253102495,0.04590096113133913,0.025465829220524278,0.03418246191726725,normal
60,icmp,private,S0,24129,3,0,1,0,4,1,0,2,0,0,3,0,0,1,0,0,0,284,333,0.9808061627320734,0.6861254503405613,0.9474006366059149,0.7021432902741176,0.14412284391711253,0.510690813242897,0.049823792346479004,146,18,0.27032424148127515,0.6445919072272691,0.2079005431297126,0.035666835416709945,0.5058063808961879,0.6573766143496143,0.02547324984662543,0.0029496185020403466,portsweep
178,tcp,telnet,RSTO,15225,72,0,0,0,6,4,0,1,0,0,2,0,0,0,0,0,0,391,444,0.71074065402989,0.7515497589695659,0.9543885989055234,0.7051122662858095,0.2639829752633388,0.7813475832660997,0.013305265477622775,64,18,0.2322227187166147,0.6522701726106583,0.0013173043038365638,0.02437920487304364,0.7103197175292337,0.9505517880337571,0.016149398447947782,0.026193089006771503,neptune
37,tcp,telnet,S0,36009,130,0,1,0,4,4,0,2,0,0,2,0,0,1,0,0,0,483,288,0.892962496757524,0.6137802066115435,0.9167927916776744,0.9592537124718205,0.07870350303375057,0.6709302781240445,0.09405590556107964,61,7,0.025561213789762813,0.8351194708035263,0.2267414557672058,0.005387850766084868,0.9278010573966904,0.9600483907352388,0.04666049581132135,0.049819642744288656,neptune
0,udp,finger,SF,700,1986,0,0,0,0,0,1,0,0,0,0,0,0,0,0,0,0,28,14,0.05303995394185038,0.06773546291151085,0.04772204109543596,0.05094746851292545,0.815787935140641,0.1686508726224466,0.047659423659077264,174,51,0.706390697859755,0.1266713681707383,0.6502807492873899,0.0773093201456847,0.010847072833493865,0.03339927820485059,0.044410403085977324,0.02130657486728968,normal
0,tcp,smtp,SF,1368,3442,0,0,0,1,0,1,0,0,0,0,0,0,0,0,0,0,16,22,0.08506906319481565,0.04030487826702711,0.011557880635366847,0.08043512693612509,0.9243459174074533,0.010276049818535405,0.07180872494376087,149,136,0.8993152817268995,0.0447379577207782,0.8614465161145544,0.04122490075794654,0.005183861120961336,0.02886766045482902,0.005098136692495198,0.038127961256142484,normal
284,tcp,eco_i,REJ,16828,286,0,1,0,5,4,0,2,0,0,2,0,0,0,0,0,0,411,256,0.6025576865014747,0.6165698833348219,0.9329300003418848,0.9248489316069999,0.2767328871714552,0.7806974612692521,0.0155336063473134,70,22,0.0985025538228127,0.8489077609564591,0.0646205268188728,0.04766359746294953,0.5505267557877722,0.9278315406623314,0.02486143815845761,0.041640824693490036,smurf
2,udp,http,SF,1854,4688,0,0,0,0,0,0,0,0,0,0,0,0,0,0,0,0,5,9,0.014218601301502721,0.026117208401659077,0.008522167577652872,0.06679232304681411,0.8969233878189032,0.09953336546839364,0.005993777660037992,152,217,0.9647833296532413,0.14686538603589575,0.6205489596856142,0.061432525148527775,0.04839028691873051,0.04951677607500638,0.020407091967309665,0.005931030590819165,normal
4,udp,http,SF,1299,2206,0,0,0,0,0,1,0,0,0,0,0,0,0,0,0,0,14,20,0.07316727834677893,0.01984208467615416,0.0643957946609181,0.002380487783633856,0.9526145038127725,0.15072665616067224,0.08777022720888196,93,149,0.8543420024392678,0.12472602625193051,0.9960942681824493,0.032547454586182356,0.0022359752026868463,0.04889359543288237,0.015720975995590615,0.02048420375226122,normal
66,tcp,eco_i,RSTO,21350,231,0,0,0,2,1,0,2,0,0,2,0,0,0,0,0,0,460,367,0.6371736423578834,0.8770410010248817,0.6736905220556123,0.8099979287713481,0.19842941734067943,0.5661286683942061,0.012270742353754017,161,30,0.1481425054910256,0.7167068841319739,0.2556985454114132,0.05774352817243305,0.7878340551647811,0.7509565138561113,0.008914036007777282,0.025318671733976162,satan
4,tcp,smtp,SF,1237,1376,0,0,0,1,0,0,0,0,0,0,0,0,0,0,0,0,23,14,0.019076095246666414,0.019051972698740285,0.026432722427503233,0.09492321321243602,0.916546191336196,0.1250502015375684,0.07737611486963425,151,163,0.911843300892376,0.15014694931065187,0.6182913121798281,0.026061382288538826,0.020367901450968885,0.012488539885907242,0.004443390254072116,0.04043471801086011,normal
1,udp,http,SF,178,1501,0,1,0,1,0,0,0,0,0,0,0,0,0,0,0,0,10,7,0.07859668214506271,0.04821927896583025,0.0001289944456322134,0.03478668255940544,0.9892630854735901,0.07839009101829836,0.018107137090522096,128,202,0.9579442843954608,0.06240867487097455,0.8788314392213188,0.01926439818409379,0.031388416951981975,0.009883390603085997,0.026457361841873146,0.023084844287261236,normal
118,tcp,private,S0,38528,148,0,0,0,6,3,0,1,0,0,1,0,0,1,0,0,0,509,435,0.6124143570022361,0.7339975111149133,0.8163339498763805,0.671388037522851,0.1226168940366055,0.5939747378201237,0.07777047243344744,157,38,0.05437704583611865,0.473135717488389,0.18062886437605127,0.07792542748282462,0.8026866924868288,0.6754950770363558,0.03083333277213376,0.0035669725204070138,guess_passwd
34,icmp,telnet,S0,44175,16,0,1,0,5,3,0,1,0,0,2,0,0,1,0,0,0,270,491,0.8127954550982109,0.8483059690645335,0.8462939378561798,0.7219512862332227,0.20179553773017284,0.9639315315162824,0.05280945604610086,117,10,0.25374395760957474,0.8745419406339883,0.05404174054553897,0.04482927663989881,0.6779701847548234,0.749368324428797,0.012500633628379849,0.04391458821753875,neptune
73,icmp,private,REJ,21619,246,0,0,0,4,2,0,2,0,0,2,0,0,1,0,0,0,393,392,0.6265079441860956,0.8154738689462033,0.8043629418679424,0.7864159345883126,0.025982351074132215,0.7174443219308159,0.08802343665036655,118,7,0.04427615724363164,0.8528431671783301,0.11721817448679321,0.08245298834227044,0.6432850466291348,0.9034590110959069,0.027181587323770646,0.01771569287942515,guess_passwd
0,tcp,smtp,SF,656,888,0,1,0,0,0,1,0,0,0,0,0,0,0,0,0,0,11,12,0.08549451286305332,0.0640340621124484,0.0664795093623584,0.028989167187910017,0.9888253890823445,0.13201026822104367,0.09468697515382335,107,238,0.9145210500420444,0.08489582628624369,0.6287543560587375,0.03128001238995141,3.4508753238909894e-05,0.025363418298599828,0.0029715115756530188,0.04403205109621677,normal
4,tcp,smtp,SF,766,723,0,0,0,0,0,1,0,0,0,0,0,0,0,0,0,0,1,11,0.022684148463223253,0.035901283214379846,0.08963800495481214,0.04641008641918233,0.9267693734707154,0.05251354249358038,0.043605262110952475,210,161,0.7434499053145882,0.17937617908364117,0.9178629617081994,0.012497882442661402,0.0022535718321702036,0.04486631021427364,0.0206049108854096,0.023763138358109944,normal
227,icmp,private,REJ,6683,93,0,1,0,6,3,0,2,0,0,3,0,0,0,0,0,0,234,464,0.7929545755876795,0.7645305424868152,0.7080152452708207,0.9264622146981717,0.12827264344364203,0.8880004792922642,0.07150529474613573,60,23,0.2807361460405817,0.6230284412031816,0.12103616208302792,0.09517302131140533,0.5971123556608509,0.8228359783050734,0.019563954493467595,0.01923143412247852,satan
466,tcp,eco_i,RSTO,36970,258,0,0,0,4,4,0,3,0,0,3,0,0,2,0,0,0,259,338,0.8380668655716311,0.913078996864316,0.9382116137090315,0.657391476880899,0.29620347362771643,0.9992528388532833,0.08712304710634183,141,29,0.004752237239087032,0.7352822190975297,0.07933917624150853,0.0010181579282028009,0.5197783580979968,0.8552286168103116,0.02562872572975274,0.019265072376853334,smurf
0,udp,http,SF,1806,1783,0,0,0,0,0,1,0,0,0,0,0,0,0,0,0,0,27,21,0.0595499705910118,0.06800608554300946,0.08478793428104792,0.04654406567639651,0.8111007258074279,0.11346773336909162,0.00821179087895403,59,222,0.9541154714357807,0.08262880443755682,0.8216454502866755,0.029853656229846783,0.019066652061881347,0.04692672164667944,0.014911372449204919,0.013242035178291795,normal
3,udp,smtp,SF,1865,2608,0,1,0,1,0,0,0,0,0,0,0,0,0,0,0,0,27,25,0.0841431851143876,0.026842121796128604,0.022893377430794448,0.02946560888554083,0.8076039742410788,0.19838010809518453,0.0751338711546577,109,240,0.7149061078743921,0.1901320520257381,0.6755442326306974,0.09857915589252277,0.004810469193278744,0.006188410040959181,0.04154779207169926,0.042985775835013104,normal
3,tcp,http,SF,289,4166,0,0,0,0,0,1,0,0,0,0,0,0,0,0,0,0,26,15,0.010114321332760313,0.08849156631844819,0.007361189381638023,0.03514426145328662,0.8576085582994939,0.19696458878013717,0.07251143163195724,252,198,0.7813890694985106,0.08352015999545113,0.7264991714412463,0.0456166445424136,0.04780618619799785,0.015289756123424715,0.017626895100124634,0.04471686706813925,normal
3,tcp,finger,SF,1424,1245,0,0,0,1,0,0,0,0,0,0,0,0,0,0,0,0,19,29,0.04607612662917911,0.05719608378081387,0.009486203011118834,0.08989454603326497,0.9887735859503959,0.08563894010336551,0.08034820462916507,77,193,0.9465066572125683,0.028838996224497128,0.9219123850177571,0.06195514386645249,0.016441909231937113,0.038514891408967904,0.0038564716647087327,0.005475998686532452,normal
3,tcp,http,SF,315,3051,0,0,0,0,0,0,0,0,0,0,0,0,0,0,0,0,27,21,0.09294254050461874,0.08473506224191868,0.03390319418974882,0.07383189369523997,0.8676029664315665,0.0489456745431401,0.010091503104045541,209,58,0.7077018058922027,0.15963399394156563,0.6407544548396209,0.010592489895062163,0.039621345326753835,0.042298822155994585,0.00019618931004399266,0.049086315707555984,normal
2,tcp,finger,SF,1732,1165,0,1,0,1,0,1,0,0,0,0,0,0,0,0,0,0,19,13,0.034313762484346554,0.07697539544642393,9.553334234805311e-05,0.07633243615453461,0.9284107000845563,0.18994902854590245,0.05768614980705188,211,157,0.873301240046837,0.008085076641932832,0.5031300170118849,0.0399908207643804,0.010579339276430667,0.040427467900957914,0.04588181271851095,0.03057585884071461,normal
196,icmp,telnet,S0,36359,90,0,0,0,7,4,0,3,0,0,3,0,0,1,0,0,0,320,160,0.7562169734688359,0.6521477049267673,0.8154668806622474,0.9776874695012123,0.1371791179300927,0.8630071746810586,0.027961961737601616,126,27,0.2650258035922723,0.7832285436182671,0.07033136589659687,0.0634309126909644,0.7918216929565625,0.6261984074278553,0.03603455704459653,0.02604276784238608,portsweep
275,icmp,private,S0,19004,104,0,1,0,7,3,0,3,0,0,1,0,0,2,0,0,0,302,155,0.8307143553459204,0.8952583121462374,0.9669547702154484,0.9227121676007931,0.17170655212040023,0.7703318320335923,0.02227049611675025,87,33,0.11286912662442593,0.8790243934951179,0.2760166239043863,0.044383093662962815,0.7375985042736557,0.8544260681606992,0.03071317144517123,0.008005956026244909,neptune
57,icmp,telnet,RSTO,22128,101,0,0,0,5,4,0,3,0,0,2,0,0,2,0,0,0,209,454,0.7066127206877935,0.9383419965010538,0.6384097189332034,0.8503617485394979,0.19033363720600374,0.906540465009791,0.023942568908090014,129,13,0.08954213778976321,0.7670639742945926,0.2157610514540538,0.01719813962038266,0.624881559557641,0.9514740273009032,0.004256607604552254,0.03014915625952018,satan
2,tcp,http,SF,1222,522,0,0,0,0,0,1,0,0,0,0,0,0,0,0,0,0,23,27,0.016094742358150938,0.08688495910220159,0.05278203228071404,0.05453364591254999,0.8788551738334238,0.0699195824115411,0.003428573405347513,135,199,0.8958629019453093,0.1276196156239753,0.6487500998677944,0.016344601732126787,0.02535073343242182,0.009759202770020726,0.010003153542658206,0.003873020268253563,normal
422,icmp,private,S0,5112,100,0,1,0,6,1,0,2,0,0,2,0,0,2,0,0,0,433,470,0.6680733746998457,0.6623187304293773,0.8255221730909156,0.7906220480200894,0.2740130682120901,0.5481745013607423,0.07638468108090828,217,10,0.1798408354537913,0.5894682932009039,0.25291765576118386,0.03416610128379532,0.7792026570133014,0.592037298191656,0.03496667361334242,0.025421425407388534,satan
9,icmp,eco_i,S0,10267,190,0,1,0,5,4,0,1,0,0,1,0,0,2,0,0,0,279,358,0.9501905615942796,0.8896989293164592,0.842485337093922,0.9748535265546135,0.23890948524394207,0.8509123996900905,0.07248552262285245,193,37,0.1960297826427682,0.6553487288008779,0.2806483004320634,0.029896503161329125,0.7509796696093709,0.7417779348014165,0.007902522531810697,0.04046839650748309,portsweep
401,icmp,eco_i,REJ,39419,70,0,0,0,5,1,0,4,0,0,1,0,0,0,0,0,0,480,345,0.6137250972492304,0.6760360583772687,0.8070790599051513,0.8697639174201449,0.2939445599664967,0.9046027521768729,0.005067017689950793,108,33,0.24457668436058727,0.4402174435971262,0.0617462319855492,0.039451930729457976,0.7345178265020998,0.9245136196940497,0.012024643025552579,0.007102466471554537,guess_passwd
343,icmp,eco_i,RSTO,43969,101,0,0,0,2,1,0,4,0,0,3,0,0,2,0,0,0,503,496,0.6462764838914098,0.6698401867250224,0.9002896741632733,0.9878585863076276,0.029521079282676742,0.8337205570532418,0.0576452427539218,106,6,0.09083945918818105,0.4588190737960923,0.04982688756012131,0.04310680117341203,0.8899484562759354,0.7103145193290828,0.005254900494271664,0.006676820592399902,neptune
406,tcp,private,S0,44543,30,0,0,0,5,2,0,2,0,0,2,0,0,1,0,0,0,304,271,0.7666500384478906,0.9391872409500247,0.9286534682445001,0.7688017648845351,0.06900200390288921,0.9924675765003417,0.007160751415110234,174,0,0.10428424476542286,0.496432033566947,0.18468647426514506,0.014792804494715529,0.9760729293876809,0.6608987102673393,0.03406235739571851,0.0269638423543309,portsweep
2,udp,http,SF,131,2054,0,0,0,1,0,1,0,0,0,0,0,0,0,0,0,0,24,23,0.036346781973001965,0.0303658417109869,0.04628211345572358,0.030459635132804086,0.9896813923275429,0.1729330676062185,0.017206218841716782,74,236,0.9338415953880843,0.1342136198361751,0.6272407486736284,0.012432970799514931,0.016229540110682478,0.02337757312539447,0.04337305235136221,0.02274137009768732,normal
62,tcp,private,S0,16527,212,0,1,0,7,4,0,4,0,0,2,0,0,2,0,0,0,461,300,0.7070800007086591,0.8481574476459324,0.8447733863304794,0.7890944389004692,0.0038179648351874037,0.6753764109258995,0.0587146875675551,217,17,0.2623042069148392,0.7071168374813794,0.11668405539286149,0.055682320219750475,0.7573607657058713,0.8863809199197255,0.021725278655874897,0.004064769779286448,neptune
436,icmp,private,RSTO,34487,48,0,0,0,6,3,0,4,0,0,3,0,0,0,0,0,0,336,284,0.6493024470002446,0.6695916777428048,0.6035273083662548,0.9802646014975145,0.19167464741803505,0.5292236686970142,0.012678522794134207,188,10,0.2211733500136582,0.8983589270223395,0.2456113409231413,0.003893259211068834,0.5427460267801234,0.837492463035524,0.024308717000005045,0.047871689108097415,satan
4,udp,finger,SF,551,4413,0,1,0,0,0,1,0,0,0,0,0,0,0,0,0,0,1,13,0.02273909456228486,0.08427622848520179,0.07938826862551622,0.0034460136778336373,0.9539584360754649,0.15538438050208492,0.06104433738241252,232,111,0.8437102155547579,0.15918097063925593,0.7628265585193592,0.04956806399792029,0.012556027807777249,0.04256842553718817,0.02152631125679947,0.032563905570697355,normal
58,tcp,telnet,REJ,26430,196,0,0,0,4,4,0,2,0,0,2,0,0,0,0,0,0,470,469,0.6654337720264012,0.6880005573397899,0.8487021760941957,0.7239650129768334,0.086599088007569,0.8991954834131948,0.010637929094645693,191,32,0.09613423318384166,0.8209663223039365,0.18279968634772495,0.007808307491299904,0.7648663109417673,0.9936977707397885,0.028639779590392628,0.028946947200201356,portsweep
171,tcp,eco_i,REJ,13036,205,0,1,0,4,1,0,4,0,0,1,0,0,1,0,0,0,233,453,0.7899012973926469,0.6257687110106959,0.6777870151808598,0.9073294206933575,0.2933166550775098,0.9455843874321361,0.08679770804948465,148,17,0.2897521612929605,0.5913407651971072,0.2746162468591443,0.018035720786275956,0.8326212641547308,0.9320850353010699,0.029543306463535014,0.034251928681238684,neptune
2,tcp,smtp,SF,1741,1546,0,1,0,1,0,0,0,0,0,0,0,0,0,0,0,0,23,16,0.04068859599148537,0.02888010668157799,0.012350625733927534,0.0906181365748114,0.8611658311329654,0.13511210143166005,0.03995543749993957,161,107,0.9077367461649567,0.01721546948157653,0.6467122956841385,0.03866945030792118,0.031059156323230176,0.002462074666620834,0.0012782496597449234,0.04508612274467428,normal
44,tcp,telnet,S0,6795,23,0,0,0,5,3,0,2,0,0,2,0,0,2,0,0,0,277,312,0.7660075589966905,0.926877372864338,0.7797352268508918,0.9891701854925433,0.09304050431454566,0.6647913772035214,0.0798452737411909,155,7,0.2667000846118664,0.8092506116775189,0.18759959598772138,0.06424460784015062,0.7414086321689936,0.881409146448576,0.04467837590224012,0.005031570162876736,smurf
72,tcp,eco_i,RSTO,17393,136,0,0,0,7,4,0,1,0,0,1,0,0,2,0,0,0,211,307,0.6596907490929784,0.7561363157337162,0.6961241748160858,0.7808948940039594,0.19010054486667055,0.8939718345774283,0.061761802491387935,183,6,0.19125468390183734,0.41608532825638594,0.03108502434986473,0.06060322655693354,0.5946688976135518,0.8258348907118443,0.021657127633079185,0.0003650074924602398,smurf
0,icmp,private,S0,43082,168,0,0,0,2,2,0,1,0,0,2,0,0,2,0,0,0,508,248,0.762223913834894,0.8469744830888423,0.7841898111767855,0.758011416556304,0.27320079888711263,0.7579292058387193,0.012539901888231031,97,37,0.2017233180158259,0.8752987948121292,0.011869001810401746,0.08206387266763784,0.7029301723897936,0.5972145725614402,0.0032902184101873955,0.030829519338245744,satan
74,icmp,eco_i,S0,43550,254,0,0,0,2,2,0,3,0,0,2,0,0,2,0,0,0,232,236,0.7506676448008677,0.8202513224878685,0.8874928530963977,0.8582112991194879,0.197705421328069,0.9343750405250687,0.00997506252420588,146,19,0.1652084556766383,0.8785936007209008,0.2452294839685098,0.01581866718185554,0.9003801146559007,0.7402661059151114,0.026002483644547443,0.0050367796477536145,neptune
2,tcp,finger,SF,1414,2996,0,0,0,1,0,1,0,0,0,0,0,0,0,0,0,0,28,14,0.052831439556825545,0.004593699710672284,0.04573383331533264,0.09289404358713399,0.8783828414642224,0.07011996990557494,0.04060295606305319,76,95,0.8799265146148108,0.16667324104714387,0.7864072060355238,0.0969215905384676,0.004045799123797472,0.020740533755742044,0.036633361350224346,0.0010673772438600404,normal
63,icmp,telnet,S0,47192,50,0,1,0,5,1,0,4,0,0,2,0,0,1,0,0,0,273,233,0.9879457104296401,0.7002773001729201,0.6341305013671408,0.8413402213040593,0.007895260854867402,0.6582520347651277,0.0696507232396131,218,3,0.24720957548591382,0.917338206473866,0.2567611599774782,0.0409869922309165,0.5741488931260235,0.8279291440329593,0.04389970688402821,0.029696053002097857,portsweep
1,udp,smtp,SF,1156,964,0,0,0,0,0,1,0,0,0,0,0,0,0,0,0,0,11,26,0.08949178823855208,0.06556065824432154,0.055795298268870454,0.02237427935697376,0.9247922246110072,0.08745231514762129,0.009530660451771013,223,193,0.7661974689365779,0.07184044660470659,0.5729213854219216,0.03265987272144181,0.03689889439629382,0.03898035606548165,0.012756957519746082,0.024220859690082627,normal
0,tcp,finger,SF,599,4418,0,1,0,1,0,1,0,0,0,0,0,0,0,0,0,0,3,25,0.06350079158608064,0.022344461672983887,0.03424350896618377,0.07098622992274987,0.8489975188597709,0.1351527515371083,0.00857989478293869,215,217,0.7727484291107605,0.04527950345014253,0.8330424697233418,0.061990073002445724,0.027888625351832272,0.04156759989901026,0.03171923760478271,0.01365230885761462,normal
0,tcp,smtp,SF,372,2825,0,0,0,0,0,1,0,0,0,0,0,0,0,0,0,0,21,21,0.04456000297013288,0.09897692333824447,0.08903580016542478,0.05776449465750436,0.9584507194034833,0.09980562835647769,0.054886793605981254,83,64,0.8629565156621668,0.1516191200182503,0.9217851028589794,0.006121511317241102,0.03652702706171589,0.029492125526228364,0.038217827834017414,0.04678580802924892,normal
3,udp,http,SF,185,801,0,0,0,1,0,0,0,0,0,0,0,0,0,0,0,0,29,1,0.03413533221907105,0.09037907080779706,0.0022518841995246785,0.0005730900713121324,0.8387542943041535,0.14579440120011508,0.07814230285471774,53,116,0.7546427699703725,0.04314219115795637,0.5145604784799183,0.01184861571625806,0.025696487119562045,0.004418678166230683,0.019680424288360483,0.03714010722363227,normal
204,tcp,private,REJ,28638,299,0,0,0,2,4,0,3,0,0,3,0,0,0,0,0,0,476,154,0.8917253649407115,0.6554642287367599,0.6009198287339338,0.8618710279677202,0.07119949293083869,0.5229156885510928,0.07127638968908627,160,3,0.09595574415331243,0.4096291747962505,0.01841708979140516,0.014104590327217892,0.9915091233040298,0.598539223421635,0.028554999072235035,0.028772102867183697,satan
3,tcp,smtp,SF,691,4692,0,1,0,1,0,1,0,0,0,0,0,0,0,0,0,0,23,28,0.006730407066899646,0.09192692613280708,0.02561162677146215,0.08397612482502806,0.8101188825798207,0.10139976360035247,0.0771032996653375,107,117,0.738268009339054,0.1006590439860578,0.5838181428559733,0.04872662966566343,0.043472967097852165,0.02894638516842132,0.023691242241659985,0.027080896748445743,normal
133,icmp,eco_i,RSTO,42903,214,0,0,0,5,4,0,2,0,0,2,0,0,1,0,0,0,399,433,0.744184412028126,0.9396003891303419,0.9319472659007106,0.9667062037924398,0.01653729761622269,0.9876640316056446,0.06356002351680941,143,4,0.0009128947874615378,0.6459696462970695,0.04036621968911109,0.01035800276782687,0.6463346736362288,0.9566527221691743,0.0012852580577855767,0.02051961017664731,neptune
462,icmp,telnet,REJ,12431,170,0,1,0,5,4,0,4,0,0,1,0,0,2,0,0,0,501,323,0.9765346576641862,0.8812633906852141,0.8136043600632585,0.8974814273743776,0.14340627992793176,0.6882832859095667,0.04168359104793228,180,3,0.026819010696667023,0.6022992020847827,0.054105521100072496,0.06723444626402385,0.5695693100911132,0.548620108905006,0.00023720145721802257,0.012862970782825167,smurf
3,udp,smtp,SF,1725,4909,0,0,0,0,0,0,0,0,0,0,0,0,0,0,0,0,21,12,0.006941653144936555,0.037454948125544965,0.007976664248556154,0.08879565826958019,0.9021316370093427,0.11999050252246844,0.05530874239208862,138,147,0.8549717524666935,0.07805179381768251,0.7676821845203918,0.046699408344504215,0.019419658474101875,0.047863657704633716,0.016459326737722112,0.01864952620108052,normal
243,tcp,eco_i,S0,6560,45,0,0,0,2,3,0,1,0,0,2,0,0,1,0,0,0,297,380,0.936117625789963,0.7128638923889995,0.8646926778176172,0.6640024732445616,0.25363320232850983,0.5975327355384974,0.044181215460992664,103,3,0.019374441531482232,0.634471900160968,0.148863125589997,0.06282981843149567,0.6368917447565248,0.6624166021042575,0.044929988330272445,0.029070726449044855,portsweep
4,udp,smtp,SF,1423,3995,0,0,0,0,0,1,0,0,0,0,0,0,0,0,0,0,29,6,0.09545678468728146,0.07499221615007585,0.06121144359151738,0.020155592767134047,0.9497623603768456,0.06270192127693479,0.08792799196294054,233,191,0.9312825046417956,0.10627784409735436,0.6222890747246184,0.016095761402990582,0.01089634892165156,0.043243260852403764,0.031291222965388076,0.025834712043978886,normal
1,tcp,http,SF,1211,4913,0,1,0,0,0,0,0,0,0,0,0,0,0,0,0,0,6,23,0.03818754121688235,0.08386371347886454,0.05163894235281748,0.018932830642263213,0.8533816619261937,0.14456598315507904,0.07776747798680142,94,223,0.7187561048437326,0.13125120162342693,0.7345117157402865,0.02616663307359081,0.020175289388325624,0.040775245473114965,0.022898252884126082,0.024106222492135294,normal
3,tcp,smtp,SF,201,1228,0,1,0,0,0,0,0,0,0,0,0,0,0,0,0,0,16,16,0.008599897163495285,0.0956888600316192,0.042559285389417924,0.049692153225144656,0.9946708145148073,0.09919827082704868,0.07483179309035665,189,145,0.742062000301365,0.09606230006213463,0.6611758737177309,0.0006722217669021702,0.026743927257707596,0.002808369447886011,0.04657793439094588,0.04903740612953267,normal
1,tcp,finger,SF,1124,3928,0,1,0,0,0,0,0,0,0,0,0,0,0,0,0,0,28,9,0.09742208328353165,0.02641916632353021,0.02794399727194734,0.06538878578546925,0.9038297173171176,0.1390752111326928,0.03827915651139041,117,174,0.8832374706040563,0.1262967012997883,0.9034059568156081,0.029476179792595238,0.038876277933022424,0.022073980340417465,0.037781786134138295,0.03216984271267457,normal
2,tcp,finger,SF,915,2844,0,1,0,0,0,0,0,0,0,0,0,0,0,0,0,0,15,10,0.06919933663865142,0.06227140140877144,0.060112111721587605,0.08519956094194782,0.8766899358438827,0.06428429499292965,0.07413550906753068,164,210,0.905063271233894,0.11803901428999151,0.5359441666504301,0.04038344910008124,0.008535335553052843,0.007253357246722204,0.01075544156308076,0.03595921435457757,normal
0,udp,finger,SF,1582,4270,0,0,0,0,0,1,0,0,0,0,0,0,0,0,0,0,11,19,0.014927143424123636,0.07094208085992003,0.04066371380600168,0.0030610609560236092,0.9749154655686565,0.12848731763300889,0.09717277333775687,243,76,0.8778980869983988,0.07017905761650721,0.7757951063185056,0.09626299951622065,0.015132543801624349,0.014410735854223845,0.021181374984695252,0.01807571307529086,normal
0,tcp,finger,SF,1064,3086,0,0,0,1,0,0,0,0,0,0,0,0,0,0,0,0,1,9,0.0120577441015987,0.04185307770366532,0.0018006858979704,0.05863518284149009,0.9969517060063755,0.054510974619472144,0.03422484259735036,115,183,0.9131106740978903,0.15440865829067912,0.8416649994687733,0.0022811572313826355,0.033729395530900486,0.03230098847471385,0.04730755140833051,0.00904916169424424,normal
189,tcp,telnet,S0,11548,60,0,0,0,3,4,0,3,0,0,2,0,0,2,0,0,0,416,273,0.8983776129708752,0.8561549517055109,0.810010995970724,0.9454396477780359,0.04117931935243788,0.5960117449513402,0.08622995762856245,58,15,0.10849219586754377,0.5617998290535593,0.26020269976075544,0.07874409724804896,0.7222746339791377,0.7579878190058651,0.029596287698894226,0.026901157969536033,satan
384,tcp,eco_i,REJ,9791,16,0,1,0,6,1,0,1,0,0,2,0,0,2,0,0,0,419,427,0.9376691190960929,0.830058172177572,0.717053040241269,0.8859371920877153,0.23167683739856804,0.8860142808735625,0.04198708721969933,242,14,0.1325812801253182,0.6104794229609356,0.18568744747799396,0.09106573800662462,0.5371327382966655,0.7930803726934845,0.020674600363162737,0.015407576486770463,portsweep
252,icmp,telnet,S0,41665,39,0,0,0,2,4,0,4,0,0,1,0,0,1,0,0,0,234,317,0.8344114383225603,0.855201406866384,0.7084273277362088,0.9032915909419392,0.20000106054264985,0.7876303185627358,0.01860443629605939,65,22,0.07202595508408795,0.6019565753516354,0.1113817043602339,0.06901423944245859,0.7659007218579013,0.9023218320823932,0.03293779984539683,0.007460166083625247,satan
0,tcp,http,SF,1601,4156,0,1,0,1,0,1,0,0,0,0,0,0,0,0,0,0,25,11,0.09861613239556272,0.012444252782956446,0.061697324937680466,0.03912792508993721,0.8786687984800632,0.07965471662867794,0.06608312971355824,126,187,0.850509929806105,0.15400657655803232,0.7920976335461656,0.020291134351117138,0.03723696730679844,0.008899368901160316,0.02474452320037527,0.04043523747149706,normal
234,tcp,eco_i,REJ,37346,103,0,1,0,2,3,0,1,0,0,3,0,0,0,0,0,0,474,300,0.962631260712397,0.8603545876908762,0.8733189064230391,0.8065581683013257,0.16201463568905666,0.9787214116254361,0.09973165502364122,89,6,0.28697341873046295,0.9846786339732264,0.18879845430550854,0.005053768482770316,0.7761954134755138,0.5042986140770791,0.044782370383126886,0.008409942481994543,guess_passwd
0,icmp,http,SF,1142,3246,0,1,0,0,0,0,0,0,0,0,0,0,0,0,0,0,19,7,0.03311994068062111,0.03411020394230579,0.06666047672211964,0.06540698690583362,0.927395244425101,0.13572912043931026,0.08901325075267977,166,214,0.9458917914695657,0.034350999348163345,0.6449105094633456,0.09319293277730327,0.004696910758589273,0.03706298726735157,0.013382752599008792,0.012233093512207267,normal
8,tcp,eco_i,REJ,31150,32,0,1,0,5,1,0,3,0,0,3,0,0,0,0,0,0,508,252,0.694786638958881,0.6808298988898502,0.7920656010199913,0.8311235803653911,0.25230812716192746,0.9790716004650126,0.08951569165830808,180,11,0.25156429060226204,0.8038976524010173,0.23264472760216998,0.08047000658511583,0.6096184542814287,0.8300029319009867,0.006025788042864771,0.02567881607073276,guess_passwd
233,icmp,private,REJ,21274,256,0,1,0,6,1,0,2,0,0,3,0,0,1,0,0,0,460,251,0.9123081336416915,0.7231712979761498,0.6952614222169927,0.7246900017475115,0.03522172240126883,0.8396968375997057,0.036216046323179,147,22,0.0018575665700664712,0.7539502563795386,0.2254814935537678,0.031791609764379836,0.8334401920890433,0.7307735334518048,0.03681480887185509,0.022031075918449963,portsweep
0,udp,http,SF,680,1339,0,0,0,1,0,0,0,0,0,0,0,0,0,0,0,0,1,19,0.06226296740807938,0.06371084131782387,0.0808499515890733,0.029821578937044558,0.8752545303372168,0.1098907933926202,0.016794833192427694,129,236,0.9702298967612493,0.00773881417406177,0.8610835554552632,0.0027342907770496194,0.023805471601658086,0.027623941548010733,0.044538201872845275,0.018456508677693308,normal
283,icmp,telnet,RSTO,33281,39,0,0,0,4,2,0,2,0,0,1,0,0,0,0,0,0,445,206,0.6095788545463253,0.6750470344823437,0.8929547730017063,0.7630463505461661,0.0692284753258406,0.6994686732353659,0.011017050912102068,205,1,0.18771135327179167,0.9908196297709809,0.14870058112075826,0.051155506158972866,0.6214198630949683,0.8453431197700436,0.038478846234554415,0.006665172206566378,guess_passwd
146,icmp,telnet,REJ,18711,198,0,1,0,4,1,0,2,0,0,2,0,0,2,0,0,0,405,265,0.7529782039751025,0.834006227762891,0.9507732621618399,0.9256573890009433,0.28557977923727224,0.9271265251443568,0.09095326069076415,184,24,0.009537689909036294,0.8800204161889877,0.05249427275877687,0.019165547134666762,0.6737875049942321,0.7875869425863264,0.04589344056691588,0.020129104173025176,smurf
3,tcp,smtp,SF,1778,663,0,0,0,1,0,0,0,0,0,0,0,0,0,0,0,0,13,3,0.0884498148104501,0.041158582283147054,0.05284498945026354,0.040324132034470175,0.9107313484596113,0.08673276049384851,0.0058027554002606846,252,208,0.8882596015561268,0.12629889142510217,0.8069029738110403,0.08714112734844635,0.012958745884650125,0.0016984171063327835,0.032679568579377836,0.017939668579471674,normal
2,tcp,smtp,SF,332,611,0,0,0,1,0,0,0,0,0,0,0,0,0,0,0,0,25,27,0.002553183713845031,0.008762291140653711,0.008360538497397707,0.073977496160106,0.9183474848915384,0.04746710294927441,0.02623171771662777,97,130,0.9810218949655559,0.1897208234773088,0.5816088283572622,0.05642938926661981,0.037659128965054744,0.00027795426847744277,0.014287722604927118,0.002523047548452057,normal
412,tcp,telnet,S0,37167,170,0,0,0,2,4,0,1,0,0,3,0,0,2,0,0,0,435,352,0.9704794175925241,0.7685492021235147,0.7133917092512417,0.6353718057373126,0.03879536185783528,0.6830389887774825,0.01650174361794873,160,24,0.20644875574952148,0.7858460200455243,0.15851987270530285,0.021837130668169502,0.5653138853181201,0.6323583434400362,0.04484685413035282,0.04577772443783429,smurf
481,tcp,private,REJ,36387,18,0,1,0,6,4,0,1,0,0,1,0,0,2,0,0,0,450,367,0.638762905323989,0.705190071463227,0.9225885483188765,0.9462188857315031,0.28960427509840775,0.9827866067772307,0.011145512760562382,190,5,0.09789941090093442,0.7942066022178818,0.2348359381130636,0.010554699285847104,0.7273726590657077,0.683785459090424,0.020691904410455316,0.02793593709942282,guess_passwd
1,tcp,smtp,SF,1518,886,0,1,0,1,0,0,0,0,0,0,0,0,0,0,0,0,7,15,0.017120494224342576,0.0833239540964052,0.07431514434050525,0.0856848177603661,0.8036569082140567,0.04833622659695785,0.07207283866671284,237,111,0.8556549685146494,0.017083802284877738,0.6928126174298961,0.06207395221311821,0.005153982076329816,0.037708336583302804,0.03303808073627678,0.00989105663665439,normal
4,icmp,http,SF,1339,1775,0,0,0,1,0,1,0,0,0,0,0,0,0,0,0,0,20,8,0.09294374266776992,0.01567740081478498,0.017053672611745476,0.013294310327404036,0.8609423206605401,0.04536468767376672,0.08836538793510555,90,100,0.9546601543178085,0.182832052249433,0.6522541032487519,0.009078350998866303,0.025839694746669323,0.029896163780984822,0.025367525181508633,0.04648824221903227,normal
2,tcp,finger,SF,1920,3055,0,0,0,0,0,0,0,0,0,0,0,0,0,0,0,0,5,29,0.09605304639047046,0.004414514889230703,0.038262927298457,0.02473232735397675,0.9727439039816171,0.09733526928842906,0.030867960965266783,104,252,0.7843225074521143,0.04980453259357971,0.7570293437771028,0.019031704356383152,0.030723096258227986,0.029659646988433874,0.011680746133693787,0.043411479340204374,normal
483,tcp,eco_i,S0,17565,115,0,1,0,7,3,0,3,0,0,2,0,0,2,0,0,0,263,170,0.9540399777254128,0.6318844139701195,0.9881387118574833,0.8672444308238136,0.18868805409490694,0.8282430176170696,0.0035870301694266417,106,18,0.006257040142375814,0.8299638973733632,0.20197932439161503,0.06517632530701277,0.5934574019572856,0.5813954683247434,0.03942093964443305,0.0013794026000337634,smurf
0,tcp,finger,SF,211,3335,0,0,0,1,0,1,0,0,0,0,0,0,0,0,0,0,15,22,0.04421062945557275,0.07839515802055619,0.03188631494960953,0.07654683844300053,0.8206277705460545,0.011479825164111924,0.05528501126104001,223,53,0.9610187856067314,0.08102366184342052,0.8818892992925431,0.018356154715941052,0.04433517150371194,0.0326057264751166,0.04269612362886788,0.009965972753206143,normal
3,icmp,http,SF,443,1648,0,1,0,0,0,0,0,0,0,0,0,0,0,0,0,0,3,24,0.07668615203028133,0.07596727039879961,0.057925988716642424,0.08534111427824291,0.8556116938102303,0.15780522431262575,0.06311448648530038,99,89,0.9637827916573776,0.12434253621496533,0.6213567924165043,0.04066196292409601,0.0338572825341409,0.018221025968098603,0.02083122311716967,0.023016470469363687,normal
442,tcp,telnet,S0,27481,95,0,1,0,5,3,0,4,0,0,3,0,0,1,0,0,0,445,279,0.908345274764045,0.8381133205589019,0.9735318723453132,0.8851664567369528,0.2205936095641294,0.5019245885618575,0.05363302509574752,110,23,0.006894866637863406,0.7126275816344517,0.27142609023325787,0.025047090884397175,0.7693986624193659,0.6729204297786904,0.03950278741692031,0.04858643824896561,neptune
188,tcp,private,S0,45301,112,0,0,0,5,2,0,1,0,0,3,0,0,2,0,0,0,386,270,0.8050314073980553,0.760712802633689,0.7073078994234787,0.9968516101822293,0.2630422368744381,0.6202426280894309,0.002421050951704007,159,35,0.21496715903428948,0.8915792467514777,0.18627535181664975,0.03794176413683743,0.7901195192354393,0.9481273990965622,0.02633679402626718,0.01631139935216454,neptune
258,tcp,private,S0,19308,82,0,0,0,7,2,0,1,0,0,3,0,0,2,0,0,0,393,271,0.9266566677303254,0.6623768403892465,0.899607247368102,0.9430936945140125,0.14333061309630254,0.9919610838031598,0.03717011185883937,108,22,0.08992472730969642,0.8878569478009789,0.25544252648017723,0.030376829992684398,0.9843794365603711,0.8918359841323025,0.028264913075443078,0.03732986519239219,smurf
3,tcp,smtp,SF,102,2826,0,1,0,1,0,1,0,0,0,0,0,0,0,0,0,0,14,4,0.051295445051130074,0.07937989776497628,0.06903312613561945,0.017251193769827644,0.8313192099041108,0.06264774610068786,0.05567037351417045,137,63,0.8035556716181924,0.1448710747499936,0.597744019880246,0.02964848515130212,0.029919066749155898,0.022570415230132854,0.04105043627464036,0.04986694162352909,normal
84,icmp,private,S0,18948,231,0,0,0,3,4,0,1,0,0,3,0,0,0,0,0,0,393,417,0.6841219725876884,0.8589813230762742,0.7443624226231818,0.6778856027044983,0.11129498757351232,0.8715878485453965,0.07234499840222514,120,38,0.13835614382993353,0.7486594027571369,0.1949574995727474,0.03385499244317567,0.595886488924347,0.547171663046949,0.04025485554639196,0.019874763362442895,satan
89,icmp,eco_i,REJ,30889,199,0,0,0,3,1,0,1,0,0,2,0,0,0,0,0,0,305,279,0.6496903021615105,0.6304338125236394,0.8563158403066027,0.9060262355448034,0.08254420812176484,0.7997287513631076,0.005395442018825781,174,31,0.03487527153541401,0.4320273046991725,0.06928352276358603,0.012440619631134754,0.9782897330414582,0.5141367515290185,0.008525902342884929,0.0064962537461284225,smurf
441,icmp,private,S0,8669,215,0,1,0,4,3,0,4,0,0,3,0,0,1,0,0,0,323,190,0.6956601228474025,0.9401815720553595,0.6845333152250341,0.7666565730893864,0.0397908713833766,0.7553590916605855,0.04878662551312127,208,16,0.1661562992669338,0.8639083598430072,0.1671385556723106,0.044386432981145064,0.5004465410245214,0.7096456471078825,0.021714039053512046,0.002774368466397237,guess_passwd
474,tcp,private,S0,26779,9,0,1,0,7,2,0,1,0,0,2,0,0,1,0,0,0,398,452,0.9482258953210511,0.6824456564765305,0.6348200740050216,0.7665477020760818,0.1349522910514978,0.8695461008740499,0.030444011786696736,118,13,0.14462040667661208,0.5541303156044082,0.22705046564794573,0.09733790846042817,0.8873559242998135,0.9998888948981186,0.017707002993797984,0.04240242830903756,satan
1,udp,smtp,SF,1540,2637,0,1,0,0,0,0,0,0,0,0,0,0,0,0,0,0,5,10,3.144196440869607e-05,0.04899355999564628,0.09655793015945263,0.043816193119924574,0.8348501685462435,0.15853348684688467,0.0011935815375329285,136,80,0.887218930372201,0.185193169522128,0.5390746273478554,0.04213449792732371,0.03373611088269753,0.044223734232774904,0.01040481779481921,0.026584065782515872,normal
4,tcp,http,SF,717,4826,0,0,0,0,0,0,0,0,0,0,0,0,0,0,0,0,3,25,0.027468553268082986,0.07269007026541818,0.03809845839019082,0.045244739921795354,0.917730530398462,0.10996729243553405,0.0020538314028828997,107,174,0.9217396733759244,0.1347076847365897,0.7046955616597965,0.020576415459112908,0.0028268249843165618,0.03661043270646218,0.02876281770187862,0.03797399248967267,normal
4,icmp,http,SF,1233,2096,0,0,0,0,0,0,0,0,0,0,0,0,0,0,0,0,2,25,0.019211422424921132,0.08193995071343285,0.0435689654047873,0.09926517944995367,0.9251010430830215,0.14974629554206778,0.059063407782512484,77,198,0.8276190369945735,0.078450799165181,0.5469685858595827,0.09733387322701378,0.027428414228435873,0.02349712698964417,0.040509881062698976,0.016305669907084708,normal
0,tcp,http,SF,1518,2449,0,1,0,0,0,1,0,0,0,0,0,0,0,0,0,0,3,12,0.0997026361639173,0.03643844058970432,0.056725781582723706,0.07418892668382021,0.9097505755450542,0.19200406955755614,0.08207873345644269,61,209,0.8302259411011037,0.14314986237033375,0.5589824974531876,0.0552551021709167,0.017123332490352857,0.028440949019607694,0.047528388904086186,0.023129621232033312,normal
1,icmp,telnet,RSTO,42275,20,0,0,0,3,3,0,2,0,0,1,0,0,0,0,0,0,276,233,0.8302007805318512,0.6531546080444489,0.7978088485774135,0.9919812106275492,0.016016692566491596,0.7289213664835501,0.03692990665687811,166,25,0.11017756695520882,0.9778367267502999,0.0358676825409758,0.07205295448688907,0.8661866744948475,0.6269200525465433,0.0486421138661125,0.03216515430466937,satan
352,icmp,telnet,S0,47584,63,0,1,0,2,4,0,4,0,0,3,0,0,0,0,0,0,462,267,0.8593907750640264,0.9552751473972437,0.7513584102129478,0.6633518633127103,0.14789425477497006,0.9198168503185006,0.09229449856698585,100,15,0.17751909182237136,0.737145455178954,0.1310658337697793,0.07306376680055285,0.6392189003018398,0.6609128691135504,0.026107640474158207,0.03626088263724671,neptune
481,icmp,telnet,RSTO,44522,62,0,0,0,7,2,0,2,0,0,2,0,0,0,0,0,0,385,425,0.9141433101592757,0.9283467825284347,0.9316027278107444,0.946383659362148,0.09666868608925597,0.6474771375122037,0.06277266930870938,170,8,0.11608409142200879,0.4736312763420302,0.12814757309059746,0.03529922724830743,0.7770368854157859,0.8236581159427727,0.0016310171476081937,0.03729405483089325,portsweep
0,tcp,finger,SF,1111,1980,0,1,0,0,0,0,0,0,0,0,0,0,0,0,0,0,14,2,0.09783702222224766,0.00958795377010855,0.006375173641730303,0.03271566608580422,0.8895419608505775,0.045558805330761065,0.0010585346027781161,217,240,0.9107706098650201,0.17147198165418553,0.6388433274339113,0.040635963856463814,0.022263401975980836,0.002313588415868062,0.01707381019337381,0.02477948903377681,normal
175,icmp,telnet,S0,15697,33,0,1,0,4,3,0,1,0,0,2,0,0,0,0,0,0,312,440,0.7290918569886472,0.8244670692840661,0.8588066239326688,0.817750503636293,0.2276747090362688,0.8797801694076408,0.06132522264631804,111,30,0.2588958828597167,0.8047063588260399,0.08196357442263848,0.008771194464046861,0.9092662438688146,0.8591524445274654,0.01000031831357718,0.031085744009882184,guess_passwd
4,tcp,http,SF,1189,2855,0,0,0,0,0,0,0,0,0,0,0,0,0,0,0,0,26,11,0.07531580190208764,0.019776712165826462,0.03709359201216655,0.09845247806753184,0.9765284768496503,0.10403908672670346,0.06981914596192744,209,55,0.8255136069087886,0.08477488057558716,0.9859583804119835,0.0052805982573266965,0.0375442773347311,0.019520192479742585,0.013000269047245466,0.011883354079259341,normal
2,tcp,finger,SF,1189,4155,0,1,0,0,0,1,0,0,0,0,0,0,0,0,0,0,18,15,0.004642404477762219,0.046499982550351274,0.07046385189301545,0.015825018094006094,0.9129261863950591,0.19165537462435034,0.09623045335751666,150,103,0.9985169016268118,0.11556266285276927,0.6877057729543562,0.09973081004456584,0.011935581572354132,0.02886501663234502,0.004781069735917249,0.015458965282536253,normal
260,icmp,private,S0,7434,95,0,0,0,3,3,0,1,0,0,2,0,0,1,0,0,0,486,211,0.8016571147441507,0.8398457977569669,0.8883466845482423,0.915447679151732,0.2951138940813322,0.6670284098945749,0.06337532521334029,119,18,0.2565885353843714,0.40062599024251583,0.2809149711317871,0.054590186763984416,0.6160101433625461,0.5109718328871999,0.027555544240402526,0.027403194354966028,portsweep
2,tcp,finger,SF,768,2945,0,0,0,1,0,0,0,0,0,0,0,0,0,0,0,0,5,12,0.028052420541448943,0.07969713919154653,0.06260209001017866,0.07128807220926188,0.9821549279363195,0.197922386858373,0.08448498238375202,180,122,0.7725760934424433,0.01530224976605068,0.759355884202914,0.000701443800310253,0.04462930353539998,0.03601087560069252,0.012791086713144002,0.018288600949596175,normal
81,tcp,private,REJ,25565,216,0,0,0,3,3,0,2,0,0,1,0,0,0,0,0,0,277,299,0.687554373321225,0.8996357853933983,0.9844190644162327,0.7571500885268064,0.07863876763410563,0.8010248898460013,0.038911126454294745,204,11,0.12220772495194165,0.40626223798262595,0.2424425251968379,0.02004719205539426,0.8376311736090458,0.8734763831654773,0.03894516882220051,0.018772693033766188,smurf
2,udp,finger,SF,1565,4408,0,1,0,0,0,0,0,0,0,0,0,0,0,0,0,0,10,1,0.04894298992584133,0.04247576935205902,0.07910010861616404,0.017387254006549148,0.96856707516198,0.13541974380496333,0.053408001098852964,174,228,0.7316766822661004,0.1684239219300875,0.9620830447089169,0.09254243633087995,0.028319984089252993,0.03356354568088128,0.03705428701864462,0.045544891863448206,normal
0,icmp,http,SF,362,4080,0,1,0,1,0,1,0,0,0,0,0,0,0,0,0,0,10,23,0.03467524982610628,0.008663919229531669,0.012388620303382704,0.02229892823183939,0.9864558895106174,0.03548590927620217,0.011052618941831372,71,241,0.9181865949507091,0.05522797371110593,0.5641922391869447,0.0010556262806128204,0.014132502141878146,0.040749602640189196,0.015136132339938248,0.007998233882386203,normal
266,tcp,eco_i,S0,39775,270,0,1,0,5,4,0,3,0,0,2,0,0,0,0,0,0,453,288,0.6548965257907557,0.7314873374508789,0.7978527134899511,0.6128162295174804,0.09036587155778028,0.5646154448994833,0.08672347287199514,156,29,0.05047604913312901,0.8301699102285067,0.10616527324263111,0.005862694699616134,0.720118226523738,0.9127486498837097,0.020779391824443175,0.048119896695752624,smurf
148,icmp,eco_i,REJ,15236,229,0,0,0,4,1,0,4,0,0,3,0,0,1,0,0,0,232,345,0.9310237308684588,0.8418248560127116,0.7306534851684958,0.7732370770668696,0.005578809477738111,0.9589784976312508,0.08127407597219971,98,30,0.188624997300686,0.653240641241051,0.0008241378412682687,0.0684408465082628,0.8751196839429184,0.7741208884747881,0.022055168368823614,0.04171839191121449,neptune
77,tcp,eco_i,REJ,32625,124,0,0,0,6,4,0,3,0,0,2,0,0,2,0,0,0,294,472,0.7090647679775953,0.9595965505738547,0.6016268459394332,0.9498466746042874,0.025992067227068094,0.5957649553026618,0.023245267455199836,117,26,0.04881114396748343,0.9032074773283376,0.05774320620323331,0.016252061871435852,0.6039963636782031,0.5362938292927635,0.02625256492778168,0.0035388118427600816,satan
474,tcp,private,S0,9694,20,0,0,0,2,2,0,3,0,0,1,0,0,0,0,0,0,487,241,0.6292596858808048,0.8184056161637001,0.8057074521043425,0.9430268127125818,0.2792637472642627,0.6474057500289652,0.09869230848149078,106,10,0.04426931311315289,0.9043498142094246,0.29967369231486074,0.07021243265849789,0.8957262180987793,0.7211748344211361,0.019499325552985693,0.014648533451468111,satan
105,icmp,private,RSTO,30614,260,0,1,0,4,2,0,2,0,0,1,0,0,2,0,0,0,239,160,0.9530158599475133,0.6784760198673735,0.6301197222507289,0.893579477726073,0.2233769128059173,0.6200222574755205,0.011591044425588615,76,8,0.27356493862228887,0.41598319520021065,0.2139084423195292,0.08577113789533647,0.5475511031687349,0.9188259607044047,0.018260222988804736,0.020106297253675166,neptune
2,tcp,http,SF,1536,2503,0,0,0,1,0,1,0,0,0,0,0,0,0,0,0,0,13,1,0.04552303476511574,0.029223510613201487,0.07880440336983102,0.05891582444091334,0.8482366620450603,0.08857727404072534,0.09311694229737492,146,220,0.7554457002689416,0.08101464449561045,0.9741379946341622,0.011621329176034312,0.03696951673393716,0.021008838876276373,0.03399408546830622,0.038175524404984576,normal
467,tcp,eco_i,REJ,21180,145,0,0,0,3,3,0,3,0,0,3,0,0,0,0,0,0,366,212,0.9147967702808019,0.881132549153804,0.758004389058253,0.7976410864518176,0.22287084808835217,0.9465652812115264,0.03721134374162889,101,17,0.1289504046678041,0.9208377125050791,0.22901748491378734,0.026075100431796394,0.9787190738335059,0.5495636846377638,0.017066591808158,0.00020762850217176943,smurf
1,tcp,smtp,SF,1007,2883,0,1,0,1,0,1,0,0,0,0,0,0,0,0,0,0,26,20,0.05632561324703096,0.0994861403638609,0.0017425052716909307,0.003685413861685172,0.8398099724570179,0.07819196159364493,0.05293062041002629,86,230,0.9577274975640162,0.025237255257302495,0.8689140894348935,0.07384812108403062,0.00462238459111029,0.029878683689121895,0.013913178960512735,0.0010063463250098547,normal
2,icmp,http,SF,135,1622,0,0,0,1,0,0,0,0,0,0,0,0,0,0,0,0,23,29,0.02884926031419477,0.04449008179668318,0.02076822517706749,0.07347034888995856,0.9247259598086848,0.18975451610065094,0.0662202634298275,191,69,0.7937255010617525,0.10547919081289053,0.8959202539469531,0.07767260990472881,0.03449603054990592,0.005452410558579052,0.01929816771523889,0.005838985246646545,normal
4,icmp,smtp,SF,1223,1604,0,0,0,0,0,0,0,0,0,0,0,0,0,0,0,0,7,15,0.03469600253675299,0.015451470815614744,0.033808558133395485,0.01203125675963489,0.8062182186787686,0.09563389152716982,0.06296038272965429,245,53,0.8682637961081068,0.14006059142874314,0.517801890668886,0.07940170984426925,0.04045956775361402,0.027238807998199763,0.016258177740178844,0.003305001620993092,normal
470,icmp,telnet,REJ,16047,254,0,0,0,7,2,0,3,0,0,3,0,0,1,0,0,0,328,270,0.7343694514947063,0.963012901988529,0.8391385883533069,0.7153979079169446,0.031185989440562042,0.7670201516376756,0.08019384321624393,212,34,0.28375107253508397,0.6380598299902794,0.2308539649539443,0.055086150457978204,0.9758328248475354,0.7525029653672874,0.006887638584168881,0.006321621171833519,guess_passwd
0,icmp,http,SF,1363,3088,0,0,0,0,0,1,0,0,0,0,0,0,0,0,0,0,20,10,0.08254688332656196,0.004334227704126392,0.07321590995007253,0.04889601252779516,0.9398363540985597,0.1094206131710684,0.018275333843853415,132,169,0.9602589239068878,0.0478174464399336,0.6020482988104394,0.08040811727134839,0.04315079462836768,0.0427222418183482,0.027839166584722738,0.0355751575163847,normal
4,tcp,finger,SF,1474,4383,0,0,0,0,0,1,0,0,0,0,0,0,0,0,0,0,12,23,0.03873929297643537,0.05283673203762221,0.04340046766508929,0.05707226929191692,0.8821859055057314,0.19842563126814616,0.024672238413525227,78,171,0.8971055587985899,0.060270370172856594,0.957524809489112,0.08276216446853436,0.04367541646553394,0.03952154786867521,0.03980958273245817,0.031191613867870355,normal
0,tcp,smtp,SF,1185,941,0,1,0,0,0,1,0,0,0,0,0,0,0,0,0,0,23,16,0.0010398101510140534,0.02842986844115174,0.02908365503460284,0.05419462321933647,0.8686163367092129,0.11473012997490764,0.01635165441262698,208,254,0.946676994745656,0.03638957201732434,0.966960607890896,0.052485887691157196,0.049308799392284205,0.03694355299067027,0.03084368771154632,0.034425820695170674,normal
22,tcp,eco_i,RSTO,38243,94,0,0,0,7,4,0,2,0,0,2,0,0,2,0,0,0,288,245,0.7355875007969759,0.6441524218661475,0.8991160725233773,0.729915951113443,0.10815245152764542,0.7226358472129375,0.039073650762511694,111,17,0.16992959431832724,0.4307346670327854,0.2666605637022465,0.02532481618532012,0.7726229669496649,0.781625540270272,0.029597988390326204,0.02564960086691173,satan
4,tcp,http,SF,1649,2560,0,0,0,0,0,0,0,0,0,0,0,0,0,0,0,0,22,27,0.029812229188369333,0.09724621845353719,0.06012181330601732,0.06161984729623929,0.9663964548405202,0.04450447219812153,0.02100691470594046,195,102,0.9089990799970412,0.09910417042450113,0.589750370419354,0.07959149753606659,0.017094177082500994,0.028679193318322013,0.046442174941715826,0.025627219635231027,normal
499,tcp,private,RSTO,8765,230,0,1,0,7,2,0,4,0,0,2,0,0,2,0,0,0,367,302,0.9758567869367202,0.9375614275526962,0.9258641571331285,0.7038183752964591,0.1363958804443792,0.6544039988273955,0.08627945905150776,195,19,0.28005173351227947,0.847336181487151,0.23735475811714357,0.006930211736066761,0.6728375548545407,0.8510730354782692,0.005682416351982411,0.011794493603217306,satan
349,tcp,telnet,S0,11420,80,0,1,0,4,1,0,4,0,0,3,0,0,1,0,0,0,448,221,0.7790458569547462,0.9572953153155005,0.7686740701280947,0.9224009182494732,0.10149275863050437,0.7437513393279056,0.03309269721635601,89,11,0.2852197794886027,0.9898016921243719,0.2539736641034109,0.07550323047555772,0.7673469186566273,0.7696242082626847,0.046347255622850296,0.02724626558717493,portsweep
2,tcp,finger,SF,336,3082,0,0,0,1,0,0,0,0,0,0,0,0,0,0,0,0,29,13,0.010119944592677467,0.09520316985532247,0.02733433034899002,0.07014068620483797,0.9734193630961022,0.05080554523063781,0.08128172831963666,145,215,0.8324411836998711,0.0376549494598577,0.7956735961207637,0.06927161221227769,0.04990745841867314,0.018224148027623094,0.029769812276692422,0.042296419092642326,normal
148,tcp,eco_i,S0,21056,25,0,0,0,5,4,0,2,0,0,2,0,0,2,0,0,0,468,410,0.753959872740877,0.776787819353356,0.7775535633164343,0.7689569261271412,0.009751494099100066,0.9971068793169986,0.03887597353568326,98,16,0.13068194488128346,0.7992697404740041,0.16733675704919665,0.06303882552050642,0.8839893621120528,0.6481241090478294,0.03215953425990064,0.015861951049674333,smurf
4,tcp,http,SF,1991,1776,0,0,0,1,0,0,0,0,0,0,0,0,0,0,0,0,4,17,0.01101605960533233,0.04532860749681529,0.02433846957862207,0.06348276125448551,0.8788057560367708,0.030158703326803482,0.0935249554773196,161,122,0.7796574909680712,0.1442782875796522,0.6159763999557624,0.0655587631346092,0.027623253338864687,0.008519537985222942,0.0263172179233329,0.046266797962193934,normal
161,tcp,private,S0,44030,234,0,1,0,6,1,0,3,0,0,1,0,0,2,0,0,0,295,467,0.7169929576139877,0.6353602870852455,0.7078440131287542,0.9111616934529423,0.2618364440507512,0.7077213944791851,0.08707183867127183,180,36,0.07535003252510288,0.705521822644382,0.2351633139797733,0.03768309532393487,0.5235513061245711,0.8472606187151326,0.04497855848301262,0.0351794584906221,satan
229,tcp,telnet,S0,15327,191,0,1,0,5,3,0,3,0,0,3,0,0,1,0,0,0,396,323,0.8892655596424643,0.8080194606074917,0.8286576484816606,0.7998872676762954,0.1925763223001342,0.6144341342910595,0.09999570912800906,125,8,0.08204003440972196,0.6758235285158709,0.08089231106582752,0.0881457759290056,0.9744996192477858,0.9423083103021213,0.02820733754851832,0.03508300642702443,guess_passwd
25,tcp,eco_i,S0,8594,243,0,1,0,4,4,0,2,0,0,1,0,0,0,0,0,0,312,405,0.9010430774143879,0.8013929418533892,0.733848981633325,0.8879941398504501,0.21118215129873844,0.9977825070423935,0.06483051007679833,178,21,0.20240111652559817,0.6958927797048717,0.2481814439004773,0.07125382496978054,0.6921928018681889,0.91158328186122,0.0393081132269034,0.04510559561995506,satan
83,tcp,eco_i,REJ,38963,139,0,1,0,6,1,0,4,0,0,3,0,0,0,0,0,0,499,320,0.8153491171355938,0.7143149229734287,0.9564082421114166,0.6123703686774142,0.0942453610824199,0.7156974266010164,0.06545735565496681,114,17,0.09585632831448324,0.5185786777201435,0.19685855943517763,0.06921834053926572,0.5015900356740624,0.7290906445708707,0.03755062882217808,0.023210285177508724,neptune
216,icmp,eco_i,S0,18522,286,0,1,0,4,1,0,4,0,0,2,0,0,2,0,0,0,370,393,0.9479909850769619,0.8604599756180626,0.8891647563207576,0.7828154336615695,0.20127218679649397,0.9877894976770356,0.09188957375530392,67,8,0.02758077902001119,0.4037165679981993,0.07088147384852178,0.06850963035834999,0.968181431620263,0.9113738181102913,0.008600418468382793,0.04035328286167476,neptune
67,tcp,private,S0,38268,102,0,1,0,2,3,0,1,0,0,2,0,0,2,0,0,0,435,454,0.7462374548653669,0.8692730661466854,0.8597517230457887,0.8360596648876292,0.01330635825055193,0.6517229627070034,0.04245197006337347,212,3,0.10102650965511441,0.7220534781231605,0.06765232363072074,0.03855522514762717,0.6272578241284422,0.6531102559357805,0.04297505383577322,0.02404154938009977,neptune
4,tcp,smtp,SF,1681,597,0,0,0,1,0,1,0,0,0,0,0,0,0,0,0,0,27,20,0.019817122962243562,0.0737566161223297,0.01716375126288493,0.09135426483529893,0.973219234575697,0.04622258884537087,0.03548573413476989,71,95,0.9733171492063026,0.0016278987447885696,0.9767335247641626,0.0653032826647127,0.03432410936360127,0.020777800214629213,0.005332208127861732,0.03380160429197232,normal
26,icmp,private,REJ,31195,124,0,1,0,7,3,0,4,0,0,2,0,0,1,0,0,0,338,287,0.7488367663235505,0.7702194020379162,0.6532212043724015,0.8086725058473497,0.19408051546644953,0.8348563673255068,0.06182988196630356,224,20,0.14769953127347044,0.9644616674004713,0.1526177802323144,0.08293994867616422,0.9189484681265416,0.9795451683257432,0.013162518851179944,0.048160880150932645,portsweep
489,tcp,telnet,REJ,23358,58,0,0,0,7,1,0,3,0,0,2,0,0,0,0,0,0,480,398,0.8874060937439967,0.8900705724116098,0.6920834352181483,0.696322416204073,0.029336129153764722,0.8764739085951236,0.02631099115815059,55,17,0.008604630555132818,0.9290960406964925,0.16816799592649082,0.08299790532199684,0.9353683700510204,0.9169705902493716,0.03536454450862027,0.03788345257213638,satan
231,icmp,private,S0,28936,256,0,0,0,4,2,0,1,0,0,3,0,0,2,0,0,0,245,308,0.7634554796220969,0.826257994265919,0.9283209819569667,0.7334257907735714,0.09548470885548072,0.553684585388816,0.04915156466608927,69,17,0.03202496464073855,0.45449323319113455,0.060497250326326045,0.06074401181956608,0.7528753264284113,0.9095123668596872,0.028009605284817947,0.010254013260908568,smurf
5,icmp,telnet,S0,49308,165,0,0,0,5,2,0,1,0,0,1,0,0,1,0,0,0,274,247,0.8152294447566432,0.8786521206005544,0.8486976244939677,0.8383903964986279,0.16660073091361283,0.6913480599512543,0.061128544177717264,209,4,0.24454583925888215,0.9345564170904022,0.04846596461593602,0.024676162386957357,0.7730376772300422,0.748875904599134,0.03531947304282642,0.040929534301558095,portsweep
425,icmp,telnet,REJ,33955,140,0,0,0,4,3,0,3,0,0,1,0,0,1,0,0,0,270,196,0.7048648206783381,0.965822299051284,0.9307908071725592,0.9526992998560033,0.03404379388660602,0.79520168186698,0.04560988390858716,212,3,0.10254222094307325,0.7465397988954954,0.20819809458929314,0.02863543575057148,0.6607474560766111,0.7359770526822222,0.024266841404437613,0.005970866825242932,satan
82,tcp,telnet,REJ,5138,121,0,0,0,3,3,0,3,0,0,3,0,0,2,0,0,0,328,464,0.6264696146921899,0.6577188081357103,0.7241617100426313,0.610702657982626,0.0998115222467269,0.5448988985196899,0.04340407734325046,233,16,0.03687070997195423,0.5426735795240135,0.15166821511269085,0.07104557094294389,0.840257080676801,0.8990531918268392,0.0471564176077662,0.03166646752530382,smurf
4,icmp,finger,SF,729,3529,0,1,0,1,0,0,0,0,0,0,0,0,0,0,0,0,3,9,0.032210600106726266,0.054898127393512464,0.0026395848782544973,0.0656754612772855,0.9459058074698211,0.15961608752387313,0.008284604550272202,233,134,0.9479201508425178,0.06910240238992685,0.5056704385719895,0.09768977236971303,0.03649019475462724,0.012415637895014892,0.03989964097327075,0.04682186194642027,normal
163,icmp,private,REJ,33911,290,0,0,0,6,1,0,4,0,0,3,0,0,0,0,0,0,301,392,0.7735210664602806,0.8269952657348294,0.664233280437968,0.6784249596802397,0.22224313440038468,0.5365692912088584,0.02536281877061305,252,5,0.04372954982761794,0.6281820252374191,0.17775840659739933,0.0625941073879665,0.9120290460358663,0.5584743538356733,0.04422210399720804,0.038997429708181805,portsweep
1,tcp,smtp,SF,626,504,0,0,0,0,0,1,0,0,0,0,0,0,0,0,0,0,1,27,0.02379864876326028,0.0329193671065234,0.09373113039713239,0.011632710028462945,0.8343783590754049,0.005172480504699629,0.022538404477633413,53,182,0.8000928670861389,0.17404535348540928,0.9595178251159504,0.07516808671545533,0.0024294942963280775,0.028088172497411232,0.03387890062906529,0.02795868026794872,normal
162,icmp,private,REJ,12162,210,0,1,0,4,4,0,2,0,0,3,0,0,1,0,0,0,412,389,0.9239927107846111,0.9893800728397805,0.6242892890356548,0.9419465136682601,0.1427662054572527,0.7978020403494457,0.010388133860516036,160,4,0.02395742291995959,0.8491663295698926,0.06700685628211303,0.027446464428541307,0.755184220221689,0.9357273371198,0.006445364573569723,0.048100835990584824,satan
398,tcp,telnet,REJ,41148,104,0,0,0,4,1,0,1,0,0,2,0,0,1,0,0,0,334,380,0.7215485257523986,0.9549104216967383,0.6253105674540913,0.984218929661214,0.2894629328907841,0.7358424300035615,0.06969676809816547,194,9,0.16228061680646577,0.8284594266851437,0.18215517775497578,0.015551214631035638,0.5305082432325181,0.7648719839566646,0.034783842628167215,0.03697902936446885,smurf
0,tcp,smtp,SF,1537,2624,0,0,0,0,0,0,0,0,0,0,0,0,0,0,0,0,18,20,0.0811881500707928,0.09063131903327912,0.024681289062919443,0.019185972373304105,0.9806191509317579,0.025172828049846708,0.03214957522315594,68,93,0.8594416785596726,0.1400351571606255,0.9830374744204176,0.01796799337124926,0.048590448053844465,0.0474685701632635,0.005524311405909871,0.012114299502187087,normal
3,tcp,finger,SF,1677,4448,0,1,0,1,0,1,0,0,0,0,0,0,0,0,0,0,9,28,0.01106948833054945,0.07499831240833194,0.01757069927021291,0.07793416509802203,0.9311040150222846,0.07616194113040405,0.04504726528603642,243,239,0.827199738147694,0.011073616866708758,0.806876643550132,0.060046491139521575,0.030511984098396817,0.011959727099562873,0.028394519227389493,0.0245644325971902,normal
383,tcp,eco_i,S0,23034,175,0,0,0,3,4,0,2,0,0,2,0,0,1,0,0,0,394,393,0.9163239198913814,0.6261031433081389,0.9035214924948812,0.6995687600543681,0.008201519390867284,0.6544084010087912,0.07434253663436717,134,0,0.002458322039411087,0.49200071144701607,0.26118929698228155,0.004081347376007927,0.8194387995407273,0.8768152452863547,0.038811390276128635,0.015664776630498863,smurf
124,icmp,private,REJ,24847,200,0,1,0,2,1,0,1,0,0,2,0,0,2,0,0,0,284,339,0.7776074633841367,0.70293306083244,0.8115911141112555,0.7055667321785567,0.2509357860788247,0.9258654654180141,0.005075995854605642,109,15,0.2543980071456491,0.7211193774780682,0.0315095364036704,0.05259205117168933,0.5225246954109173,0.7223348136994485,0.010728132426829707,0.03764077353841507,guess_passwd
2,tcp,finger,SF,1156,2390,0,0,0,1,0,1,0,0,0,0,0,0,0,0,0,0,16,22,0.07166653704645289,0.07544311942269805,0.046670661008209206,0.09223331583153059,0.8009503089924962,0.15523916575198507,0.06886670834493552,233,247,0.9687934452172144,0.10140924259338358,0.998894329915966,0.02346022991129937,0.03527097119008147,0.006381350452792817,0.0018014077451447787,0.014259125094787179,normal
1,icmp,smtp,SF,1973,3599,0,1,0,1,0,1,0,0,0,0,0,0,0,0,0,0,6,6,0.04348841544214563,0.07078253041698378,0.030269154747691863,0.039241685021705414,0.8774031759574733,0.08967243216495241,0.050896171832081255,183,188,0.7061265252895166,0.0003142101636508299,0.856876560961167,0.052979525495545444,0.026081467644292006,0.038318032273682016,0.02200101478155957,0.0074397709357549024,normal
4,udp,smtp,SF,1468,2593,0,1,0,1,0,1,0,0,0,0,0,0,0,0,0,0,2,13,0.017778610758077462,0.09238088795840817,0.03549120380081954,0.03829389854137788,0.985139453353917,0.004644511031408505,0.06933338678951288,98,133,0.8222351983351385,0.06894179235967757,0.7345493802889657,0.06058126322747956,0.03182742998465216,0.03303524989430798,0.029041791405918158,0.003745548773098656,normal
11,icmp,private,S0,16912,51,0,0,0,7,1,0,4,0,0,1,0,0,0,0,0,0,363,197,0.8007872479138181,0.8343961000834055,0.803860829252913,0.8761574505228296,0.23669762353849602,0.7860724461325594,0.09671144916190084,61,7,0.15473161722711287,0.8695530945604028,0.10546445081900446,0.06038186567706197,0.8173279260543543,0.9191415785253736,0.0283355288244242,0.004804325940903648,satan
4,tcp,finger,SF,1141,2270,0,1,0,1,0,0,0,0,0,0,0,0,0,0,0,0,17,19,0.04167010235680072,0.03328667506163409,0.07493319880707405,0.03611733104176903,0.815381666101083,0.01803939140162445,0.02245308179315161,62,212,0.758046846583191,0.1160468422751674,0.801742212042917,0.04562998505818094,0.01699868277286302,0.04365519736494239,0.03471209868389457,0.04658414069854614,normal
436,tcp,eco_i,REJ,36876,91,0,0,0,2,2,0,4,0,0,1,0,0,0,0,0,0,204,330,0.91518730108605,0.688597364025118,0.8608977473661581,0.7939723422864533,0.15046401602708342,0.6254585797720155,0.0642292041769435,236,4,0.24506531788746455,0.8285530888315733,0.001275538621223049,0.022784293434168913,0.6091232252893185,0.7242166626853297,0.02890690554910877,0.04724262139863585,portsweep
393,icmp,telnet,S0,33852,32,0,0,0,7,4,0,2,0,0,3,0,0,1,0,0,0,350,317,0.9465407134098254,0.9131968047129696,0.8371293558461809,0.9900950754336015,0.15119745089184486,0.8691452735449957,0.025223415428126308,83,2,0.10512526927455473,0.7604179347274093,0.27594560651335254,0.07975487671554335,0.5043985196113712,0.5091815563063504,0.017083938002156334,0.0011759794635230248,portsweep
1,tcp,http,SF,604,3512,0,0,0,0,0,1,0,0,0,0,0,0,0,0,0,0,15,1,0.03403006436665284,0.007112953582559234,0.07531091965344228,0.04223503686917177,0.9416960237425307,0.12742081465779442,0.09279834000554296,108,223,0.9584091411704463,0.02829148419083525,0.6615038259175867,0.05145517019441573,0.017605310802941112,0.040740417429332966,0.04152911265862928,0.009963922687768263,normal
375,icmp,private,RSTO,25289,54,0,0,0,7,2,0,3,0,0,3,0,0,0,0,0,0,333,244,0.6505060831783038,0.6612566638384644,0.7338866052660737,0.9447159432101915,0.2433829198705828,0.85630027917707,0.0976480870708742,242,34,0.13322559502684644,0.9178549713387738,0.29632824134035046,0.06070325214866498,0.7113457993223786,0.9972476282926672,0.014176575079011496,0.025958990595566736,guess_passwd
358,tcp,private,REJ,41556,210,0,1,0,5,1,0,2,0,0,2,0,0,1,0,0,0,331,503,0.9015754500686037,0.6019307209025373,0.9296860608571381,0.6141626228457374,0.002919476069267446,0.8834737777285064,0.03446099766476196,97,20,0.24212706268294612,0.5001641913210385,0.11730743177445617,0.06701553525144846,0.5476843697792848,0.8154726629378208,0.029879479619180693,0.032780492468953246,satan
493,tcp,eco_i,S0,34014,198,0,1,0,2,1,0,3,0,0,1,0,0,1,0,0,0,227,422,0.7142600918644011,0.7944212500966457,0.8155055231256099,0.9835595863967717,0.03803744863070217,0.8446549099554773,0.07756600616233515,214,26,0.06255581808119072,0.8102940793748694,0.07464506200149344,0.06205395969149472,0.9503597693305386,0.9940704558642477,0.03444771708656954,0.026056639161794338,portsweep
2,tcp,http,SF,1587,1747,0,1,0,0,0,1,0,0,0,0,0,0,0,0,0,0,29,21,0.09212305027183688,0.03577316754157348,0.08612420444018316,0.0028052556248201357,0.9136040764866666,0.1376295603081911,0.04961760922847275,126,54,0.713269423984131,0.1980016440745873,0.5800296995968615,0.09851157940105953,0.008939143297334768,0.03577943386833038,0.04390349277477009,0.004161046724127432,normal
1,tcp,http,SF,1756,3758,0,1,0,1,0,0,0,0,0,0,0,0,0,0,0,0,5,25,0.09166950780853499,0.07124966103632212,0.02015895108623631,0.0425802556431579,0.9217570178775528,0.03439933567322866,0.09492669627698173,251,98,0.7254010215296647,0.009713137763615709,0.6408679599208367,0.07930659710405652,0.045086107360412214,0.004965386204265932,0.036554983674520626,0.0025295491487435486,normal
20,tcp,private,S0,12732,76,0,0,0,6,4,0,2,0,0,3,0,0,0,0,0,0,293,355,0.789438539569657,0.6740917391401792,0.7345643497957604,0.719922413742271,0.04967251342545679,0.6485576123129717,0.044799090739788786,222,30,0.24996512868804877,0.45300876231867043,0.2428142560471494,0.05432644214659205,0.8994553152862645,0.5656670191256712,0.01130658098948531,0.03878996435746931,smurf
234,tcp,telnet,REJ,12295,280,0,1,0,2,3,0,2,0,0,1,0,0,1,0,0,0,241,380,0.8163415692968247,0.9489219321748408,0.9401258074367983,0.7720405062325181,0.2624061665303859,0.9509817413597632,0.01729898091518464,118,15,0.09468406939305463,0.9784989880942215,0.19187592603823883,0.02098138608357324,0.7183321486156222,0.8113894082974968,0.0023490003319455058,0.02214058199220861,satan
217,icmp,telnet,REJ,6212,91,0,0,0,6,4,0,4,0,0,1,0,0,1,0,0,0,318,453,0.9782564367203648,0.9454795726560863,0.9647986869903251,0.6617473824019338,0.05851280948457929,0.905718646923243,0.0920699028961882,197,10,0.265391869831069,0.7543369173444215,0.020435574207518615,0.02625770981007444,0.592463715839251,0.913965008507194,0.017024743569025787,0.02551099965844495,satan
473,icmp,eco_i,REJ,8271,150,0,1,0,2,1,0,4,0,0,2,0,0,0,0,0,0,469,152,0.6567785979840759,0.7378781280210687,0.8004394217230933,0.9516779624944713,0.2843856954622803,0.7952244325474652,0.010144412392664826,178,6,0.03799653571007509,0.7341190486861331,0.24532347733597987,0.08671875626364509,0.6755094140719037,0.8741080306335836,0.0057100545141717035,0.03637901830638812,neptune
2,icmp,http,SF,1388,1947,0,1,0,0,0,1,0,0,0,0,0,0,0,0,0,0,25,20,0.0023528109823277355,0.06162572916024947,0.08638593938409828,0.028783029643937454,0.9113323814724492,0.12481559330586832,0.03734103981784977,97,169,0.8600135209695979,0.10564976886249458,0.9198566723395767,0.016853611212553656,0.023643833427930906,0.02907777338173272,0.037438318660553936,0.032333448805064315,normal
1,tcp,http,SF,1554,2089,0,1,0,1,0,0,0,0,0,0,0,0,0,0,0,0,18,2,0.010237033001512276,0.038555612864374894,0.03935665213130747,0.017733366329673175,0.8621160765154638,0.1731927988340825,0.07301635020553603,136,110,0.8114495266362172,0.15494025176444667,0.6475391045468943,0.06508553479043842,0.02137560014802159,0.03708809251202671,0.04302523500595728,0.01891038046224633,normal
57,tcp,telnet,S0,13464,121,0,0,0,5,4,0,2,0,0,3,0,0,2,0,0,0,450,329,0.8061466710436712,0.7138546540500357,0.7468481642541182,0.9112986012003175,0.08780750063992165,0.573586052768525,0.052097076191537084,224,10,0.23829707512831655,0.9515365052875931,0.12360825829048602,0.08802787425208221,0.5344792498115518,0.705993966113736,0.022003163574910403,0.032372742620499606,neptune
1,udp,finger,SF,285,4577,0,0,0,1,0,1,0,0,0,0,0,0,0,0,0,0,25,5,0.003988560271314401,0.015805029111884607,0.07024495731867846,0.012853675796095199,0.8088381638322967,0.11970212693631686,0.08086883795144989,70,247,0.9718890398635784,0.021504848674355627,0.8935017606361484,0.0847103947299612,0.04872370334891361,0.041029259635509685,0.01224032802355382,0.0186253128528432,normal
4,tcp,http,SF,855,4331,0,0,0,0,0,0,0,0,0,0,0,0,0,0,0,0,20,25,0.06091986837159487,0.003755582342034114,0.0999489404294586,0.07568430430795485,0.8974216493677983,0.03592352033903066,0.057375068495284176,209,163,0.9147939042411899,0.0050965872858038,0.5762729557466508,0.09479717800547843,0.01851846363846731,0.004289757064540101,0.03365247090974648,0.0062788892815572594,normal
2,tcp,http,SF,1689,3578,0,0,0,0,0,0,0,0,0,0,0,0,0,0,0,0,22,22,0.07487375195490611,0.05375374348496279,0.04175402359284922,0.07037061351632894,0.8281745593409557,0.07751701251217075,0.03898196484620901,159,131,0.7171744508774949,0.02314656226227059,0.8984930386577326,0.0823959385845966,0.044313033406079234,0.03036977697516255,0.009566238791641181,0.008896240836344244,normal
3,tcp,http,SF,816,3849,0,0,0,1,0,1,0,0,0,0,0,0,0,0,0,0,27,11,0.0981111935620275,0.08383648876030846,0.09675520052720563,0.00038638823417082025,0.9124455109243134,0.14289064720144748,0.010316499273902846,192,250,0.8059679764798934,0.02060126610427393,0.5884436332564913,0.06217941509966394,0.030377667957584467,0.0009450709852719009,0.010504408584311615,0.04960061258293347,normal
210,icmp,telnet,S0,48543,93,0,1,0,3,1,0,1,0,0,3,0,0,1,0,0,0,416,330,0.9055983926117014,0.6471768547396156,0.7812817388927094,0.8627440201457928,0.09560103766952596,0.5663822367984156,0.04510686939731892,215,19,0.04839815398740525,0.881889781787432,0.018955329351453387,0.09431941647646304,0.655897260134362,0.5208878611066401,0.007375750182989494,0.0018970712979293814,smurf
326,icmp,private,REJ,24912,220,0,1,0,4,3,0,4,0,0,2,0,0,0,0,0,0,274,217,0.91581781848396,0.7646943042457842,0.8754244888693183,0.8507166547577993,0.0035333794296119932,0.7636669081012768,0.015640774820911443,161,26,0.07049619580602243,0.5131296116173313,0.04871926259383563,0.04202893832011703,0.8380492941749851,0.7122355787592913,0.048389219656097895,0.03567757651961252,portsweep
4,tcp,finger,SF,925,1059,0,1,0,1,0,0,0,0,0,0,0,0,0,0,0,0,20,23,0.06459894602030113,0.09906247733684952,0.01690363465396305,0.0528601883689979,0.9102944240583285,0.1995086296444174,0.09716897104295517,168,65,0.9078701215347814,0.06651716166721151,0.5489823103930525,0.09955163763063613,0.022114093622681075,0.044664865590608845,0.04313880247457308,0.045998792295089075,normal
364,tcp,eco_i,REJ,29821,173,0,1,0,6,4,0,4,0,0,2,0,0,2,0,0,0,439,221,0.9443270046923453,0.8068262447453864,0.6591763578345743,0.615597857429786,0.024232244491818964,0.8836030134337889,0.06944769800242671,130,35,0.2908135681609188,0.8036287630422743,0.126894685127673,0.034116130629234374,0.9990354424549164,0.8182595258846042,0.005063549345182256,0.019229955322721728,satan
3,tcp,smtp,SF,1870,1510,0,0,0,0,0,0,0,0,0,0,0,0,0,0,0,0,21,16,0.09001858951048464,0.09520502209667042,0.032475664375523454,0.04152638496323835,0.8745783651912934,0.09490511896050938,0.0925858458602688,61,223,0.7918369883996161,0.03342338932157223,0.58021549091101,0.06958507486369615,0.02860613906961701,0.04564085844452247,0.04856620003546909,0.03302110291094542,normal
462,icmp,telnet,REJ,32087,277,0,0,0,3,4,0,3,0,0,2,0,0,0,0,0,0,267,485,0.9528482264010498,0.7653748338149655,0.8108022193248084,0.9174590604433747,0.1602517932698297,0.6346629107725861,0.04735514600508685,253,18,0.29779977512089184,0.7383157972169478,0.2163821241106997,0.09172936667042281,0.8757437458309779,0.9591645928039099,0.0178924215266311,0.02522371223562432,neptune
187,tcp,private,S0,11969,106,0,1,0,6,3,0,3,0,0,2,0,0,0,0,0,0,328,373,0.7564734753478525,0.9895069975942175,0.6917393474237925,0.7646535231216622,0.27427200310092065,0.7125448845235935,0.08340681668873969,154,10,0.21890365492502126,0.4766697374731857,0.262780128311375,0.023382432413633882,0.7636482655424109,0.5085471806590385,0.029918875828239624,0.04008308515084744,portsweep
0,tcp,finger,SF,1517,4746,0,1,0,0,0,1,0,0,0,0,0,0,0,0,0,0,20,21,0.08399340941971883,0.08758445934293811,0.044867062015488395,0.09183610104005163,0.8527255438538088,0.19370014440588323,0.0627531858823272,254,130,0.9803837531066926,0.1013634894137337,0.7757271540908893,0.06227688339072421,0.012493958977086224,0.035426111297360195,0.031152014138201112,0.04962667310854164,normal
1,tcp,finger,SF,1280,755,0,0,0,0,0,0,0,0,0,0,0,0,0,0,0,0,10,29,0.07196840017403067,0.011679182777331754,0.05479399506131166,0.07712878409517715,0.9495067448287681,0.1653964407755963,0.06574893002963449,196,210,0.7379745895407367,0.09537080802109009,0.5077875721434395,0.010594154649975797,0.008707135666639998,0.023311845034743203,0.04948067424393172,0.004483655267826875,normal
167,tcp,telnet,S0,25762,100,0,1,0,3,4,0,2,0,0,3,0,0,1,0,0,0,474,433,0.6839125536749702,0.6186618963195171,0.9172804565300341,0.8830590211852647,0.02105075263271946,0.834831739979448,0.07282810410468923,176,5,0.2391227140918917,0.8863571858614774,0.13725151293013493,0.04948522777241468,0.9285476189649943,0.6582981728563809,0.006102548715988466,0.03962842290473241,guess_passwd
327,tcp,telnet,REJ,37788,55,0,1,0,6,4,0,4,0,0,2,0,0,1,0,0,0,200,178,0.8754489905446676,0.6835560354722661,0.9230627090297546,0.9116747911591263,0.23806258002254613,0.6048141908879665,0.04391150065497018,85,37,0.26216169290242325,0.8184972461117515,0.25955690427538397,0.0839529938539704,0.7944800373817149,0.5094619567948868,0.016401050583337407,0.035161838462003624,guess_passwd
1,tcp,smtp,SF,1859,2830,0,0,0,0,0,0,0,0,0,0,0,0,0,0,0,0,16,27,0.08396115895392144,0.08386299833648528,0.01661012127371019,0.03789296574554982,0.9478470594165318,0.09758889736581677,0.09994661104066892,126,138,0.7316695536756729,0.12565909654862673,0.5022530487800017,0.0839473900446644,0.04564583473757149,0.010616259222733848,0.013032256021499279,0.02589950610026608,normal
2,tcp,smtp,SF,546,3473,0,0,0,0,0,0,0,0,0,0,0,0,0,0,0,0,28,27,0.0829428560163204,0.03486264233595188,0.09833798511764558,0.061798612092153676,0.8800537104297185,0.10532750198744006,0.08505403874614785,149,57,0.8523047172588667,0.014600538514112693,0.7505858322544569,0.06580951171766698,0.017098594654776367,0.009173272039259444,0.047416515377870116,0.03985592931469772,normal
0,tcp,smtp,SF,1901,2318,0,0,0,0,0,0,0,0,0,0,0,0,0,0,0,0,6,1,0.01611922429233642,0.007469312003315187,0.035273440426033774,0.028004079208673795,0.8466078441197167,0.1984432885601874,0.014017374399423866,104,252,0.8730253577184413,0.09329681312003327,0.6697862420111754,0.06814726319858043,0.010291183669231985,0.013365257886252603,0.04514778278959774,0.03800739632432165,normal
139,tcp,eco_i,S0,21535,21,0,0,0,7,3,0,3,0,0,1,0,0,1,0,0,0,222,218,0.9203285788132308,0.8038461256400551,0.6218750441600822,0.811200102184792,0.09746463904037633,0.9507226020826514,0.02322268352470558,207,4,0.019348407226190256,0.5077860170538411,0.023407141657787366,0.090067905854314,0.9183807526897526,0.6972106664261213,0.04908319675295261,0.0077762752449180746,smurf
316,tcp,telnet,S0,10218,235,0,1,0,5,2,0,1,0,0,1,0,0,2,0,0,0,286,215,0.6952197715423807,0.9654255663173605,0.6742034891970766,0.9363140759760809,0.015382946470546388,0.6694514053586401,0.08311513765468427,106,31,0.05566382548479933,0.8166786106724819,0.1954214886624395,0.09636209095074119,0.6954443955241206,0.5325948086167486,0.010978147077684408,0.011221730198704078,smurf
4,tcp,finger,SF,718,2040,0,0,0,1,0,1,0,0,0,0,0,0,0,0,0,0,9,14,0.03661563678024199,0.022565239291171525,0.07664495812234184,0.02409254805231639,0.9101303455320805,0.1818677378244169,0.05983840749526497,236,133,0.909689606092716,0.014920861631537143,0.804062987315982,0.07579956463603957,0.013691736195478754,0.025308952590810202,0.004248012967080545,0.02477410973636275,normal
2,tcp,http,SF,227,4188,0,1,0,1,0,1,0,0,0,0,0,0,0,0,0,0,4,26,0.06008493764070294,0.03515593869713336,0.021060418611309518,0.09129130838821745,0.8662044289660189,0.11301355665084259,0.030515293085859332,70,155,0.7409032609233062,0.0023727056881654995,0.5518303233543447,0.04270321498951223,0.018353176215691377,0.009582320329883948,0.011491041646815303,0.04087279248023016,normal
28,icmp,private,REJ,42633,274,0,1,0,4,1,0,2,0,0,2,0,0,2,0,0,0,259,342,0.6469381087892218,0.6052074012610208,0.651820430893498,0.6391007765218976,0.2992019134710839,0.5889705358786697,0.04405371966970435,217,5,0.17836385621435988,0.8713452027477907,0.20338906932274048,0.0239198684852569,0.9877817665116478,0.9293386836522284,0.0246626474057028,0.0367167055602405,smurf
207,tcp,private,REJ,37052,82,0,1,0,6,2,0,1,0,0,1,0,0,0,0,0,0,338,403,0.6095597428797801,0.7881618143731665,0.9148811640721861,0.7266122303696891,0.11536025909170117,0.6088755004427795,0.023086984934879706,81,34,0.036235436436549806,0.9156054301629497,0.16048108245087286,0.06274379099356626,0.6007807075548143,0.8833413213418473,0.04411391976289341,0.007505734845568258,portsweep
0,tcp,smtp,SF,268,2346,0,0,0,0,0,0,0,0,0,0,0,0,0,0,0,0,5,10,0.04527508742708572,0.07209181900786765,0.06451859606659764,0.03928819956454021,0.8454175562585543,0.12801046184072729,0.04177257878234965,195,64,0.96156262628181,0.15688774423863688,0.8145307886819417,0.07782994567117663,0.02482035597499284,0.019002188224926688,0.013773092393249566,0.010035258441074703,normal
295,icmp,private,S0,28715,299,0,1,0,7,1,0,1,0,0,2,0,0,0,0,0,0,265,304,0.8749172171215007,0.7063114688480168,0.934371322876802,0.8766266830416385,0.15467541046176833,0.8879189928340301,0.04584156738072412,176,35,0.17885024985956585,0.9113538249214905,0.22059200505236806,0.037001081624584056,0.5673377187484718,0.8311883267392737,0.03696679067053174,0.04185728950297926,neptune
0,udp,smtp,SF,236,826,0,0,0,1,0,0,0,0,0,0,0,0,0,0,0,0,20,7,0.006276327793060288,0.0464871123857891,0.052091993351723855,0.05420829197907506,0.9247827880189535,0.18952870789619214,0.08568372649654254,111,113,0.7601058736782328,0.055701311537513946,0.6338551624345117,0.00750761955206275,0.02019908567815903,0.017402306616986496,0.0016960700268009667,0.024524524146134565,normal
1,tcp,smtp,SF,589,4097,0,1,0,1,0,0,0,0,0,0,0,0,0,0,0,0,14,27,0.01241500129106783,0.08688016891935535,0.019228397614227434,0.04614810717075957,0.8404830867843629,0.17350524362161518,0.09238043600641664,224,152,0.9183284939597662,0.1966535946744131,0.7083080598622392,0.02437605298839737,0.027178378440928665,0.040885572303230706,0.012171599447037202,0.021805853160009173,normal
26,icmp,private,S0,28853,166,0,1,0,6,2,0,1,0,0,1,0,0,2,0,0,0,291,247,0.6448709420037912,0.701773761028124,0.617564127992116,0.6040371725980226,0.038974641444525594,0.6520332869276946,0.07339183040661153,246,15,0.0287457236977825,0.5994632376767319,0.22422175863866953,0.06822463436546904,0.6233619543638736,0.648476435421379,0.026786678877683413,0.01523871408833557,guess_passwd
4,udp,finger,SF,756,4679,0,1,0,1,0,0,0,0,0,0,0,0,0,0,0,0,26,14,0.07564689407555436,0.08710858598596974,0.038517202891602154,0.02302113587793363,0.8742943380336068,0.10480177892375638,0.010764489303984326,156,51,0.8059044487936957,0.12268558081866027,0.5261320745071163,0.010084058829440268,0.03584673311453754,0.03537790941110647,0.04233910404457245,0.025573276044542976,normal
3,tcp,http,SF,1670,2120,0,1,0,1,0,1,0,0,0,0,0,0,0,0,0,0,19,29,0.047114913513872286,0.09539781822670841,0.047203762253113846,0.019695466966549148,0.8958270184925825,0.17131865717375605,0.010799311464906104,191,243,0.9291552089234392,0.030536228425707558,0.6954076114785186,0.022884336115151806,0.02273343319280756,0.023245962527312924,0.015162538843543034,0.0035933004920540358,normal
494,tcp,private,RSTO,13994,7,0,1,0,4,3,0,1,0,0,2,0,0,0,0,0,0,475,238,0.8687843445136836,0.8185660400041115,0.9251603099449313,0.7932724953752452,0.15444209711398343,0.6740294398789286,0.08909909269440447,204,30,0.14912572429336776,0.8735790740533566,0.18029957515913927,0.014078246538937257,0.8479782095077127,0.9161803301455607,0.012310829676635687,0.014084369020325766,guess_passwd
2,tcp,http,SF,1133,4293,0,0,0,1,0,1,0,0,0,0,0,0,0,0,0,0,21,10,0.014951173948933895,0.024817187821689415,0.07576143778719124,0.04287579032557307,0.8485055060501261,0.19137855556430455,0.06823816316104737,222,137,0.8560125653057548,0.03634076000504343,0.9896622906852025,0.02549539863634828,0.01776066006311951,0.004913880583887715,0.0023487188762397085,0.03178420353720162,normal
69,icmp,telnet,S0,26667,221,0,1,0,4,4,0,4,0,0,3,0,0,2,0,0,0,492,368,0.8091049722479233,0.9064627862843713,0.8661463445211668,0.6488245784331914,0.08833609050110691,0.5983784987370011,0.06106052958502765,135,37,0.07749717077308947,0.7824925288700896,0.22670988528289537,0.09601451788624461,0.9952232903355567,0.571830434178378,0.044147698359974646,0.016421878902407445,smurf
3,tcp,finger,SF,1554,3968,0,1,0,0,0,1,0,0,0,0,0,0,0,0,0,0,29,27,0.03068338398728402,0.028941613355602615,0.02733396571920127,0.08403413780135584,0.9157489598237214,0.17495095646781722,0.07325004126737739,215,158,0.8651126537763455,0.12178793466759848,0.8890318235824385,0.05113231558067852,0.014077922004987876,0.04677127067207917,0.020342858184643615,0.03212223992768599,normal
355,icmp,private,S0,42425,257,0,0,0,3,1,0,4,0,0,3,0,0,2,0,0,0,409,397,0.8723770958097041,0.9275625668910953,0.7420481372133294,0.9935712988938057,0.21365655506591558,0.5383844347533917,0.003847625729613391,188,1,0.18046077568698551,0.5519102375530197,0.14380948312038794,0.016784794688345817,0.9906084054820811,0.6170626545073368,0.030761090812244138,0.03630764154670271,smurf
150,icmp,private,RSTO,32782,222,0,1,0,6,4,0,1,0,0,3,0,0,2,0,0,0,500,449,0.9029597833038552,0.6746058889935879,0.790365697654855,0.9990949415262076,0.11965525792466863,0.5985042890367819,0.09293859448982848,183,15,0.053750839342765595,0.4297851745122364,0.29085487711757685,0.06239115599639901,0.6120680042888414,0.6251171707059949,0.0026178783818174515,0.04393103865445789,portsweep
34,icmp,private,S0,46078,206,0,0,0,4,4,0,1,0,0,2,0,0,0,0,0,0,469,292,0.9331284857521942,0.7701886372306966,0.8446444581577115,0.6876826724935619,0.22704377094402153,0.7692736360767567,0.02310746113619494,247,30,0.13152775431454852,0.6038700972915864,0.20123158227194174,0.017696008246852402,0.933948624612386,0.9646550686151056,0.039299977006218685,0.043343340309496665,smurf
0,tcp,http,SF,112,3949,0,0,0,0,0,1,0,0,0,0,0,0,0,0,0,0,24,13,0.019400004449294374,0.08572405127565483,0.024335525392027702,0.058364067483480934,0.9134795149792782,0.006446917245927853,0.024468742025477587,77,57,0.7808310133676092,0.09146595988786732,0.7027088376477182,0.08185133930026607,0.04209416779597533,0.022079962740304656,0.013593643656676098,0.005765523733546541,normal
4,tcp,telnet,S0,20691,258,0,0,0,4,4,0,1,0,0,1,0,0,2,0,0,0,203,282,0.7686940804023197,0.9483495713487253,0.7876896926015069,0.8937075631998908,0.20474064854664273,0.7755585963498852,0.04633609943900137,135,21,0.25325274413530907,0.8696904034497595,0.08566472528319385,0.0735232166294298,0.5268193803084178,0.9443352887770353,0.007535435457592671,0.03780358436758344,guess_passwd
350,icmp,private,S0,46383,65,0,0,0,5,4,0,2,0,0,1,0,0,0,0,0,0,240,158,0.6088253150662116,0.627685975833647,0.722466425367415,0.6107747123261846,0.2717110337425211,0.6388868854287622,0.03475080875123315,145,22,0.07007098151174136,0.5882717822777221,0.21523246975901836,0.08492201356516092,0.6146582326464934,0.96210984250405,0.036324969884095046,0.03707877893486843,portsweep
4,tcp,http,SF,385,1724,0,1,0,1,0,0,0,0,0,0,0,0,0,0,0,0,2,29,0.09948231734142235,0.046227536028028204,0.09995181101809494,0.03140769173295717,0.8089206534642804,0.15575816162532063,0.04933053126897559,210,207,0.712924788343639,0.09058521466371701,0.8161107117623492,0.015711233293620033,0.001552036131671636,0.0018955083521903116,0.032153820149625256,0.031080348107388106,normal
4,tcp,smtp,SF,130,2382,0,0,0,0,0,0,0,0,0,0,0,0,0,0,0,0,14,21,0.017604331989325563,0.007462963116931176,0.03815416506278962,0.07275570523545992,0.9857413189774874,0.09394764440208846,0.06350927872097058,57,246,0.9958180143611961,0.10145022110933422,0.8447221071540667,0.06621025151153347,0.030605896519158033,0.018249632353417373,0.00015388005077630052,0.006351038116125402,normal
3,icmp,smtp,SF,1114,2401,0,1,0,0,0,0,0,0,0,0,0,0,0,0,0,0,5,1,0.022190064629382358,0.07348496539849368,0.029608791865459796,0.031712767455653414,0.9296438669802845,0.060467739070499696,0.09987538057742129,111,125,0.7697897645680302,0.04184413354080383,0.5387450937628058,0.0620130863938366,0.008596973616908794,0.03807975046389512,0.047665069461658036,0.04418154265577852,normal
2,tcp,finger,SF,1594,3122,0,0,0,0,0,0,0,0,0,0,0,0,0,0,0,0,23,25,0.018964638154812464,0.06680350440934277,0.06590592328025534,0.06259709800427894,0.9894282933632439,0.06703224986573768,0.05110062514623875,114,91,0.9996615069292867,0.1617682282399368,0.7187450470711787,0.06691795746743444,0.04991931644194732,0.02524961305092513,0.03040266749560766,0.02473669747638298,normal
0,icmp,smtp,SF,1180,4707,0,0,0,1,0,1,0,0,0,0,0,0,0,0,0,0,28,22,0.08627268132629347,0.01099025116483856,0.05298295333977603,0.025306413169772037,0.8800413255349726,0.13563824358072274,0.08001603193989525,106,140,0.9705863391185106,0.07249837577139305,0.6215994403399718,0.08461574758483995,0.011475903740870924,0.0038140756696417757,0.01601255642221743,0.04542080290103644,normal
252,tcp,telnet,REJ,48513,80,0,0,0,4,3,0,4,0,0,2,0,0,1,0,0,0,446,236,0.8683905409644623,0.6972464657737409,0.7124722521903151,0.9389783442422006,0.14900265789134498,0.7672565022620553,0.02192160105355159,120,39,0.2614434724618709,0.9490742595519827,0.061688719964279014,0.09459959795442031,0.6886972966651288,0.5528559848971575,0.020723578686730155,0.039135524399240895,neptune
74,tcp,telnet,REJ,31082,126,0,0,0,7,3,0,1,0,0,1,0,0,2,0,0,0,286,431,0.939834798522657,0.8526142212715091,0.7497715758405287,0.7108131597487553,0.0848466878737642,0.9041914830291682,0.038792828037863984,145,1,0.011477574732250473,0.5998733858843971,0.15716956817698918,0.0721215496877925,0.8748410847968136,0.8337956103581914,0.00402950792541349,0.04097413154476981,portsweep
484,tcp,telnet,S0,33192,79,0,0,0,3,1,0,1,0,0,2,0,0,1,0,0,0,284,159,0.9925642169297998,0.7373416737201419,0.7038013068745446,0.7551682438194991,0.24289586735961838,0.8517948996495258,0.017485939698566124,251,17,0.18510398571260492,0.9340231613605798,0.1055991235551869,0.05395521608177156,0.5753947008346327,0.5987646962201565,0.036876502839703486,0.013912310216681224,portsweep
467,tcp,private,S0,36639,51,0,1,0,7,3,0,2,0,0,2,0,0,0,0,0,0,248,255,0.6182527125742303,0.9812331177188646,0.8631092745720431,0.8797645978901161,0.14120767755912442,0.6828348278544665,0.08477915194290558,169,13,0.23639998447861,0.41423903691983804,0.10049000017154473,0.029059261446597442,0.640270014752437,0.6352919178347742,0.025084037122797234,0.006506852679607944,portsweep
303,tcp,private,S0,41003,180,0,1,0,5,2,0,2,0,0,3,0,0,0,0,0,0,433,397,0.7160950312875836,0.6348224228120797,0.8504067364378627,0.9108625334611538,0.22729318919845887,0.5868047537928607,0.050869949419131394,175,8,0.05808032528892965,0.6404037846249198,0.14990491536783487,0.00036828634488618174,0.5592158972321968,0.887179426891761,0.0386020361249189,0.0013550138487368746,neptune
1,udp,smtp,SF,947,3145,0,0,0,1,0,1,0,0,0,0,0,0,0,0,0,0,28,13,0.004003126279926395,0.048671937741060725,0.06341858894496587,0.0036634941803544876,0.9837488842364309,0.07172903047269229,0.0026671999646260326,221,85,0.804612636668945,0.03366834230543967,0.9765268582726125,0.04221841775250891,0.03079717211992159,0.04141109919688287,0.024043855984262175,0.007938305662133932,normal
337,tcp,private,S0,37885,94,0,1,0,2,2,0,3,0,0,1,0,0,2,0,0,0,467,309,0.8724547508637885,0.7327845624822504,0.979062604703313,0.7856729979175942,0.1951667557460487,0.558031078331856,0.033038619232773826,182,15,0.23626224571917376,0.6824840767591891,0.2313600173430623,0.02654074249773968,0.8998836883931269,0.707040534193913,0.04136478731961565,0.032171240517058906,guess_passwd
238,tcp,eco_i,REJ,32645,51,0,0,0,2,2,0,1,0,0,3,0,0,1,0,0,0,401,473,0.9319387936093328,0.6079943633456664,0.9787789824537861,0.9451357497536212,0.07486044994110339,0.5779047796480157,0.035814290796697755,134,29,0.27676355704254124,0.5833832440614297,0.26190440350589383,0.006812192649915439,0.6771870617128535,0.9388883293945893,0.033743135476159286,0.011225739771732059,portsweep
1,tcp,http,SF,1688,1206,0,0,0,0,0,0,0,0,0,0,0,0,0,0,0,0,5,9,0.036939022351979725,0.03345057599406708,0.08870225905583834,0.0540599571466741,0.8224375332120266,0.08090117983335106,0.05227913313323142,158,58,0.9369518681650076,0.18796434496107844,0.5481010259639548,0.014931665040769027,0.047659724794593517,0.03885516927045434,0.025939432714786922,0.03718000477749194,normal
405,tcp,private,S0,30741,206,0,1,0,3,4,0,1,0,0,3,0,0,1,0,0,0,399,389,0.7277059669587398,0.9245048808551977,0.8219421340373282,0.9699757388853338,0.2972376926438697,0.7085686877017638,0.02949238483057658,162,14,0.10691585702264177,0.7010353808099261,0.14108886040788685,0.0695964513125371,0.5572648359174996,0.9625701430356225,0.04636255868218351,0.023003051247196066,neptune
190,icmp,private,S0,33715,270,0,0,0,7,3,0,2,0,0,2,0,0,0,0,0,0,333,311,0.7237112507778962,0.9520490038441993,0.9104249498756115,0.7562747715604285,0.10865755269809413,0.8697203477734654,0.008307299899540077,117,20,0.2153480080024098,0.5709009086752344,0.03630782964373156,0.008333843891839087,0.7307092134517268,0.6051490874470485,0.028587515355681683,0.045379293193423424,neptune
350,tcp,telnet,S0,35577,40,0,1,0,2,2,0,4,0,0,1,0,0,1,0,0,0,432,337,0.7822718857636553,0.7895404330019767,0.6644573454973199,0.611145513363574,0.25071932104407946,0.5786778236500583,0.009393361589960248,63,32,0.15372683957361633,0.7433689699031711,0.21238143356968123,0.051144734195469846,0.7377958727683871,0.6860981333865139,0.01910342235287818,0.00023208637768308283,satan
3,tcp,smtp,SF,726,2081,0,1,0,0,0,1,0,0,0,0,0,0,0,0,0,0,4,17,0.012240884773046702,0.01477285625410687,0.0892377103956567,0.07139442984139875,0.8227941174081397,0.013790556849168412,0.07358211368367569,245,143,0.8982376731545233,0.04797341573849223,0.966893279836376,0.039831449493385275,0.036026420762533165,0.03246294678062131,0.02191587574408926,0.011308965170426412,normal
4,tcp,finger,SF,803,3423,0,1,0,0,0,0,0,0,0,0,0,0,0,0,0,0,22,29,0.06735218510617179,0.0025816994211470437,0.0482703649188897,0.09526222598919437,0.8830818362297053,0.12426968813418621,0.09964349905642236,238,202,0.7047062581849911,0.027618957644081246,0.5562647891462642,0.05228431871665386,0.04005349847170444,0.03393369618782911,0.03222901684055529,0.007194812718507255,normal
2,icmp,smtp,SF,160,4437,0,0,0,1,0,1,0,0,0,0,0,0,0,0,0,0,29,3,0.07167130081772302,0.07462738135003091,0.06325823773952419,0.06036207627815519,0.9696842709337397,0.13133613115061527,0.06558125382591552,233,233,0.9596901844676348,0.01747753629934399,0.7430562502776421,0.07379967589750784,0.03942699609864869,0.011591733840986457,0.037820964624520316,0.0433112558629252,normal
462,tcp,eco_i,S0,26192,127,0,1,0,3,3,0,4,0,0,1,0,0,0,0,0,0,439,490,0.7553106954903442,0.6882691127109499,0.8165088194987127,0.7709743925888904,0.17396071604463678,0.5868844083472928,0.03649837877076186,171,21,0.1556648384600882,0.4399280388721506,0.07608083076226299,0.08337471775451735,0.8317101096139375,0.7349109817912924,0.014647086546587869,0.04529278247232138,smurf
111,icmp,telnet,S0,34328,149,0,0,0,6,2,0,3,0,0,2,0,0,0,0,0,0,205,215,0.7149875713199701,0.6146845243804328,0.8921202263331285,0.9801751973526334,0.08308988998555746,0.9878008244722944,0.08947879415808652,132,10,0.1170996374063342,0.5913252022659141,0.04584435980383863,0.07680713455398003,0.5726433478904813,0.5551590343821906,0.010240689053021841,0.03935974916492874,portsweep
1,tcp,finger,SF,1081,1600,0,1,0,1,0,1,0,0,0,0,0,0,0,0,0,0,9,28,0.011271606632786002,0.042939232742968195,0.05986634724576837,0.09028182081400776,0.832387270675678,0.140984729937404,0.02026950310833242,238,194,0.841070973127898,0.15205509364013348,0.8933273123017111,0.08905778132739663,0.024407779728088816,0.043341196746211605,0.011356110262615782,0.01712655019146711,normal
2,tcp,smtp,SF,1005,4250,0,0,0,0,0,1,0,0,0,0,0,0,0,0,0,0,8,7,0.0400024995784413,0.011074014027269187,0.005384636044480773,0.0027986559208900367,0.848051749197815,0.1800022197050569,0.09793461191526043,161,181,0.7010931988590305,0.0008425443828292246,0.7127396079273437,0.04259250747025686,0.0033568045992084018,0.009310188845251166,0.012247962498550364,0.026287156520056077,normal
186,tcp,eco_i,REJ,42444,130,0,1,0,5,3,0,2,0,0,3,0,0,0,0,0,0,497,162,0.6287943177542402,0.8308029422359178,0.7828092777185005,0.6131110656370347,0.27640693749432954,0.821878620318675,0.016250350644720645,238,5,0.14968345768389058,0.6418919047766078,0.12882144536059,0.021557544461051282,0.5273806440744385,0.5838226286758128,0.022829473684526903,0.02339842349841975,neptune
118,tcp,private,REJ,25421,264,0,1,0,5,1,0,1,0,0,2,0,0,1,0,0,0,460,479,0.7752852320156877,0.9728540139241247,0.782855681470346,0.6925514484186384,0.2716394967695756,0.6666374656453967,0.0492315298129534,214,11,0.19468516734756164,0.8983985304206058,0.113062600294862,0.043840424509648236,0.6217160196563911,0.6281384140393083,0.0048404285040503205,0.02361292796177706,guess_passwd
92,icmp,private,REJ,40498,59,0,0,0,5,4,0,1,0,0,2,0,0,2,0,0,0,479,288,0.6790534843475089,0.6487869607344116,0.6619943351677678,0.8095249326484157,0.1723048497094447,0.785433270652834,0.027054739180037726,112,12,0.15035139121368937,0.9136763821501762,0.10554084406434489,0.031151090752526034,0.7980409786725464,0.9754466356584126,0.03788226509311393,0.031108851269496703,satan
484,tcp,private,S0,48346,6,0,0,0,3,3,0,3,0,0,3,0,0,0,0,0,0,223,433,0.8807580957180998,0.6820175773693198,0.6881056833538979,0.8495766316186032,0.2932490699353095,0.6276380110408558,0.03416614200150438,147,10,0.10557092264808143,0.8301834563700667,0.060338313315853126,0.08612643910736462,0.541088514742001,0.762109308967915,0.02981730250506617,0.01197704977209242,neptune
257,tcp,private,S0,11936,85,0,1,0,5,3,0,2,0,0,2,0,0,2,0,0,0,473,215,0.7952704692697437,0.6830732059107637,0.8703163747708185,0.6169613314665187,0.18506981730613425,0.8657646625859421,0.06838274411528536,137,11,0.19778588161925642,0.730532107504229,0.27072423777900967,0.06823158575917723,0.6213025616694521,0.66394672535766,0.015366379859326108,0.0027197026681912984,satan
498,icmp,private,RSTO,43360,8,0,1,0,2,4,0,1,0,0,1,0,0,1,0,0,0,204,382,0.9732135622637987,0.6884125606736569,0.957549127553208,0.6472520649173484,0.17185844255858787,0.7952169861135477,0.023244318194135784,164,1,0.019489985934820764,0.7224457616386527,0.14176129463526446,0.06157896630825865,0.805751020003661,0.8324287962803124,0.043994566569558184,0.02396729889158153,satan
1,udp,smtp,SF,1526,4092,0,1,0,0,0,0,0,0,0,0,0,0,0,0,0,0,15,20,0.044366957448270045,0.04613157517310297,0.09867119790312812,0.005221495508234308,0.9234997863637001,0.012877027515802553,0.016989517903018028,67,87,0.8214278974171031,0.17386698726234837,0.9455691887016692,0.09511764854896684,0.015710821501924266,0.015926075819620317,0.009050772219739978,0.04990506554827835,normal
474,tcp,private,RSTO,27696,152,0,0,0,5,3,0,2,0,0,2,0,0,2,0,0,0,285,452,0.6465470950139875,0.743208644161642,0.7785473553286448,0.939864003276886,0.061309249051323594,0.899025975671998,0.011295811733640127,161,11,0.2665104839145917,0.6144437526477138,0.009017600578492657,0.07410459692482971,0.7797315312975072,0.7363170212754733,0.018638096930527006,0.010798722881791368,portsweep
3,tcp,http,SF,1900,2423,0,0,0,1,0,1,0,0,0,0,0,0,0,0,0,0,18,22,0.04429140631136037,0.052781640202125,0.07230710874810448,0.06698000951809721,0.8050306551256026,0.01996557636299197,0.06807520980477913,249,131,0.7105258281231212,0.1619062750650146,0.7865130993767964,0.014892041734650996,0.03447989863015011,0.04011571030310518,0.02484848993539563,0.030494631327879974,normal
0,icmp,finger,SF,1558,2943,0,0,0,1,0,0,0,0,0,0,0,0,0,0,0,0,5,26,0.03027548582456523,0.0693097778846711,0.08567307201019735,0.07810334075524224,0.9355347465421081,0.16876099861903393,0.0013826914052291863,226,208,0.7612244246089527,0.06393266306222303,0.5128609755542133,0.003598571085049862,0.0015753343554817945,0.01993826152199145,0.04478624982655084,0.03124231053860793,normal
2,tcp,finger,SF,123,3530,0,0,0,1,0,0,0,0,0,0,0,0,0,0,0,0,5,4,0.0747505887763953,0.05587935837241681,0.01191926843906379,0.05525458869503187,0.8305896275661757,0.08938886307857524,0.08143293558001288,156,56,0.8101874842387495,0.12564265194083415,0.61998376396318,0.009528214637638055,0.004025791474088008,0.031227611527301847,0.02840637354744186,0.005041153972692869,normal
240,tcp,eco_i,RSTO,49100,85,0,1,0,2,1,0,4,0,0,1,0,0,2,0,0,0,445,396,0.9092514624607091,0.9128335952296305,0.722245166692965,0.6098359798552104,0.0802492942057554,0.9465182692863974,0.09099087775168736,167,11,0.035335008646934674,0.7848588487793606,0.038732788765514614,0.09129138036240231,0.7596932519859374,0.5151636143430587,0.013719063838060003,0.013814070810406382,neptune
408,tcp,eco_i,REJ,38413,16,0,0,0,4,3,0,4,0,0,1,0,0,0,0,0,0,345,395,0.6577486112413422,0.9927081891869185,0.8965611484833065,0.8425579130210721,0.25292833990065294,0.5274123954838998,0.03765821661775553,166,27,0.2974505045777749,0.9699643677146496,0.11360012377905458,0.06169250416325575,0.7764363584981469,0.8583706579364265,0.015928609238438748,0.04216047093250884,smurf
459,icmp,eco_i,RSTO,28449,248,0,1,0,6,1,0,1,0,0,2,0,0,1,0,0,0,480,385,0.9870833587408752,0.7852923047295639,0.7009150502112147,0.6592722399642089,0.1149385956733357,0.898821190747391,0.07226356087846357,204,9,0.1471559336164536,0.5212504711451811,0.28693517388621825,0.05617514983899563,0.935674301524956,0.5008371581889439,0.004154968079013949,0.015350095111557056,portsweep
1,tcp,smtp,SF,1757,2716,0,0,0,0,0,0,0,0,0,0,0,0,0,0,0,0,15,14,0.004083559734188114,0.07332046110687561,0.09474737957401369,0.07002563988723258,0.9591509573573617,0.022568068663471098,0.09209639023358268,225,129,0.993378190559227,0.10837743022487674,0.6750054911720638,0.045810428284971255,0.03570746203662173,0.04733583053445394,0.024542591945341315,0.048218602163201285,normal
419,icmp,telnet,RSTO,31057,151,0,0,0,3,4,0,3,0,0,2,0,0,0,0,0,0,505,448,0.8793085829127876,0.7598727336194632,0.777460452555804,0.8985065815521396,0.07960936934283566,0.5423094491089306,0.029162147700957455,254,30,0.1850800412782235,0.45964159494137846,0.10280318649504942,0.04264817299789168,0.7463502276144849,0.8734518136557958,0.0009034272830296675,0.039025707460315334,neptune
3,icmp,finger,SF,767,3799,0,1,0,1,0,1,0,0,0,0,0,0,0,0,0,0,16,2,0.04685450294752067,0.06523801339438647,0.08857451492948197,0.04508732731002291,0.9655429809490801,0.07945412365781337,0.030544177849273893,171,95,0.9248458844077985,0.016220176568623224,0.9671161897952769,0.030418097846212203,0.029971134162012122,0.009772527840376632,0.002957956204604334,0.005754468219934578,normal
145,tcp,eco_i,REJ,13349,134,0,1,0,6,4,0,2,0,0,2,0,0,2,0,0,0,277,242,0.7230256225111035,0.894911117191412,0.9968625174761113,0.6944892130232718,0.055629021588097106,0.5602094582856112,0.03706549026588255,173,38,0.06427336721957212,0.6120371582929373,0.25887269241795535,0.09569475174727049,0.7328407622457914,0.5803520041244279,0.03925798442835181,0.011794766732993784,smurf
1,tcp,smtp,SF,1811,3888,0,0,0,1,0,0,0,0,0,0,0,0,0,0,0,0,3,21,0.06145639412952608,0.07038177420203567,0.0868441545538719,0.008350169538656494,0.9359087710568214,0.1937356402232922,0.012669942971542825,172,177,0.9021685316418944,0.0024325263428037537,0.9657176710701851,0.08962964503214065,0.037426310956060464,0.01635299000960888,0.009401985325878782,0.048044049430574436,normal
439,icmp,eco_i,REJ,46451,134,0,0,0,5,3,0,4,0,0,1,0,0,1,0,0,0,278,404,0.8842172117164517,0.9369255083995752,0.6612637195072176,0.6173200077149115,0.14735353379754768,0.6650613742848224,0.06188347045911311,115,26,0.1450540718025329,0.6872629807305537,0.1200859785690339,0.0094205224971611,0.9947249781632655,0.88821374402212,0.02183094748361324,0.03299987043954672,neptune
2,tcp,smtp,SF,465,3431,0,1,0,0,0,1,0,0,0,0,0,0,0,0,0,0,23,14,0.08190788410807226,0.060032147004664464,0.01123451190582464,0.08965623399203079,0.8321364785555925,0.07630603410812875,0.05003264481591394,124,169,0.7321559529136593,0.003469563834534473,0.7837372492282079,0.02988035284449051,0.022733993925464175,0.04248722627447631,0.04936271934304379,0.042766486192159246,normal
1,tcp,http,SF,182,2293,0,1,0,1,0,1,0,0,0,0,0,0,0,0,0,0,29,8,0.0626655182003354,0.07633870541432836,0.04015200826802762,0.02138524754559992,0.9273980762988699,0.16052916759907954,0.06703648645372422,231,130,0.8653309004395384,0.018928782457938345,0.8665278258460991,0.05544964770449176,0.040996282464155376,0.04389784926959947,0.01115253910698244,0.011944752230563432,normal
157,tcp,telnet,S0,28585,95,0,0,0,6,3,0,4,0,0,3,0,0,2,0,0,0,262,498,0.6486719115865365,0.8038180943944253,0.9805823558738384,0.8162781393207476,0.12098036326458587,0.8141457819293834,0.06861924998258741,79,20,0.19260606838749658,0.5812319671432901,0.2740390665641556,0.017015090815792,0.6318211895479793,0.598167434023096,0.04253591091915949,0.04818724385293896,neptune
0,udp,finger,SF,1314,4855,0,0,0,0,0,0,0,0,0,0,0,0,0,0,0,0,27,29,0.09439476095247226,0.062287465685693516,0.0067848782903995215,0.03740460613425076,0.9875064889625076,0.1508441665854487,0.07674557770890512,210,177,0.9265696210526758,0.029487670918046896,0.8816344731529262,0.03930177707980791,0.018583123280000086,0.011064693502843038,0.03665303367751587,0.025500504212214076,normal
429,tcp,private,REJ,8671,77,0,1,0,2,4,0,2,0,0,2,0,0,2,0,0,0,444,406,0.935213110963706,0.9512112210483596,0.6173439429864075,0.8135256350839403,0.2849715778155303,0.7598184796738441,0.0396214460148443,93,0,0.055799459095818904,0.8067458208088454,0.21764697576833833,0.07507188349101886,0.5412484805510558,0.6985474555458834,0.0010216402459285623,0.03806753321961328,portsweep
3,udp,http,SF,1827,4210,0,1,0,0,0,1,0,0,0,0,0,0,0,0,0,0,29,16,0.08356332590533246,0.02056670566635791,0.06900253122306106,0.01842699986668217,0.9371998120743628,0.16331940937823253,0.05426363551828089,116,234,0.7439722376404592,0.042669962662419875,0.9736940938885054,0.08273335246787206,0.03558423041380176,0.028353212269719527,0.04983843927122616,0.02866467825651829,normal
51,tcp,private,REJ,30390,4,0,1,0,3,3,0,4,0,0,3,0,0,0,0,0,0,376,376,0.7583159576847578,0.6267004189380869,0.9870581527749417,0.8251166298006173,0.1179437598877174,0.9974658482903849,0.015259479840633961,81,27,0.0068403453557128735,0.638444688442575,0.13802952208241265,0.06135033689360965,0.8272832682931937,0.9596943819742239,0.007855578521092227,0.03160173126001228,portsweep
422,tcp,eco_i,REJ,26551,295,0,1,0,3,3,0,4,0,0,3,0,0,0,0,0,0,481,326,0.664173554017974,0.7600270425077958,0.9892550103847987,0.9894327240456322,0.10935422326309022,0.833071029094886,0.03977047876401216,79,24,0.19686811951455288,0.6487776614621006,0.23893521170707804,0.039429772968419236,0.6364874943033393,0.6266700700472965,0.033365359927708164,0.02747771009456533,portsweep
262,tcp,telnet,REJ,43497,106,0,0,0,2,4,0,4,0,0,1,0,0,1,0,0,0,370,412,0.8536160992592988,0.7486651083943732,0.6175392817368759,0.9049549261320955,0.26795089780317244,0.6113208916745099,0.035721017413306654,136,2,0.15352348280938985,0.4995649106792784,0.18547678282332286,0.011369717283847848,0.7777446453160304,0.9965823918106264,0.01067209142895566,0.0417894227804361,neptune
3,tcp,finger,SF,993,1218,0,1,0,0,0,1,0,0,0,0,0,0,0,0,0,0,28,11,0.058135130755004316,0.02983739906651327,0.06017588970594852,0.08856387702007958,0.9230528175687707,0.11112437623838366,0.006353193456828232,139,126,0.905940747376713,0.04210269585916731,0.5892720993427444,0.045108161468090206,0.005397447713862958,0.02825771384836927,0.010704810290767752,0.030351491607730676,normal
1,tcp,http,SF,210,3537,0,0,0,1,0,0,0,0,0,0,0,0,0,0,0,0,27,13,0.08698567147115759,0.08232921614417503,0.04758300593494579,0.06724368027566785,0.8389216801607507,0.07838510144922624,0.06519604429976628,206,152,0.9051126514313139,0.18287790050012034,0.6629783398975859,0.01027767608384015,0.04223417237210278,0.04321647899109671,0.04274431738876275,0.02690653145836431,normal
368,tcp,telnet,S0,31864,106,0,1,0,2,3,0,3,0,0,3,0,0,1,0,0,0,467,174,0.6692867590942332,0.720146810040801,0.9232210401243023,0.705919613087802,0.07081591326204754,0.6685132761701676,0.019061647215245083,73,17,0.16613357504329085,0.967070378435749,0.07177567165243272,0.05327290983823462,0.9172568588128458,0.657606074799137,0.02500648632174235,0.029671393158855797,neptune
287,tcp,private,REJ,17651,85,0,1,0,7,4,0,3,0,0,1,0,0,0,0,0,0,262,405,0.7573481106325228,0.8673687560719168,0.8981779253124784,0.9287722459958394,0.0038373383003149518,0.5958713367791354,0.037481039142505536,163,2,0.15708345035559595,0.693887700157807,0.13804291019301754,0.09919045848545631,0.7780985134882563,0.7059601227962733,0.007807904219561896,0.004866151987547901,guess_passwd
0,tcp,finger,SF,1207,4801,0,0,0,0,0,1,0,0,0,0,0,0,0,0,0,0,2,16,0.08252307170992254,0.013292605097699917,0.04646864176944813,0.046210532519868286,0.9949558856115305,0.18172387395092782,0.07216375598411319,168,230,0.9875221042533884,0.06455603649846915,0.8477067078041458,0.054140682379347466,0.04412124974837891,0.037821202061019125,0.033751980342212856,0.040706566118579646,normal
152,tcp,private,S0,22983,270,0,0,0,4,1,0,1,0,0,3,0,0,1,0,0,0,212,465,0.641858255912439,0.9918987839848027,0.6425425495628752,0.745422497050487,0.09245829941686107,0.8901417554084916,0.030489160075290057,247,17,0.1619710739735062,0.6866603696376201,0.1957096157388726,0.00972045644645837,0.7418651409039956,0.9414625389708708,0.027590152963877592,0.009463225644820945,portsweep
227,tcp,private,RSTO,12251,218,0,1,0,2,4,0,1,0,0,2,0,0,1,0,0,0,266,382,0.8237334442811919,0.8941958086130787,0.9961801847930645,0.6959632500536826,0.16915549980776928,0.9068952161616015,0.08761383738924414,206,20,0.19744150399273253,0.6631174903103909,0.20044899238272976,0.02519295933542445,0.968655624380479,0.6959076240471445,0.04000877676939178,0.0423301978783881,smurf
173,icmp,eco_i,S0,32179,190,0,1,0,7,2,0,4,0,0,3,0,0,1,0,0,0,236,334,0.9856701687475767,0.6358027450435569,0.7300544614746699,0.7320750641371503,0.13923989656807273,0.6268677950358492,0.03835676174936897,196,1,0.1785649739637399,0.5157392288073692,0.09594968117740277,0.005102917301173394,0.9144763054461489,0.6196039861952964,0.009536251694425719,0.004283408984457527,satan
33,tcp,telnet,S0,16521,234,0,0,0,3,4,0,2,0,0,2,0,0,2,0,0,0,283,248,0.9511340015614332,0.9554725476623818,0.787602777730684,0.8923730030930925,0.23553280253953052,0.5873178281580737,0.055817300531267725,179,11,0.09042669109705119,0.594195119964061,0.09138152208768564,0.016721744217375035,0.5544432723659058,0.7104122858103397,0.0027255129021773795,0.04624206941878232,smurf
4,udp,smtp,SF,1351,1064,0,1,0,0,0,0,0,0,0,0,0,0,0,0,0,0,20,14,0.01927428907907455,0.08010761326078425,0.0027283426263865155,0.03774694830931572,0.8325622102353116,0.17057817693492866,0.07923256488409115,192,252,0.8291865033744573,0.03399116549187236,0.7245473187092039,0.03772849831975811,0.002120413426084433,0.0055030737113041074,0.0345131867782502,0.034280801189160125,normal
3,tcp,finger,SF,1985,3097,0,1,0,0,0,0,0,0,0,0,0,0,0,0,0,0,24,3,0.014317875048604779,0.0668699887074931,0.005454351562116467,0.04403551926373844,0.8126849198606676,0.1366559417089383,0.08142429309683495,218,54,0.9611846182955281,0.0491958324192104,0.5170912213833239,0.03711466375680317,0.04079033573385185,0.031143762453572085,0.02894666956550725,0.04829349387822455,normal
418,icmp,eco_i,S0,49833,210,0,1,0,7,3,0,4,0,0,3,0,0,0,0,0,0,451,495,0.7515194211942041,0.7856454817620165,0.9983068061415794,0.9094593663509094,0.08866271558385837,0.5401165378027192,0.0684991815146954,212,32,0.24890845489489538,0.6437314979211297,0.053000625376503276,0.046285753614023234,0.6955492416298129,0.9663008301699937,0.010012742214254928,0.0432331464662549,neptune
0,tcp,smtp,SF,1036,2969,0,1,0,1,0,1,0,0,0,0,0,0,0,0,0,0,4,8,0.053165642846888544,0.0772537912454397,0.03394619705706906,0.054699934140229556,0.9072677272774686,0.15533881467133695,0.09749672819047243,64,111,0.9546498819366838,0.17482314159756573,0.5175527121147951,0.049199238369044024,0.03607470370977389,0.008089180652182577,0.03470098589190382,0.03879381448545695,normal
4,tcp,smtp,SF,1796,1942,0,1,0,1,0,1,0,0,0,0,0,0,0,0,0,0,5,13,0.06703645038290117,0.03493964250823996,0.05840219508261873,0.09450793853714021,0.8599932864993669,0.06851094088328795,0.0736064104307449,128,180,0.9158943355043276,0.13110950202368393,0.7006197604167305,0.06090754394119122,0.007309518969149537,0.03191346728312981,0.038349806081004086,0.03294993498741271,normal
3,tcp,http,SF,1915,1891,0,1,0,0,0,0,0,0,0,0,0,0,0,0,0,0,21,14,0.08728055319953978,0.08888164830096626,0.056843741137571846,0.013562631136582848,0.8028217518569017,0.15014051018716823,0.008241479070634683,99,162,0.8200264496958686,0.06153371419022322,0.5161340662494277,0.021414708886996425,0.02156026258899123,0.03061191369637474,0.0446301690953889,0.04118114441166869,normal
47,icmp,private,REJ,34196,181,0,1,0,3,3,0,2,0,0,3,0,0,1,0,0,0,313,427,0.8139944560677126,0.6832708921480779,0.9243625268599442,0.7691709692016624,0.19846744089807178,0.9170831018610461,0.0707100415942009,76,39,0.0221862153421603,0.7276611046160002,0.11087466028085742,0.012732934217368952,0.994385442180986,0.6050444106381994,0.006009828936946265,0.04572102960834382,portsweep
2,icmp,http,SF,642,4237,0,1,0,1,0,1,0,0,0,0,0,0,0,0,0,0,11,26,0.030266332238142957,0.04559848494940603,0.03841443865252431,0.008712931204717323,0.9186415145669402,0.18352272652646992,0.05167716594311052,145,119,0.8812910288282347,0.12510807036495727,0.8676113459970136,0.007462969968542111,0.009006899492702848,0.02369223201939142,0.029341153908069257,0.007773730527730294,normal
4,tcp,smtp,SF,1291,1037,0,1,0,1,0,0,0,0,0,0,0,0,0,0,0,0,13,8,0.07215792442988508,0.0005419799818197957,0.03282408280993258,0.09018958105093605,0.9672809065874802,0.12204176133288169,0.08619565483354556,201,99,0.7902286444413025,0.13277333081457093,0.589967895788674,0.030593930617301857,0.03078664071119357,0.00925743869424745,0.04955152373228989,0.027091141100001544,normal
376,tcp,eco_i,S0,43444,132,0,0,0,2,3,0,1,0,0,2,0,0,1,0,0,0,334,407,0.7248516231571261,0.6822406937567865,0.9996765801578216,0.9355760271433375,0.2899231814969375,0.700648302423527,0.01788358074144636,123,35,0.1488950460657393,0.8879261640713565,0.29302217617706416,0.06267147193164228,0.7982772270707524,0.9796826192183492,0.009108632988421544,0.0422592782689133,smurf
65,icmp,telnet,REJ,15057,59,0,1,0,2,3,0,1,0,0,1,0,0,0,0,0,0,224,392,0.6917211805592133,0.8114461575700995,0.9216542665188974,0.6937203523080807,0.04967557504593193,0.8628207913215713,0.012738445573397362,73,15,0.2228866576725341,0.40121648768837354,0.08269429405236524,0.05693168991471703,0.6944872642423454,0.9213547923989092,0.0024283683813697225,0.03382592446397183,guess_passwd
299,tcp,telnet,RSTO,28531,134,0,0,0,2,4,0,2,0,0,1,0,0,2,0,0,0,241,319,0.7627891344447849,0.73758288605685,0.9917156522148433,0.654536288611639,0.15204425848941858,0.6502681286497924,0.03133059605119536,184,34,0.25039589996225226,0.6150669672388844,0.2543249159963057,0.0938329553500088,0.5068889570935635,0.7222224796306582,0.04332067232339204,0.03714428136517991,portsweep
393,tcp,private,S0,36408,71,0,0,0,6,3,0,4,0,0,1,0,0,2,0,0,0,298,326,0.7798868270687608,0.8606428903974763,0.7320294549370222,0.8748494923985797,0.13666213185260984,0.9147076503852893,0.019420823627229113,214,18,0.20354433716694478,0.9572050671498277,0.21248816631862225,0.0398625032464994,0.7775915054460834,0.6750332674757551,0.0002914572381452263,0.04572765205329478,portsweep
1,tcp,finger,SF,1787,1644,0,1,0,1,0,1,0,0,0,0,0,0,0,0,0,0,17,14,0.02233225881619405,0.0158413713447778,0.06247640101304504,0.034926941887077505,0.8977374302733939,0.1751690641318564,0.0555082988480368,141,95,0.7945681738730976,0.057148177675478,0.700938168032558,0.059013918091881126,0.019747924852349902,0.0382723491564888,0.015425719232739965,0.02484374132530643,normal
3,tcp,http,SF,292,772,0,1,0,0,0,0,0,0,0,0,0,0,0,0,0,0,29,7,0.04028393399933684,0.005316117173472768,0.057535362031516483,0.005095397805615343,0.9175806616036348,0.03860664228992246,0.007324316191651104,176,198,0.9652091653578,0.11624505716436505,0.8412169362706314,0.08974001821299724,0.031690701334649206,0.02114017404452591,0.01632706769192276,0.04033295654684485,normal
6,tcp,eco_i,REJ,5375,123,0,0,0,3,4,0,3,0,0,2,0,0,0,0,0,0,484,441,0.611946508957908,0.9119552241144638,0.6269181044309101,0.8560801451726905,0.24933854727043736,0.7931102421642573,0.08394571840140745,144,35,0.059180966885218796,0.42583576087023944,0.24787516877360782,0.0934092247185924,0.9919482394361241,0.6277119573981517,0.04616164902561146,0.013485976042996773,guess_passwd
0,tcp,smtp,SF,1236,4228,0,0,0,1,0,1,0,0,0,0,0,0,0,0,0,0,13,22,0.08149022590520025,0.0696040961424093,0.0157482868975684,0.04174158251985582,0.9960764203119548,0.13131013039922512,0.05610490294122168,92,108,0.9892917613581902,0.13108155991691303,0.9829780178766716,0.06290686901401758,0.03140413145883605,0.024134369516339783,0.0070328319010118275,0.0036848606015723873,normal
319,tcp,telnet,REJ,46814,49,0,1,0,7,1,0,3,0,0,3,0,0,2,0,0,0,212,262,0.7800641517475391,0.7874368546818368,0.7003864013065886,0.6538794965422612,0.03768195500315145,0.6270257680057676,0.04725463320167542,102,27,0.2096888816906541,0.817550455365969,0.293874263300277,0.049900086540853296,0.5332952701498115,0.5400990825975374,0.0399190842352384,0.04334026164755658,portsweep
2,udp,smtp,SF,1845,4954,0,0,0,0,0,1,0,0,0,0,0,0,0,0,0,0,19,16,0.045053980551165954,0.08207793770411666,0.010560479086790031,0.03843238393057086,0.8052254232344762,0.03684707570840615,0.09437847515963294,254,59,0.75182046139722,0.06391971160050695,0.8774647253948993,0.05563548559276319,0.01603383423259606,0.030591108971370115,0.021204932102206354,0.020216163440297627,normal
1,tcp,smtp,SF,1375,2498,0,1,0,0,0,1,0,0,0,0,0,0,0,0,0,0,9,23,0.08040337783841549,0.015642882803336523,0.09099771065171186,0.04437905734793331,0.9666725298672816,0.005943442671286658,0.0020184418607039458,101,110,0.7599955552571018,0.19819439720717977,0.5740540403128959,0.023214853203943644,0.0007576409908639115,0.04033531761499042,0.026939456527354633,0.03646017905878103,normal
2,tcp,smtp,SF,681,4173,0,0,0,1,0,1,0,0,0,0,0,0,0,0,0,0,1,11,0.04151074266684948,0.027256859083478024,0.08495852569643018,0.059499437225992026,0.8444690362227532,0.08112129991630466,0.0834747923167292,170,163,0.9794349272135506,0.053795004505644985,0.850794975542788,0.0273062699688191,0.03508454749281736,0.020143535062245095,0.03209466912370222,0.04746193842005836,normal
1,tcp,http,SF,1704,3912,0,1,0,0,0,0,0,0,0,0,0,0,0,0,0,0,1,3,0.06681664768591648,0.09966670381420173,0.058180485914044594,0.09761267791625894,0.8017209911134366,0.1214665911488688,0.004495347241135018,147,142,0.8654823147456823,0.010655446598162444,0.5013146300297588,0.026623636860229394,0.0437389493951992,0.025577111321759324,0.009458891548318322,0.04468103949221025,normal
0,tcp,smtp,SF,1185,1795,0,0,0,1,0,1,0,0,0,0,0,0,0,0,0,0,24,20,0.032788092077978385,0.01564121521056554,0.08320684074480256,0.0870387605402543,0.9868222838085983,0.13012701441637087,0.025008135730720107,215,72,0.8683652105641572,0.19979379835153707,0.5537445921347641,0.034015320923575953,0.0416164366991639,0.019012945853141117,0.0002925369123382704,0.02923830352416132,normal
1,tcp,finger,SF,188,2995,0,0,0,1,0,1,0,0,0,0,0,0,0,0,0,0,19,29,0.014139342807776602,0.06956176949541436,0.01731970866331951,0.08308808839003218,0.9006267785582481,0.19856355055071365,0.06203763493468176,185,211,0.8074078748537624,0.06864532057646998,0.6007224914261013,0.02526620649548932,0.010008642620453319,0.03867547841855181,0.011762997296347123,0.01377175212748167,normal
177,tcp,private,S0,42661,284,0,1,0,7,2,0,1,0,0,1,0,0,0,0,0,0,393,333,0.662874015332453,0.9237100464340435,0.657565211055282,0.7280256377719521,0.08996246807812622,0.6812708300189836,0.017889501892311144,116,22,0.200101830523975,0.697238439631404,0.25731389483630673,0.03562029811291706,0.8650035274016112,0.6135295356151643,2.762548218407379e-05,0.04746243270361772,guess_passwd
294,icmp,telnet,S0,16195,201,0,1,0,4,4,0,4,0,0,3,0,0,0,0,0,0,409,500,0.8446772354677173,0.7981237293444857,0.9735919598220285,0.892325892848016,0.039121726031907986,0.674061499128837,0.03628786224729728,83,31,0.2164859124468251,0.5145452538360231,0.1008648734718924,0.009706845759717586,0.9140349934277421,0.5521902671158563,0.0417692244555437,0.047250911499238185,guess_passwd
2,icmp,smtp,SF,1670,4809,0,1,0,0,0,0,0,0,0,0,0,0,0,0,0,0,17,21,0.04294233830215282,0.059371870700653064,0.03372729722892658,0.008816810692415855,0.9935272146359202,0.18430551499716588,0.03118220308842075,59,138,0.9582758837362977,0.055673841802470106,0.8038466557431645,0.06061323963379256,0.009672031965748491,0.0033493125584263153,0.047398371218131896,0.049130443814135685,normal
469,tcp,telnet,S0,6171,238,0,0,0,5,4,0,1,0,0,1,0,0,2,0,0,0,265,180,0.8978378618253207,0.8399710235615251,0.9776461402133513,0.8306923297855487,0.11286636095342945,0.6001680953889292,0.016505840997939426,80,2,0.06973015786272031,0.7775933429861582,0.2419588972971999,0.0738648035442385,0.8730136003772611,0.8784579780726525,0.03532615712980852,0.0461353459278248,portsweep
37,tcp,telnet,REJ,6648,37,0,1,0,5,4,0,4,0,0,3,0,0,2,0,0,0,413,255,0.662498926708551,0.7089196247938678,0.7573127902096565,0.6486668444299609,0.05804468655799035,0.7412749285717197,0.003573295240225416,250,11,0.19661651973776872,0.6328572408767651,0.14592239460953718,0.025667773186535483,0.8929411313403619,0.6436556657775468,0.030188760156848057,0.02855639914080705,neptune
1,udp,smtp,SF,1773,1989,0,0,0,0,0,0,0,0,0,0,0,0,0,0,0,0,15,10,0.04116443168877235,0.06501628918779663,0.012390034578331023,0.02538831613687479,0.9080161136576689,0.14361995705338568,0.08251534623405354,63,174,0.9039356939860553,0.011323776775052941,0.7950961278816125,0.07946019249856046,0.010972157434664577,0.005322471309737059,0.04142529149706697,0.01785495820667767,normal
2,tcp,http,SF,1804,2341,0,0,0,0,0,0,0,0,0,0,0,0,0,0,0,0,2,18,0.018786072533752196,0.08920395160337484,0.057501504156850375,0.06588400694456474,0.9245701898861096,0.16504271272986085,0.01775465522783275,66,219,0.9756363928200398,0.1312274826882622,0.7069252537200107,0.07531683854134263,0.04464854495498261,0.04361405834977396,0.03077991842239059,0.008768103963807339,normal
3,udp,http,SF,1832,4249,0,1,0,0,0,0,0,0,0,0,0,0,0,0,0,0,2,25,0.09997148510628928,0.05627030530435029,0.0201639925454161,0.015622436972411481,0.9318194010048748,0.0028928229203945667,0.0012925955228850206,150,237,0.7181222730386897,0.19417211237752632,0.8765535622970744,0.0825790239182022,0.007687173526520936,0.0440472951092897,0.006193308208250631,0.04718914839101716,normal
97,icmp,private,REJ,22358,191,0,0,0,6,1,0,2,0,0,2,0,0,0,0,0,0,389,363,0.9095126959368696,0.697066229327507,0.9667765202675558,0.8246651280106682,0.16793365575447708,0.5555114649524485,0.05701374491400635,245,27,0.2903286175995366,0.5561121861335349,0.2362374700913093,0.08601575580695753,0.8119302201849175,0.5655879440112861,0.01096978676845571,0.0021475588875983333,portsweep
461,icmp,private,S0,48048,197,0,0,0,3,1,0,2,0,0,1,0,0,0,0,0,0,364,315,0.9853752759632096,0.7416412572960459,0.8865195315878451,0.8453214935606872,0.2668566594640379,0.8631958863454368,0.04631123331442202,114,4,0.1858053695134015,0.5497411183649124,0.2809648096126828,0.09163268945162627,0.630726174430466,0.8814587759379753,0.039997091339127294,0.01312227049992154,satan
3,udp,smtp,SF,1983,4507,0,0,0,0,0,1,0,0,0,0,0,0,0,0,0,0,26,16,0.07840609076407072,0.013181207041883547,0.004342006023435397,0.06848318727009735,0.951389769758413,0.11353294128279662,0.07861504387832446,214,72,0.940218567791621,0.14385737247429084,0.840647182395676,0.09937107843347392,0.04588019683938894,0.04619524618288554,0.0024864376698858883,0.043995617629698315,normal
1,tcp,http,SF,1536,627,0,0,0,1,0,0,0,0,0,0,0,0,0,0,0,0,1,22,0.075172632477355,0.006095833389785599,0.04383365962375816,0.053253012918493325,0.9375630855592576,0.0017760386532897688,0.06039759467582875,196,252,0.842255601870088,0.03495474534500969,0.9642973150474207,0.012746045017281172,0.04540039021572659,0.024673976650957115,0.02344790701339581,0.0222936185720577,normal
1,udp,finger,SF,647,554,0,1,0,0,0,1,0,0,0,0,0,0,0,0,0,0,29,6,0.030205125941585188,0.06790100281695198,0.011812622661452355,0.040250712589441844,0.9088218229443373,0.11728039110758659,0.005733740342171556,62,137,0.7690782146843816,0.18664775117693116,0.8730708899545276,0.0013292677345635995,0.0376893204682736,0.043550330174851215,0.030614246847711177,0.04495464540769079,normal
19,tcp,eco_i,RSTO,42826,204,0,0,0,6,3,0,2,0,0,2,0,0,2,0,0,0,331,326,0.9252277837806812,0.8333956193129523,0.6142386488964255,0.9160084986039742,0.03424311229903798,0.8248380486435778,0.09825525014323322,79,9,0.18891142926422955,0.6079870105125693,0.13910302894724735,0.021188459356537848,0.8946086551570326,0.6303118482141477,0.031776065528902775,0.024448888004655434,portsweep
0,tcp,http,SF,1789,652,0,0,0,1,0,1,0,0,0,0,0,0,0,0,0,0,12,21,0.07588642402592864,0.033282486231509915,0.06929752101992367,0.028505297296141752,0.8130195509521053,0.0274792898630553,0.009748634939465463,196,210,0.7711946808416138,0.1714926671361653,0.9356293138004934,0.009651447071202402,0.028710268604306123,0.020736138096879277,0.0001414968358293245,0.03377051213326281,normal
384,tcp,eco_i,S0,44542,58,0,1,0,6,1,0,3,0,0,1,0,0,2,0,0,0,278,207,0.9622799800557748,0.8643524921506927,0.9833379617962734,0.9074575291723397,0.16648162854603787,0.5398681966347347,0.04704645001246717,206,39,0.011459490682206164,0.9334260002791648,0.16345860586123392,0.02660190068338504,0.6573316401195265,0.8600409219030873,0.03993522171858215,0.041129584174284084,portsweep
338,icmp,telnet,REJ,42311,269,0,1,0,2,1,0,3,0,0,1,0,0,1,0,0,0,251,507,0.8690952969449917,0.6463694787896949,0.7363599139642123,0.6167656891046813,0.05491086924988898,0.6346429532641218,0.02804591499537469,122,27,0.298550035616231,0.4382220121570875,0.18216271649900936,0.06292819482634693,0.9474383265916211,0.7110654933962824,0.04958020094592956,0.02566412315384527,neptune
321,icmp,private,S0,31424,43,0,1,0,5,4,0,4,0,0,2,0,0,1,0,0,0,505,379,0.6475566361106445,0.7826491647003742,0.9925088169114697,0.7753751492730566,0.22731216144838395,0.7080933261091616,0.08003982533783872,156,13,0.041838774777729744,0.9029031093811741,0.07563706413405814,0.06375925778173994,0.9647415711929135,0.7087754638413224,0.03643033071709671,0.013015539938976556,satan
1,udp,http,SF,228,4948,0,0,0,0,0,1,0,0,0,0,0,0,0,0,0,0,18,26,0.09626938521724977,0.04975596573165595,0.03113874366700449,0.0038416935769044593,0.9335594474689566,0.14126977814696887,0.08594973550806875,121,86,0.7937215514523652,0.15075699286643837,0.8282449191754344,0.056356943036124034,0.004330917727063066,0.0027588922283862008,0.021546638392169144,0.0073003487409754935,normal
2,tcp,smtp,SF,767,798,0,1,0,0,0,1,0,0,0,0,0,0,0,0,0,0,26,9,0.056983988823200854,0.02840661922031963,0.06761505256665161,0.010707057283161615,0.8153975545066018,0.1260509328318271,0.08687058042538201,103,151,0.8250187734349042,0.16002577452824063,0.6950661843322562,0.07459659347095227,0.006825212101209555,0.025862108508453704,0.047469519759605824,0.04071091655557913,normal
2,tcp,smtp,SF,460,4493,0,1,0,0,0,0,0,0,0,0,0,0,0,0,0,0,24,7,0.0716433175755905,0.04657513817150738,0.036750834505331474,0.010562122151087594,0.9929354995878121,0.08205579768283683,0.02788802244577302,173,217,0.7215475613715973,0.14830786095248213,0.6369959442865689,0.03856414117851357,0.0418804738231454,0.0236460568598639,0.0410745513301186,0.04933416181495655,normal
13,tcp,private,S0,34070,74,0,0,0,4,2,0,2,0,0,1,0,0,2,0,0,0,454,493,0.8366163537454847,0.6740518108148644,0.9552069737937525,0.8697599011975625,0.0013642348607198816,0.5353032794485779,0.0799915060187906,186,18,0.25718425573611264,0.9791269787544389,0.014486690226168563,0.07203128538169913,0.7590092030860374,0.9597578073681642,0.02706925505990564,0.0008476902486102667,smurf
94,tcp,telnet,REJ,25587,170,0,0,0,5,2,0,1,0,0,3,0,0,1,0,0,0,397,445,0.7394629040416526,0.7368535925089678,0.7135263811344787,0.9061959733813352,0.2388863622978466,0.6731678920455539,0.07129148600631223,144,28,0.047405618625817776,0.520872844765858,0.1277049700142724,0.02116828519576465,0.6629343313095855,0.7030818222570316,0.007085314922113179,0.04687240908115067,neptune
2,tcp,http,SF,466,4167,0,0,0,1,0,0,0,0,0,0,0,0,0,0,0,0,20,8,0.07658406855966914,0.019189427212540744,0.04939211061575147,0.02585379667909018,0.8383543941331556,0.09334225118129542,0.07941545181142005,164,175,0.8822911607745972,0.18039299400969439,0.6868575058729054,0.03710479871776399,0.011636654770112538,0.01833839755037201,0.039980159182937305,0.03897762588841318,normal
91,icmp,telnet,S0,34766,117,0,1,0,4,4,0,3,0,0,1,0,0,1,0,0,0,481,350,0.6629642142056099,0.6975986367420632,0.9237239591413751,0.6496343988231231,0.2963968974770404,0.5205538305831631,0.04999857492141657,113,3,0.0010710362920774651,0.45920507669727545,0.29437058122555354,0.03420851879676563,0.6000020111456008,0.6789812238885448,0.009140539430053852,0.033927804263075775,portsweep
446,icmp,private,RSTO,40668,167,0,0,0,6,2,0,1,0,0,3,0,0,1,0,0,0,273,422,0.6005675117347381,0.7657844395886022,0.7584661668574647,0.6514705360831385,0.1893232260054242,0.6674350515803625,0.05874184757689008,241,13,0.12021230335771108,0.40692362481395267,0.16987670214383585,0.05833632955063035,0.6619023478689283,0.5073308881016945,0.027055022978662302,0.0273663046806807,portsweep
2,tcp,finger,SF,189,2862,0,1,0,0,0,1,0,0,0,0,0,0,0,0,0,0,9,19,0.03311782449621325,0.002754762129145616,0.06282310077771303,0.08554336896370038,0.9209649116152319,0.07871909109868583,0.08634911337624349,237,180,0.7426126644753931,0.006608460470137457,0.7076487303119476,0.006502900065367068,0.02843779096616847,0.020778513977966512,0.042356162954564604,0.0036010381768291967,normal
377,tcp,telnet,S0,28840,246,0,1,0,3,1,0,3,0,0,2,0,0,1,0,0,0,302,199,0.9836445709731871,0.8089570709053208,0.7602826551049374,0.9163324689293187,0.2653225582382259,0.5783420844643261,0.03818530146685556,86,16,0.06031400879170211,0.7807126234551139,0.005439821749514795,0.037350789738398595,0.588389745089078,0.8518780634156917,0.005557527198844548,0.02705638121038947,satan
4,icmp,finger,SF,206,3833,0,1,0,0,0,0,0,0,0,0,0,0,0,0,0,0,26,19,0.04879761648826472,0.06867241995580513,0.04435698001641636,0.0968046425182061,0.8017647851608973,0.14426792487725199,0.014487789888007963,198,199,0.7248623089768961,0.09400947656860939,0.7111749347194035,0.09080662133885029,0.013538403587812648,0.04241052641074479,0.04955467244811903,0.029172881891732422,normal
3,tcp,http,SF,1202,2607,0,0,0,1,0,0,0,0,0,0,0,0,0,0,0,0,22,20,0.08957308382651484,0.08792258568135658,0.012294465640212127,0.079741226959697,0.8858888171043411,0.12321078857570833,0.0857437201649995,166,209,0.855540613834427,0.12637153468180234,0.6453280500409444,0.09039336089485728,0.04559979958771253,0.043186838650998684,0.025966263592610728,0.02315404494071179,normal
3,tcp,smtp,SF,615,3246,0,0,0,0,0,1,0,0,0,0,0,0,0,0,0,0,16,20,0.05480596098426327,0.027360651846548414,0.02705195967102011,0.02612563516107882,0.9324384978256152,0.1372131259292539,0.06517344750032,180,161,0.7570625902132753,0.043007816578646586,0.6817425209036154,0.0185596749075592,0.04439442978434966,0.004809370381877571,0.030561407498009924,0.039765208444416,normal
3,tcp,finger,SF,1348,3825,0,1,0,0,0,0,0,0,0,0,0,0,0,0,0,0,16,29,0.05773390030761493,0.015168561711649143,0.039493354312853626,0.07805133395762727,0.8844965853657569,0.15218611043940525,0.011821126784453007,50,206,0.7403325913089038,0.18086214064376815,0.6652538876376602,0.07359242892362618,0.03440339076157892,0.012711047723258918,0.003574792449223413,0.009879291580708128,normal
0,tcp,finger,SF,1689,1374,0,1,0,1,0,1,0,0,0,0,0,0,0,0,0,0,11,11,0.06767386294894133,0.05790439538535498,0.09934656902803699,0.014658739102076102,0.8520026559305793,0.011889596421203907,0.017501697539437224,150,99,0.765712887950315,0.028768414110069543,0.8908495504553555,0.06586700895955981,0.0037409905676967616,0.005050248545879182,0.017403559745663776,0.0006868444559355703,normal
440,icmp,eco_i,S0,24602,133,0,0,0,2,3,0,4,0,0,3,0,0,1,0,0,0,344,416,0.6448958045386578,0.72049291752622,0.635719187219316,0.7735003666025664,0.23702844233467893,0.581486213253062,0.07097884170243027,240,27,0.07334060098345002,0.466990676249551,0.006100868655961489,0.01810723339287017,0.8631892708188491,0.9913319049263207,0.0384387902794323,0.043292538052011276,portsweep
1,tcp,http,SF,1411,759,0,0,0,0,0,1,0,0,0,0,0,0,0,0,0,0,11,27,0.012916419610239782,0.08397876238561816,0.0708218980408764,0.003171715281088772,0.9528272799084041,0.09281320598038167,0.09031456854703575,187,103,0.796373427449559,0.13080946321067907,0.8383685337913254,0.00039835143588321523,0.010691212225399843,0.0035004960983245795,0.020230283701302094,0.007925954760357484,normal
447,icmp,eco_i,REJ,22108,281,0,1,0,4,1,0,1,0,0,3,0,0,0,0,0,0,230,415,0.9531838706592963,0.9560668131378032,0.6834527716442818,0.9029511449648202,0.17597951393856537,0.9062897945753143,0.08955606112616595,218,33,0.06025339226684778,0.5200804309515908,0.060329962612631745,0.056469261155464856,0.8421071348162767,0.8041418906006357,0.014960991022416754,0.007580991123336784,neptune
28,tcp,private,S0,28051,245,0,0,0,7,1,0,3,0,0,3,0,0,0,0,0,0,359,234,0.7532977121382323,0.9902964514811741,0.6758499704453601,0.7564571440659771,0.03334742224777615,0.8844767485661797,0.061541059594382386,88,35,0.12346864249936015,0.6771251963091829,0.28811076939415264,0.06524798309067455,0.9274069392807023,0.6156641944381396,0.02160901183737403,0.03660807471373053,neptune
486,tcp,eco_i,REJ,34215,258,0,0,0,2,2,0,4,0,0,3,0,0,1,0,0,0,436,313,0.689736483852405,0.6259007002800351,0.9976225751197358,0.7579501239531401,0.05834448561354763,0.7063256263977893,0.03371380617380955,84,9,0.2850426526227672,0.7765519513761161,0.1716963784646745,0.08395827142767545,0.8690642834441501,0.6211157121331699,0.02549988696397515,0.005176979685204925,neptune
432,icmp,private,S0,45217,194,0,1,0,2,4,0,3,0,0,1,0,0,2,0,0,0,467,435,0.609822399550317,0.7270177149585302,0.7931496347194762,0.9605448032440602,0.2719395753762315,0.6893144419301127,0.056684271123444346,103,39,0.2138940401143323,0.4711459455566091,0.010923941203060271,0.06708549752865717,0.9465131692906273,0.6019002488059697,0.02780303766530924,0.03192149896656232,neptune
386,tcp,eco_i,REJ,24778,133,0,0,0,3,4,0,2,0,0,1,0,0,0,0,0,0,360,393,0.6701238836839647,0.9449019331828523,0.75095706360482,0.8088100234360235,0.25306407082911947,0.8092562389100033,0.003549254083069553,218,33,0.21320579963715705,0.4046353582694586,0.11700681724599545,0.06664987634099871,0.5797533225201745,0.5667245417566964,0.046402145663583985,0.011785603724077071,portsweep
1,tcp,smtp,SF,545,1114,0,1,0,1,0,0,0,0,0,0,0,0,0,0,0,0,6,29,0.017446214376057458,0.06709392749216152,0.08207357864249805,0.021154322698383278,0.8420986179543412,0.012838296406724315,0.07131227981836126,65,229,0.8971916854983863,0.025354681259241608,0.5799335228496001,0.026034870317382875,0.024993754860150697,0.021222764915984578,0.00382632048510308,0.012935408298767893,normal
4,icmp,finger,SF,156,4963,0,0,0,0,0,0,0,0,0,0,0,0,0,0,0,0,24,26,0.021671231241323197,0.07467248762917983,0.02118344614585114,0.01654596363951163,0.8724347351658681,0.08513040811951984,0.06459985705779654,190,120,0.9787464475453604,0.1988231189267339,0.795860262542978,0.0034372800426342946,0.018251397911923456,0.012576457529994601,0.007305434175404435,0.04798998560018221,normal
447,icmp,telnet,REJ,42632,125,0,1,0,3,1,0,4,0,0,3,0,0,0,0,0,0,239,296,0.6555317015539063,0.6032891894442203,0.9890162971557586,0.708803296549655,0.16560337786387344,0.6720014411536839,0.048070907301835754,102,20,0.26609642669989886,0.705342090931131,0.08674903157825208,0.02308117999756011,0.66319861217383,0.8250220072460426,0.00510228848205363,0.01639680486402045,guess_passwd
1,tcp,smtp,SF,1460,2916,0,1,0,0,0,0,0,0,0,0,0,0,0,0,0,0,7,24,0.018894575046218876,0.026345562685602255,0.08018250365493812,0.05769744870776986,0.8625270708389549,0.11746143573528736,0.03458710232355353,165,222,0.8600476524341183,0.16014854889759497,0.9333020521400354,0.009951491836874361,0.0050344389923106915,0.025037829679590493,0.04120926669985783,0.006619871042550924,normal
259,icmp,private,S0,34985,262,0,1,0,3,1,0,3,0,0,1,0,0,0,0,0,0,383,459,0.977536204184259,0.9191719246804079,0.802837447685492,0.6444317330682424,0.19228795651716016,0.8117835513512908,0.05228002994620783,203,16,0.13056564308183774,0.5020556714831017,0.29729092150622066,0.010952919804656092,0.7677214661647451,0.6094480510553338,0.011332215589798312,0.004965754424952663,guess_passwd
134,tcp,private,S0,24508,31,0,0,0,3,2,0,4,0,0,2,0,0,1,0,0,0,488,215,0.6001171687299651,0.74830409481748,0.8502420804518758,0.6901820677166381,0.05095610321418842,0.7012935502662536,0.08542595613618366,74,36,0.2558531847237353,0.46898089688052985,0.004376372322275501,0.0633827118027082,0.7064014646417491,0.7516448399302103,0.008864559801338346,0.0320894342909746,portsweep
4,tcp,smtp,SF,175,3264,0,1,0,1,0,1,0,0,0,0,0,0,0,0,0,0,28,8,0.037044959119794794,0.0826245621199462,0.0249522646972439,0.06908867964312852,0.9020574538352725,0.03900664310761033,0.020131318503879392,153,222,0.8539720747048988,0.06192257394158521,0.6440206726947582,0.09364122822615516,0.021107372603786242,0.02655738171455621,0.04404869625108848,0.03327035582397835,normal
157,tcp,telnet,REJ,45843,46,0,1,0,2,4,0,4,0,0,3,0,0,2,0,0,0,465,486,0.8319995198355871,0.8687888524683326,0.654633273786701,0.8973338759777038,0.08301609583422927,0.7736948555751095,0.08182072220702992,164,2,0.12795803254344826,0.7364278997584836,0.14969566486409044,0.09675096240061011,0.6003266477975955,0.9843445451099819,0.011204952627732623,0.025843719785183364,guess_passwd
113,icmp,telnet,RSTO,38339,178,0,0,0,4,4,0,4,0,0,3,0,0,1,0,0,0,228,277,0.8825431645182038,0.741505946490055,0.9343743885946316,0.9131953803842872,0.0015543006326573239,0.6276110369720972,0.003327337784848994,246,35,0.19562072064572503,0.5710513019803011,0.19607305915472822,0.09469406698149568,0.9724234529027612,0.8460720410562357,0.010759427705640501,0.04953060062470904,neptune
4,tcp,http,SF,1076,3168,0,0,0,1,0,1,0,0,0,0,0,0,0,0,0,0,14,27,0.015554579993726792,0.06109490331219362,0.027082543444689956,0.03686231538668159,0.8344342215539243,0.13181833459419695,0.07061186703805321,151,172,0.9547853224363128,0.02317640056260735,0.674007750561864,0.03155318170618111,0.03538966488474309,0.008811940449851225,0.007633312014769239,0.036221621765129434,normal
275,icmp,private,S0,43715,143,0,0,0,3,2,0,2,0,0,1,0,0,2,0,0,0,334,324,0.6411635988046789,0.7788154561721036,0.6665598803830937,0.7122731658259016,0.2850101187155328,0.6494077050169449,0.08231498645152371,71,9,0.20256239485303046,0.9654241135192367,0.045382905001314096,0.06802949954461417,0.7322353560402134,0.7755409692436606,0.009010892647519836,0.04138190208743581,guess_passwd
495,icmp,private,S0,33995,102,0,1,0,3,4,0,4,0,0,3,0,0,0,0,0,0,207,412,0.6893803367880842,0.8320892512523003,0.6084408329619243,0.6523136702756269,0.03684318511965,0.6572032474620618,0.006709851293443814,207,3,0.17220211951217962,0.9199348529350407,0.2403481276464439,0.009596148463910527,0.7316214136853401,0.7480233721298619,0.03194007002997704,0.01390318752802105,neptune
2,udp,http,SF,978,4022,0,0,0,1,0,0,0,0,0,0,0,0,0,0,0,0,8,7,0.06014675351744795,0.08262629151275427,0.04119259266418782,0.016944060054504852,0.916474030363611,0.018066336605618516,0.0010170961995725092,211,149,0.7497488406548868,0.07029448378977703,0.7785475200636587,0.04034494771382316,0.04292929478134194,0.02198750394831872,0.04780367814055197,0.020947651879345053,normal
3,tcp,smtp,SF,1828,2734,0,1,0,1,0,0,0,0,0,0,0,0,0,0,0,0,19,12,0.03938347561850223,0.004810852801666799,0.09762442903406693,0.07113762037524828,0.9412261509460631,0.10741547113336017,0.023972203122544423,71,169,0.8132163916348334,0.18240825576717334,0.8754153999889256,0.029847847580003497,0.034793323876209536,0.015861445154805264,0.030770199345178124,0.008630648351769788,normal
3,tcp,smtp,SF,665,3370,0,0,0,0,0,1,0,0,0,0,0,0,0,0,0,0,18,4,0.060841674654392996,0.06927415002668795,0.04510673914544586,0.08800559990080575,0.9336922235409424,0.027665067774351782,0.044790223125776796,139,205,0.8224418698584419,0.10799172652010108,0.6505901044246212,0.07786204363552088,0.0029280238122599725,0.028296128811826776,0.004296610104783444,0.014728255951508002,normal
3,tcp,http,SF,1145,1261,0,0,0,1,0,0,0,0,0,0,0,0,0,0,0,0,8,17,0.012829142437711006,0.01134315113659995,0.0027139958884180304,0.03931766874041964,0.8463483728183396,0.16515394598151187,0.011071985818657572,139,61,0.707324645904408,0.04452130489545408,0.5347677337547471,0.0992395368919082,0.0398576700484852,0.015752909452758434,0.031327342883395386,0.021587935597030723,normal
4,tcp,finger,SF,1124,2455,0,1,0,1,0,1,0,0,0,0,0,0,0,0,0,0,25,25,0.01548644114288359,0.0010137569140699632,0.09098694905624993,0.005936288025892356,0.9655019019614052,0.17794619757097002,0.0736669669398287,249,96,0.8631182384072806,0.17873407624433044,0.7139746574458641,0.07505727606724844,0.010125300154321122,0.040734306647002325,0.019290627791209942,0.016002364688622074,normal
118,tcp,telnet,RSTO,43342,188,0,0,0,3,3,0,2,0,0,2,0,0,2,0,0,0,378,155,0.8702813398967436,0.823995279874487,0.8368859156802771,0.6227349378295487,0.1552865214582136,0.941385854423139,0.07912853309833373,185,21,0.14779400640965815,0.812786161619192,0.29638991003029824,0.018584511955630278,0.8774100961671771,0.614881957286737,0.030049688601848274,0.020923848873134643,smurf
1,tcp,smtp,SF,683,2085,0,0,0,0,0,1,0,0,0,0,0,0,0,0,0,0,16,22,0.015074416627609355,0.06907048130213005,0.024668185743166194,0.026709127663741297,0.8821242317568632,0.171013986050799,0.0953936399862368,253,207,0.7984966328109149,0.1250990667378122,0.7762183416834096,0.05238145560935734,0.041404992371239964,0.03898051971493208,0.025431258702557902,0.014252560023747819,normal
56,tcp,telnet,S0,19280,263,0,1,0,2,3,0,2,0,0,1,0,0,1,0,0,0,294,510,0.8179903841180169,0.6275848382377741,0.8164018612532417,0.6050518483978861,0.2622412893387461,0.6136657264258611,0.05078041414000879,166,1,0.2688895914631429,0.6436506455298459,0.18451000669718393,0.08809983202038757,0.6145014026892874,0.7424250427017225,0.03673943981911731,0.010570739189517276,neptune
2,tcp,http,SF,1981,1331,0,0,0,1,0,0,0,0,0,0,0,0,0,0,0,0,10,22,0.04809081121814806,0.02275488688194881,0.07589852272222355,0.07239723011299663,0.9311764103725801,0.07587718418655252,0.06695392826112699,104,57,0.9886357449074756,0.03628875716611964,0.6881113699860386,0.0026213532467259993,0.037720160748446085,0.04612971991556567,0.04632328263609027,0.010894265408858262,normal
2,udp,smtp,SF,1003,594,0,0,0,0,0,1,0,0,0,0,0,0,0,0,0,0,9,11,0.0249557182026556,0.02212912896806518,0.09797735350457194,0.009262780874197364,0.8731366406774009,0.15137105536299486,0.028475027483379035,96,169,0.716488116442561,0.035229532956092234,0.7215865176111929,0.039524510314432285,0.015071274250495037,0.037543185071914426,0.036979016253287,0.04666144272308871,normal
472,tcp,eco_i,S0,12054,199,0,1,0,6,4,0,2,0,0,1,0,0,2,0,0,0,220,232,0.6943150293092546,0.7764046264014384,0.7141676644940577,0.6829845186112424,0.032570092557641095,0.8079969843950545,0.08468772633847105,226,25,0.15165598990968124,0.9206818617311127,0.00634402136519917,0.09696803201360721,0.9148080625409427,0.994715437349379,0.037091856190475544,0.020374004857177854,guess_passwd
215,tcp,private,REJ,27166,10,0,1,0,6,4,0,3,0,0,2,0,0,1,0,0,0,296,241,0.8908903988834156,0.6836528968729308,0.9292494074541989,0.7539156349964786,0.196015282015596,0.7299245515338295,0.03918709059063798,74,4,0.25804501234621435,0.9596711712210351,0.26341099854183625,0.010522572507436235,0.6068389115672883,0.5753751488035337,0.00147409094225891,0.0193143973845101,satan
51,tcp,private,REJ,38172,210,0,0,0,7,1,0,1,0,0,2,0,0,1,0,0,0,424,340,0.9017740339741559,0.9327491562523609,0.8777162549228128,0.6524086554925347,0.2817279728651893,0.8897033412636939,0.050274424940444144,198,24,0.29078395375934174,0.6911155799873137,0.09219756705466588,0.0865179790449541,0.9208769599268193,0.7530919016707568,0.03773835011570665,0.0037910669859989813,satan
2,tcp,http,SF,1271,1846,0,0,0,1,0,0,0,0,0,0,0,0,0,0,0,0,16,19,0.02041886396420042,0.02625392156489971,0.05634694960624814,0.06732200270834178,0.9597222492284604,0.12162201436131768,0.027277358179227874,69,210,0.7715389596598697,0.03478751976471466,0.6615247711716074,0.03234444059720648,0.03491311466496671,0.04097125749052369,0.02885254399353332,0.013515458943571446,normal
195,tcp,telnet,S0,33567,85,0,1,0,3,4,0,3,0,0,3,0,0,0,0,0,0,501,253,0.8261770480725147,0.9172468874929292,0.9150877259330235,0.8703246708695429,0.2487634940539152,0.6968445604876019,0.05118665808037362,118,13,0.10971552232739668,0.986288759498221,0.1183949219231944,0.017597446074966827,0.6039688035000967,0.6212973517779172,0.019067358569050744,0.027731669870704204,portsweep
2,tcp,finger,SF,1739,1215,0,0,0,1,0,0,0,0,0,0,0,0,0,0,0,0,29,21,0.03638467810254831,0.08459490014528787,0.0012336164449205822,0.05887870315604909,0.8487664238752994,0.11204261419694182,0.04840746119371389,114,208,0.8631609369646458,0.09970231302352894,0.9707304275271313,0.07031627732108058,0.04649967155065793,0.04332308107739463,0.009577366951842149,0.0468037743244854,normal
452,tcp,telnet,S0,38660,168,0,1,0,2,4,0,1,0,0,3,0,0,1,0,0,0,207,376,0.7391457723241613,0.6966818549590071,0.8832296414780625,0.980842380417679,0.14174527259615383,0.5155928752483059,0.049073357458287226,134,5,0.007015048623054143,0.5374299335711157,0.07831005279580096,0.08403634727301446,0.5734452082329929,0.7169800912617728,0.023148227309357762,0.0368484500588427,smurf
1,tcp,http,SF,1475,3004,0,0,0,1,0,1,0,0,0,0,0,0,0,0,0,0,20,7,0.09219213207742898,0.05236271695446845,0.04381782907522135,0.03113873122077118,0.9878726629745506,0.1897688465002855,0.06532243049752427,193,214,0.7665536094245993,0.09723918251716412,0.6751883169238899,0.017501954908724218,0.021846906509758936,0.004860825524608515,0.02824769652813195,0.004113738313541166,normal
232,icmp,eco_i,RSTO,15672,147,0,1,0,7,2,0,2,0,0,2,0,0,1,0,0,0,243,306,0.6616904697374459,0.600597184331338,0.722662201245707,0.682649099697036,0.002835615901735966,0.7149282224415092,0.020040753637535283,252,14,0.2172708128441077,0.5021033595009685,0.026634806526897824,0.08140262380529627,0.5784716639837373,0.7129669831620913,0.03837578543367006,0.034855171193080924,neptune
0,udp,smtp,SF,1906,2775,0,0,0,1,0,1,0,0,0,0,0,0,0,0,0,0,15,23,0.03259910454156247,0.05975752609336399,0.07966573190059219,0.09878707217447237,0.9901623686515366,0.09396136356387785,0.016919726588028094,131,153,0.9418152615560796,0.07940966011261635,0.5082258516022581,0.009525712302871981,0.024243219175209982,0.04629012310149589,0.0334389802782183,0.0002792760488508739,normal
4,tcp,http,SF,1705,1061,0,0,0,0,0,1,0,0,0,0,0,0,0,0,0,0,28,7,0.07791037387343669,0.024690923812746526,0.0957040453732577,0.00025786104865862527,0.8771705524688264,0.13908829104206566,0.08659977735019764,143,155,0.7755101833806856,0.1039426773868847,0.9245258809604764,0.02150142191652197,0.03206692372165814,0.02821929691395866,0.030720711119009453,0.0200136415786498,normal
499,tcp,telnet,S0,41707,145,0,0,0,2,1,0,3,0,0,1,0,0,1,0,0,0,464,397,0.9355515578822049,0.8275088822828631,0.779479384927234,0.6591514281823788,0.19679263691761675,0.7960926060651274,0.05185178307956108,85,26,0.10210557823837409,0.8214139541459677,0.21810511327343132,0.08596788238240854,0.6017456674986762,0.6470268447792615,0.019705905400806457,0.005218090458210795,portsweep
3,icmp,finger,SF,1622,1466,0,0,0,1,0,0,0,0,0,0,0,0,0,0,0,0,27,6,0.020378097094672955,0.013960278578624908,0.09535010148281707,0.05999988085596922,0.8101497141649973,0.19402315715651144,0.0036140336891073766,224,228,0.9900875736944261,0.12183081635561886,0.8088629122056099,0.06218507912838264,0.043124809570806916,0.010984128388088833,0.04712822186401458,0.035250725032243836,normal
467,tcp,telnet,S0,41725,175,0,1,0,7,2,0,2,0,0,2,0,0,1,0,0,0,497,400,0.8700736202893656,0.6825735231186104,0.7415586716383014,0.7996595971479169,0.1824171747607339,0.8503274001605092,0.06861332201197588,253,31,0.23054333546029532,0.5594030118666304,0.07968599223099758,0.08730438550450813,0.8742626453202371,0.7562090925678063,0.04913178196631823,0.032165855767015535,satan
1,udp,smtp,SF,1870,4906,0,0,0,0,0,0,0,0,0,0,0,0,0,0,0,0,25,17,0.06416456789116327,0.09733319096993784,0.09555278684226208,0.026131011545636296,0.8392260039285568,0.13943831427482062,0.009045840993687127,185,103,0.8486694396232529,0.03079178248183996,0.6926512744016634,0.08944534020181291,0.04909194180579344,0.0470718424048412,0.001462522003107214,0.02322675561545918,normal
0,tcp,finger,SF,1631,657,0,0,0,1,0,0,0,0,0,0,0,0,0,0,0,0,9,9,0.02138181547922309,0.017640227485441497,0.058301426622124224,0.09572191492093396,0.9397028735735642,0.13808283433542434,0.036088994215583606,73,192,0.7668528341924538,0.00777814919972868,0.6368552212114336,0.07426451477213934,0.029242875648687595,0.024477353396977486,0.031242910537132792,0.015054881472906923,normal
1,udp,http,SF,1426,2428,0,0,0,1,0,1,0,0,0,0,0,0,0,0,0,0,1,18,0.02208788348495402,0.05804068361804202,0.07931983742071566,0.03392945886933137,0.9168158584490824,0.13695618368846907,0.05650325374085529,93,162,0.7897563557155611,0.11658894589017428,0.6117358005144834,0.09639168783200247,0.019425751949521175,0.014290539897925081,0.04114482652033759,0.004562972241357643,normal
366,tcp,telnet,REJ,20158,23,0,1,0,6,1,0,1,0,0,1,0,0,0,0,0,0,212,319,0.7141650251954499,0.7154319742418382,0.8698378355115428,0.7581759335387797,0.05423693444320601,0.7227302209915231,0.032738953828392495,172,33,0.23402130655683215,0.7712556723772421,0.19135086751490296,0.08222188327381955,0.6842091217999209,0.8905522887053405,0.02063771404928119,0.023396409274609634,neptune
0,udp,finger,SF,1893,3911,0,0,0,1,0,1,0,0,0,0,0,0,0,0,0,0,26,12,0.03578100324153564,0.009576185185983422,0.04007200075476652,0.05544596999906633,0.8425409610928916,0.004912278982026508,0.08495527822581829,146,233,0.7318746728240312,0.17723203431155815,0.6355580499950191,0.05225058735127171,0.00320068019026743,0.015894885752749593,0.0013788980320398215,0.04906032345496989,normal
63,icmp,private,REJ,15160,143,0,0,0,3,3,0,2,0,0,3,0,0,1,0,0,0,458,200,0.8019349482075859,0.9673329472797064,0.6496560946389848,0.6300681412800601,0.21154665181725077,0.8374693126496722,0.04859355695802471,100,25,0.04726104878681585,0.5836252181724033,0.16639915618917248,0.011661655552394524,0.8728177336623012,0.9724614951908607,0.004442272243579276,0.049753331209254514,smurf
2,udp,smtp,SF,737,3143,0,0,0,0,0,1,0,0,0,0,0,0,0,0,0,0,15,5,0.008796374852438628,0.0027314117071251644,0.09892352490177422,0.025477143268939663,0.9041121748378552,0.18029407995843205,0.0800955242218799,54,222,0.7438913083409444,0.08465642173315442,0.880397806951116,0.04662413422913765,0.022306415595145835,0.02013303918043359,0.03787984472243681,0.0138782595976653,normal
374,icmp,private,S0,20934,298,0,0,0,4,2,0,1,0,0,1,0,0,0,0,0,0,422,299,0.8292738214921014,0.6675966513421295,0.8583684622005487,0.9611982472634546,0.07130552979122116,0.8153977449573171,0.09925975075648728,93,23,0.1877967417999279,0.43778875067104744,0.19978710892838428,0.04134704635311011,0.6946431679515206,0.7953704953514746,0.030278849879908584,0.04595928318476903,neptune
1,icmp,eco_i,REJ,6892,94,0,1,0,2,1,0,2,0,0,3,0,0,2,0,0,0,305,215,0.8823867635534615,0.6924130678903949,0.7894375028897376,0.942346296671414,0.24110356211975636,0.8498371472022452,0.07989697640055898,55,3,0.09945218604937019,0.7677574073053256,0.23340209582047197,0.08369869811246505,0.7553174125470894,0.8560636455819008,0.04976227441245751,0.025532782143314704,satan
0,udp,http,SF,484,3185,0,1,0,0,0,0,0,0,0,0,0,0,0,0,0,0,23,22,0.06507989615178819,0.07600687708208906,0.0043971668222945294,0.06031866930726707,0.873342503258242,0.08974827982913641,0.08825237561265296,154,64,0.8681909484125219,0.19108460679037184,0.9086714293160276,0.036850457439042694,0.027036079566163437,0.007653480102210664,0.014928067408713885,0.013937460699574817,normal
265,icmp,private,REJ,10924,212,0,1,0,3,4,0,3,0,0,2,0,0,1,0,0,0,292,360,0.6207047263846966,0.9731366134842723,0.7986024595455881,0.7977079046956833,0.03084370064185775,0.9715087215981766,0.040222036652313255,247,21,0.016568611767048446,0.511280165329022,0.17713292838739217,0.05558671062250697,0.5703417598895903,0.7959028385723206,0.003197258279830967,0.025834690756517367,neptune
41,icmp,telnet,S0,35652,158,0,1,0,7,2,0,3,0,0,2,0,0,1,0,0,0,241,397,0.7506338218074008,0.7640770791190115,0.620769172596108,0.8465537303697079,0.07175866802746313,0.9212104755405844,0.00497035340176224,131,9,0.2806397113097656,0.7018990181120646,0.21339697044120678,0.07695065654298433,0.9360600166734379,0.9132998511134109,0.04707921092894006,0.013770125723147448,neptune
2,tcp,http,SF,476,3320,0,1,0,0,0,1,0,0,0,0,0,0,0,0,0,0,13,9,0.02928468392547087,0.06208637075844157,0.06252147896506657,0.07813045172798515,0.8828827724849764,0.18258556168161502,0.0846196042747775,201,213,0.8570045815407358,0.10365600264039349,0.699125822087338,0.014722221892602416,0.0367458639184506,0.03994529550806106,0.02416885881732013,0.01797667855539678,normal
266,icmp,private,S0,16207,195,0,0,0,7,2,0,4,0,0,2,0,0,2,0,0,0,260,425,0.7799454443776778,0.799803768671214,0.7823039928728858,0.8430853135337901,0.21834763320109687,0.928651031784561,0.030353532043701503,233,3,0.210126324803814,0.7786847197650215,0.06811379860356592,0.053075367118350925,0.6138546745241696,0.5314521606857071,0.0023883660979288016,0.041544971321768674,portsweep
297,tcp,private,S0,6786,114,0,0,0,2,3,0,1,0,0,3,0,0,0,0,0,0,425,485,0.8865225473375886,0.9145669262018424,0.7409128823588486,0.6126544374294074,0.15987707939904142,0.705477595690305,0.02025695833366442,241,35,0.28532534004247706,0.6599650442446978,0.16128551624665924,0.04595616036748834,0.8654204319560208,0.5355865023395773,0.04506424028855317,0.01773578941076251,satan
2,udp,http,SF,380,1246,0,0,0,0,0,0,0,0,0,0,0,0,0,0,0,0,7,17,0.04395873753013388,0.060948888708951904,0.0040733264805496,0.004885990675804908,0.9404755319943944,0.04760627191878926,0.06255383495849516,73,106,0.7359740592541204,0.1342112742253592,0.5232938045341662,0.001605613135518469,0.04163409330465653,0.04011701204012996,0.03980497295208924,0.007051536586692731,normal
297,tcp,eco_i,S0,35623,17,0,1,0,2,2,0,4,0,0,3,0,0,2,0,0,0,217,422,0.6020540034999102,0.7328945960510438,0.6952374608262791,0.911468332509005,0.20796115701908044,0.700410251658873,0.02100265214323628,98,19,0.03321244412237932,0.9783844983447427,0.09909347507800677,0.055857825966186325,0.9773665571267524,0.7182255617471855,0.0031725094477728978,0.015353173551410816,portsweep
71,icmp,telnet,S0,41948,142,0,0,0,7,4,0,4,0,0,3,0,0,0,0,0,0,490,316,0.7450364003193868,0.7232222831346113,0.8007046506462662,0.8280193177206991,0.05757335373068342,0.5434561340261339,0.017345871855279162,196,15,0.2328293701081922,0.9836863102976648,0.2965939304853252,0.02617581044456442,0.8766226694408579,0.5477549213369826,0.0280644976062837,0.0025678538670754095,smurf
464,icmp,telnet,S0,15936,138,0,0,0,6,2,0,2,0,0,2,0,0,1,0,0,0,374,260,0.8221190072803795,0.6949994769004135,0.7905954868159281,0.9200775027219397,0.21881233095244768,0.5952268356440996,0.050035283345112216,189,11,0.23056360065882842,0.9104191297222111,0.19894369031955716,0.00218528869033392,0.9331977662998086,0.8779913769794627,0.04270378208086371,0.0295556439035613,smurf
1,icmp,finger,SF,684,3086,0,0,0,0,0,0,0,0,0,0,0,0,0,0,0,0,16,15,0.0486358423266619,0.09830054990761883,0.07151240234570178,0.06587426904453371,0.938221435913894,0.15739602327288513,0.027372662446234652,233,208,0.9889546893237505,0.019067937181640217,0.5627518495151835,0.0493563681548955,0.04379873690898052,0.04584881372644535,0.038805997624922726,0.010419247864222986,normal
105,icmp,telnet,REJ,18900,261,0,1,0,4,4,0,4,0,0,1,0,0,1,0,0,0,447,266,0.7137711783139015,0.8256602862751522,0.9971441107319838,0.6124587692276638,0.20554996958751034,0.884894215608568,0.03311474635880958,135,3,0.00017745545142057171,0.4141068643843358,0.014771851143939873,0.03411092443975692,0.9709259472616255,0.9725212629708295,0.005426383923279771,0.010294633811208171,guess_passwd
2,tcp,smtp,SF,762,2925,0,0,0,0,0,0,0,0,0,0,0,0,0,0,0,0,6,4,0.0019718944011485775,0.06410643631152027,0.049415882092212676,0.053848460951904,0.8741243240420871,0.07443010205042873,0.012710633043212106,87,244,0.7487590145848237,0.13200869708119997,0.9142713228024384,0.05690345174668368,0.005691748859774199,0.018445920886918273,0.005024439224252908,0.03579731430916014,normal
300,tcp,telnet,RSTO,42273,165,0,0,0,7,4,0,4,0,0,3,0,0,2,0,0,0,317,432,0.9690930394663593,0.6468759726991775,0.8817992899191223,0.8598910644074385,0.12694926338709758,0.8582871081640018,0.05418602633856673,101,15,0.2814504770619053,0.7542187372079006,0.2239434094938255,0.04044056944439454,0.9677392650986807,0.7195654184757518,0.048517095935924154,0.008834970632845341,neptune
0,udp,smtp,SF,529,1399,0,0,0,1,0,0,0,0,0,0,0,0,0,0,0,0,21,19,0.004233945060917599,0.01164806159332099,0.09905979289928608,0.09057282306308553,0.9133047340071426,0.10830211206500105,0.021213397542302018,75,246,0.7543617624515163,0.04760733194629688,0.7057478874960423,0.06574950238201316,0.015107221281188061,0.03186672179885198,0.030103150391649004,0.03539662124512679,normal
3,tcp,finger,SF,1990,3826,0,1,0,1,0,1,0,0,0,0,0,0,0,0,0,0,24,29,0.0168389648645376,0.018314034584978024,0.04419771380854074,0.08790968791913134,0.8270651285230525,0.1388132858414517,0.007687424467380022,68,118,0.8049056396050802,0.05780165581925483,0.7277822158139468,0.09633080631408027,0.013742260781667204,0.017909378637009848,0.035898696061636405,0.02674320227707526,normal
205,icmp,eco_i,REJ,19248,178,0,0,0,3,3,0,4,0,0,3,0,0,1,0,0,0,415,209,0.8987711828906924,0.7984475438034386,0.6556363552961646,0.8657170753956268,0.2210263774930458,0.9937792065762496,0.02464748056633136,61,18,0.29490929770625784,0.65273826092867,0.174841547954356,0.028678100452448774,0.6982415385301457,0.839949436965906,0.033407200711745764,0.03250753853078278,guess_passwd
432,tcp,eco_i,RSTO,29677,270,0,0,0,6,1,0,1,0,0,2,0,0,2,0,0,0,472,203,0.6490952218504685,0.9736296625319802,0.8848739038884408,0.9592342318241331,0.21002665169036422,0.9154206256735407,0.07784514171504942,167,18,0.029188280685142398,0.7116888294963597,0.10366773621472326,0.011229138855035105,0.916607716589426,0.9229579449332501,0.02527107188883948,0.027420683907429456,portsweep
224,tcp,eco_i,REJ,21512,85,0,1,0,2,3,0,3,0,0,3,0,0,2,0,0,0,340,153,0.8874932693311288,0.7212050282317658,0.6436828738634616,0.6455872177893579,0.06743147610353094,0.5173294412358919,0.020308103951965972,143,23,0.19766653230368997,0.6612222047884446,0.03851308634025991,0.08081867607498511,0.6113716072840141,0.5163693448169977,0.03762693890604183,0.02528367097162595,smurf
21,icmp,private,S0,6028,176,0,1,0,5,4,0,4,0,0,2,0,0,0,0,0,0,499,499,0.891490377145265,0.812246668982598,0.6359789192692477,0.8072500727443015,0.013765526705573372,0.7431137196572624,0.0043268153547510796,100,4,0.24434327871486347,0.7927240465191172,0.2807412879663099,0.08850168758955736,0.953726827667019,0.9529637073646904,0.026527573430916624,0.029156493600538597,guess_passwd
392,icmp,private,S0,34382,132,0,1,0,5,4,0,3,0,0,2,0,0,2,0,0,0,286,458,0.9583675283942668,0.8769292509953566,0.7267722423238394,0.9128965763962849,0.2775538424543507,0.856119111207283,0.08955491984223146,170,1,0.15470211812548276,0.5636940603492943,0.09310882650959408,0.04625447173127071,0.6078601639972188,0.811888424615756,0.016038729304530288,0.01983860061576602,satan
397,icmp,private,RSTO,26356,55,0,0,0,4,4,0,1,0,0,2,0,0,0,0,0,0,353,299,0.6007926422295351,0.8652409106115588,0.8600245000868509,0.8666677468475666,0.056072861243960916,0.9188002163468141,0.09354369015368735,198,16,0.25997474303314855,0.6844514291029298,0.12142800303851457,0.05230385863675659,0.5808091118457833,0.9317342121649499,0.0034287119386364473,0.04395155014531805,satan
423,tcp,private,RSTO,27830,251,0,1,0,2,4,0,1,0,0,3,0,0,1,0,0,0,405,241,0.9857604200001795,0.815427941114853,0.630856176352356,0.937707153955631,0.0391426379386543,0.681053555850281,0.043340550093688784,190,6,0.14438216604371557,0.6526098226268874,0.14943350588784893,0.08366710506673199,0.8086611460409183,0.6744845286478591,0.005611030426172792,0.04704282548956221,neptune
